/work/work/shared/s-neomics/data/incoming/organize/	dijnbs089	analysis_launched	1
/work/work/shared/s-neomics/data/incoming/organize/	dijnbs089	found_in_organize	1
/work/work/shared/s-neomics/data/incoming/organize/	dijnbs084,dijnbs085,dijnbs086,dijnbs087,dijnbs088,dijnbs090,dijnbs091,dijnbs093,dijnbs094,dijnbs095,dijnbs096,dijnbs097,dijnbs098,dijnbs099,dijnbs100,dijnbs101,dijnbs102,dijnbs103,dijnbs104,dijnbs105	analysis_launched	1
/work/work/shared/s-neomics/data/incoming/organize/	dijnbs084	found_in_organize	1
/work/work/shared/s-neomics/data/incoming/organize/	dijnbs085	found_in_organize	1
/work/work/shared/s-neomics/data/incoming/organize/	dijnbs086	found_in_organize	8
/work/work/shared/s-neomics/data/incoming/organize/	dijnbs087	found_in_organize	12
/work/work/shared/s-neomics/data/incoming/organize/	dijnbs088	found_in_organize	13
/work/work/shared/s-neomics/data/incoming/organize/	dijnbs090	found_in_organize	14
/work/work/shared/s-neomics/data/incoming/organize/	dijnbs091	found_in_organize	18
/work/work/shared/s-neomics/data/incoming/organize/	dijnbs093	found_in_organize	19
/work/work/shared/s-neomics/data/incoming/organize/	dijnbs094	found_in_organize	19
/work/work/shared/s-neomics/data/incoming/organize/	dijnbs095	found_in_organize	24
/work/work/shared/s-neomics/data/incoming/organize/	dijnbs096	found_in_organize	24
/work/work/shared/s-neomics/data/incoming/organize/	dijnbs097	found_in_organize	25
/work/work/shared/s-neomics/data/incoming/organize/	dijnbs098	found_in_organize	30
/work/work/shared/s-neomics/data/incoming/organize/	dijnbs099	found_in_organize	30
/work/work/shared/s-neomics/data/incoming/organize/	dijnbs100	found_in_organize	30
/work/work/shared/s-neomics/data/incoming/organize/	dijnbs101	found_in_organize	35
/work/work/shared/s-neomics/data/incoming/organize/	dijnbs102	found_in_organize	36
/work/work/shared/s-neomics/data/incoming/organize/	dijnbs103	found_in_organize	36
/work/work/shared/s-neomics/data/incoming/organize/	dijnbs104	found_in_organize	40
/work/work/shared/s-neomics/data/incoming/organize/	dijnbs105	found_in_organize	41
/work/work/shared/s-neomics/data/incoming/organize/	dijnbs086,dijnbs087,dijnbs088,dijnbs090,dijnbs091,dijnbs093,dijnbs094,dijnbs095,dijnbs096,dijnbs097,dijnbs098,dijnbs099,dijnbs100,dijnbs101,dijnbs102,dijnbs103,dijnbs104,dijnbs105	analysis_launched	4
/work/work/shared/s-neomics/data/incoming/organize/	dijnbs082,dijnbs083,dijnbs086,dijnbs087,dijnbs088,dijnbs090,dijnbs091,dijnbs093,dijnbs094,dijnbs095,dijnbs096,dijnbs097,dijnbs098,dijnbs099,dijnbs100,dijnbs101,dijnbs102,dijnbs103,dijnbs104,dijnbs105	analysis_launched	2
/work/work/shared/s-neomics/data/incoming/organize/	dijnbs082	found_in_organize	2
/work/work/shared/s-neomics/data/incoming/organize/	dijnbs083	found_in_organize	3
/work/work/shared/s-neomics/data/incoming/organize/	dijnbs083,dijnbs086,dijnbs087,dijnbs088,dijnbs090,dijnbs091,dijnbs093,dijnbs094,dijnbs095,dijnbs096,dijnbs097,dijnbs098,dijnbs099,dijnbs100,dijnbs101,dijnbs102,dijnbs103,dijnbs104,dijnbs105	analysis_launched	1
/work/work/shared/s-neomics/data/incoming/organize/	dijnbs087,dijnbs088,dijnbs090,dijnbs091,dijnbs093,dijnbs094,dijnbs095,dijnbs096,dijnbs097,dijnbs098,dijnbs099,dijnbs100,dijnbs101,dijnbs102,dijnbs103,dijnbs104,dijnbs105	analysis_launched	4
/work/work/shared/s-neomics/data/incoming/organize/	dijnbs088,dijnbs090,dijnbs091,dijnbs093,dijnbs094,dijnbs095,dijnbs096,dijnbs097,dijnbs098,dijnbs099,dijnbs100,dijnbs101,dijnbs102,dijnbs103,dijnbs104,dijnbs105	analysis_launched	1
/work/work/shared/s-neomics/data/incoming/organize/	dijnbs090,dijnbs091,dijnbs093,dijnbs094,dijnbs095,dijnbs096,dijnbs097,dijnbs098,dijnbs099,dijnbs100,dijnbs101,dijnbs102,dijnbs103,dijnbs104,dijnbs105	analysis_launched	1
/work/work/shared/s-neomics/data/incoming/organize/	dijnbs091,dijnbs093,dijnbs094,dijnbs095,dijnbs096,dijnbs097,dijnbs098,dijnbs099,dijnbs100,dijnbs101,dijnbs102,dijnbs103,dijnbs104,dijnbs105	analysis_launched	4
/work/work/shared/s-neomics/data/incoming/organize/	dijnbs093,dijnbs094,dijnbs095,dijnbs096,dijnbs097,dijnbs098,dijnbs099,dijnbs100,dijnbs101,dijnbs102,dijnbs103,dijnbs104,dijnbs105	analysis_launched	1
/work/work/shared/s-neomics/data/incoming/organize/	dijnbs095,dijnbs096,dijnbs097,dijnbs098,dijnbs099,dijnbs100,dijnbs101,dijnbs102,dijnbs103,dijnbs104,dijnbs105	analysis_launched	5
/work/work/shared/s-neomics/data/incoming/organize/	dijnbs097,dijnbs098,dijnbs099,dijnbs100,dijnbs101,dijnbs102,dijnbs103,dijnbs104,dijnbs105	analysis_launched	1
/work/work/shared/s-neomics/data/incoming/organize/	dijnbs098,dijnbs099,dijnbs100,dijnbs101,dijnbs102,dijnbs103,dijnbs104,dijnbs105	analysis_launched	5
/work/work/shared/s-neomics/data/incoming/organize/	dijnbs101,dijnbs102,dijnbs103,dijnbs104,dijnbs105	analysis_launched	5
/work/work/shared/s-neomics/data/incoming/organize/	dijnbs102,dijnbs103,dijnbs104,dijnbs105	analysis_launched	1
/work/work/shared/s-neomics/data/incoming/organize/	dijnbs104,dijnbs105	analysis_launched	4
/work/work/shared/s-neomics/data/incoming/organize/	dijnbs105	analysis_launched	1
/work/work/shared/s-neomics/data/incoming/organize/	dijnbs117	analysis_launched	1
/work/work/shared/s-neomics/data/incoming/organize/	dijnbs117	found_in_organize	1
/work/work/shared/s-neomics/data/incoming/organize/	dijnbs126	analysis_launched	1
/work/work/shared/s-neomics/data/incoming/organize/	dijnbs126	found_in_organize	1
/work/work/shared/s-neomics/data/incoming/organize/	dijnbs106,dijnbs107,dijnbs108,dijnbs109,dijnbs110,dijnbs113,dijnbs115,dijnbs116,dijnbs122,dijnbs125,dijnbs129	analysis_launched	1
/work/work/shared/s-neomics/data/incoming/organize/	dijnbs106	found_in_organize	1
/work/work/shared/s-neomics/data/incoming/organize/	dijnbs107	found_in_organize	8
/work/work/shared/s-neomics/data/incoming/organize/	dijnbs108	found_in_organize	8
/work/work/shared/s-neomics/data/incoming/organize/	dijnbs109	found_in_organize	8
/work/work/shared/s-neomics/data/incoming/organize/	dijnbs110	found_in_organize	13
/work/work/shared/s-neomics/data/incoming/organize/	dijnbs113	found_in_organize	17
/work/work/shared/s-neomics/data/incoming/organize/	dijnbs115	found_in_organize	18
/work/work/shared/s-neomics/data/incoming/organize/	dijnbs116	found_in_organize	22
/work/work/shared/s-neomics/data/incoming/organize/	dijnbs122	found_in_organize	28
/work/work/shared/s-neomics/data/incoming/organize/	dijnbs125	found_in_organize	39
/work/work/shared/s-neomics/data/incoming/organize/	dijnbs129	found_in_organize	44
/work/work/shared/s-neomics/data/incoming/organize/	dijnbs107,dijnbs108,dijnbs109,dijnbs110,dijnbs111,dijnbs112,dijnbs113,dijnbs115,dijnbs116,dijnbs118,dijnbs119,dijnbs122,dijnbs123,dijnbs124,dijnbs125,dijnbs127,dijnbs128,dijnbs129	analysis_launched	2
/work/work/shared/s-neomics/data/incoming/organize/	dijnbs111	found_in_organize	12
/work/work/shared/s-neomics/data/incoming/organize/	dijnbs112	found_in_organize	12
/work/work/shared/s-neomics/data/incoming/organize/	dijnbs118	found_in_organize	22
/work/work/shared/s-neomics/data/incoming/organize/	dijnbs119	found_in_organize	25
/work/work/shared/s-neomics/data/incoming/organize/	dijnbs123	found_in_organize	30
/work/work/shared/s-neomics/data/incoming/organize/	dijnbs124	found_in_organize	32
/work/work/shared/s-neomics/data/incoming/organize/	dijnbs127	found_in_organize	38
/work/work/shared/s-neomics/data/incoming/organize/	dijnbs128	found_in_organize	38
/work/work/shared/s-neomics/data/incoming/organize/	dijnbs107,dijnbs108,dijnbs109,dijnbs110,dijnbs111,dijnbs112,dijnbs113,dijnbs114,dijnbs115,dijnbs116,dijnbs118,dijnbs119,dijnbs120,dijnbs122,dijnbs123,dijnbs124,dijnbs125,dijnbs127,dijnbs128,dijnbs129	analysis_launched	5
/work/work/shared/s-neomics/data/incoming/organize/	dijnbs114	found_in_organize	15
/work/work/shared/s-neomics/data/incoming/organize/	dijnbs120	found_in_organize	24
/work/work/shared/s-neomics/data/incoming/organize/	dijnbs110,dijnbs111,dijnbs112,dijnbs113,dijnbs114,dijnbs115,dijnbs116,dijnbs118,dijnbs119,dijnbs120,dijnbs122,dijnbs123,dijnbs124,dijnbs125,dijnbs127,dijnbs128,dijnbs129	analysis_launched	5
/work/work/shared/s-neomics/data/incoming/organize/	dijnbs113,dijnbs114,dijnbs115,dijnbs116,dijnbs118,dijnbs119,dijnbs120,dijnbs122,dijnbs123,dijnbs124,dijnbs125,dijnbs127,dijnbs128,dijnbs129	analysis_launched	4
/work/work/shared/s-neomics/data/incoming/organize/	dijnbs114,dijnbs115,dijnbs116,dijnbs118,dijnbs119,dijnbs120,dijnbs122,dijnbs123,dijnbs124,dijnbs125,dijnbs127,dijnbs128,dijnbs129	analysis_launched	1
/work/work/shared/s-neomics/data/incoming/organize/	dijnbs116,dijnbs118,dijnbs119,dijnbs120,dijnbs122,dijnbs123,dijnbs124,dijnbs125,dijnbs127,dijnbs128,dijnbs129	analysis_launched	4
/work/work/shared/s-neomics/data/incoming/organize/	dijnbs118,dijnbs119,dijnbs120,dijnbs122,dijnbs123,dijnbs124,dijnbs125,dijnbs127,dijnbs128,dijnbs129	analysis_launched	1
/work/work/shared/s-neomics/data/incoming/organize/	dijnbs119,dijnbs120,dijnbs122,dijnbs123,dijnbs124,dijnbs125,dijnbs127,dijnbs128,dijnbs129	analysis_launched	3
/work/work/shared/s-neomics/data/incoming/organize/	dijnbs120,dijnbs122,dijnbs123,dijnbs124,dijnbs125,dijnbs127,dijnbs128,dijnbs129	analysis_launched	1
/work/work/shared/s-neomics/data/incoming/organize/	dijnbs122,dijnbs123,dijnbs124,dijnbs125,dijnbs127,dijnbs128,dijnbs129	analysis_launched	1
/work/work/shared/s-neomics/data/incoming/organize/	dijnbs123,dijnbs124,dijnbs125,dijnbs127,dijnbs128,dijnbs129	analysis_launched	3
/work/work/shared/s-neomics/data/incoming/organize/	dijnbs124,dijnbs125,dijnbs127,dijnbs128,dijnbs129	analysis_launched	2
/work/work/shared/s-neomics/data/incoming/organize/	dijnbs125,dijnbs127,dijnbs128,dijnbs129	analysis_launched	6
/work/work/shared/s-neomics/data/incoming/organize/	dijnbs129	analysis_launched	5
/work/work/shared/s-neomics/data/incoming/organize/	dijnbs130,dijnbs131,dijnbs132,dijnbs133,dijnbs134,dijnbs135,dijnbs136,dijnbs137,dijnbs138,dijnbs141,dijnbs142,dijnbs143,dijnbs144,dijnbs145,dijnbs146,dijnbs147,dijnbs148,dijnbs149,dijnbs150,dijnbs152,dijnbs153	analysis_launched	1
/work/work/shared/s-neomics/data/incoming/organize/	dijnbs130	found_in_organize	1
/work/work/shared/s-neomics/data/incoming/organize/	dijnbs131	found_in_organize	1
/work/work/shared/s-neomics/data/incoming/organize/	dijnbs132	found_in_organize	1
/work/work/shared/s-neomics/data/incoming/organize/	dijnbs133	found_in_organize	8
/work/work/shared/s-neomics/data/incoming/organize/	dijnbs134	found_in_organize	8
/work/work/shared/s-neomics/data/incoming/organize/	dijnbs135	found_in_organize	8
/work/work/shared/s-neomics/data/incoming/organize/	dijnbs136	found_in_organize	10
/work/work/shared/s-neomics/data/incoming/organize/	dijnbs137	found_in_organize	10
/work/work/shared/s-neomics/data/incoming/organize/	dijnbs138	found_in_organize	11
/work/work/shared/s-neomics/data/incoming/organize/	dijnbs141	found_in_organize	12
/work/work/shared/s-neomics/data/incoming/organize/	dijnbs142	found_in_organize	12
/work/work/shared/s-neomics/data/incoming/organize/	dijnbs143	found_in_organize	13
/work/work/shared/s-neomics/data/incoming/organize/	dijnbs144	found_in_organize	14
/work/work/shared/s-neomics/data/incoming/organize/	dijnbs145	found_in_organize	15
/work/work/shared/s-neomics/data/incoming/organize/	dijnbs146	found_in_organize	15
/work/work/shared/s-neomics/data/incoming/organize/	dijnbs147	found_in_organize	17
/work/work/shared/s-neomics/data/incoming/organize/	dijnbs148	found_in_organize	17
/work/work/shared/s-neomics/data/incoming/organize/	dijnbs149	found_in_organize	17
/work/work/shared/s-neomics/data/incoming/organize/	dijnbs150	found_in_organize	19
/work/work/shared/s-neomics/data/incoming/organize/	dijnbs152	found_in_organize	19
/work/work/shared/s-neomics/data/incoming/organize/	dijnbs153	found_in_organize	20
/work/work/shared/s-neomics/data/incoming/organize/	dijnbs133,dijnbs134,dijnbs135,dijnbs136,dijnbs137,dijnbs138,dijnbs141,dijnbs142,dijnbs143,dijnbs144,dijnbs145,dijnbs146,dijnbs147,dijnbs148,dijnbs149,dijnbs150,dijnbs152,dijnbs153	analysis_launched	7
/work/work/shared/s-neomics/data/incoming/organize/	dijnbs136,dijnbs137,dijnbs138,dijnbs141,dijnbs142,dijnbs143,dijnbs144,dijnbs145,dijnbs146,dijnbs147,dijnbs148,dijnbs149,dijnbs150,dijnbs152,dijnbs153	analysis_launched	2
/work/work/shared/s-neomics/data/incoming/organize/	dijnbs138,dijnbs141,dijnbs142,dijnbs143,dijnbs144,dijnbs145,dijnbs146,dijnbs147,dijnbs148,dijnbs149,dijnbs150,dijnbs152,dijnbs153	analysis_launched	1
/work/work/shared/s-neomics/data/incoming/organize/	dijnbs141,dijnbs142,dijnbs143,dijnbs144,dijnbs145,dijnbs146,dijnbs147,dijnbs148,dijnbs149,dijnbs150,dijnbs152,dijnbs153	analysis_launched	1
/work/work/shared/s-neomics/data/incoming/organize/	dijnbs143,dijnbs144,dijnbs145,dijnbs146,dijnbs147,dijnbs148,dijnbs149,dijnbs150,dijnbs152,dijnbs153	analysis_launched	1
/work/work/shared/s-neomics/data/incoming/organize/	dijnbs144,dijnbs145,dijnbs146,dijnbs147,dijnbs148,dijnbs149,dijnbs150,dijnbs152,dijnbs153	analysis_launched	1
/work/work/shared/s-neomics/data/incoming/organize/	dijnbs145,dijnbs146,dijnbs147,dijnbs148,dijnbs149,dijnbs150,dijnbs152,dijnbs153	analysis_launched	1
/work/work/shared/s-neomics/data/incoming/organize/	dijnbs147,dijnbs148,dijnbs149,dijnbs150,dijnbs152,dijnbs153	analysis_launched	2
/work/work/shared/s-neomics/data/incoming/organize/	dijnbs150,dijnbs152,dijnbs153	analysis_launched	2
/work/work/shared/s-neomics/data/incoming/organize/	dijnbs153	analysis_launched	1
/work/work/shared/s-neomics/data/incoming/organize/	dijnbs139	analysis_launched	1
/work/work/shared/s-neomics/data/incoming/organize/	dijnbs139	found_in_organize	1
/work/work/shared/s-neomics/data/incoming/organize/	dijnbs193	analysis_launched	1
/work/work/shared/s-neomics/data/incoming/organize/	dijnbs193	found_in_organize	1
/work/work/shared/s-neomics/data/incoming/organize/	dijnbs185,dijnbs190,dijnbs192,dijnbs200	analysis_launched	1
/work/work/shared/s-neomics/data/incoming/organize/	dijnbs185	found_in_organize	1
/work/work/shared/s-neomics/data/incoming/organize/	dijnbs190	found_in_organize	1
/work/work/shared/s-neomics/data/incoming/organize/	dijnbs192	found_in_organize	25
/work/work/shared/s-neomics/data/incoming/organize/	dijnbs200	found_in_organize	36
/work/work/shared/s-neomics/data/incoming/organize/	dijnbs184,dijnbs186,dijnbs188,dijnbs189,dijnbs191,dijnbs192,dijnbs195,dijnbs196,dijnbs197,dijnbs199,dijnbs200,dijnbs201,dijnbs203,dijnbs204	analysis_launched	2
/work/work/shared/s-neomics/data/incoming/organize/	dijnbs184	found_in_organize	10
/work/work/shared/s-neomics/data/incoming/organize/	dijnbs186	found_in_organize	18
/work/work/shared/s-neomics/data/incoming/organize/	dijnbs188	found_in_organize	19
/work/work/shared/s-neomics/data/incoming/organize/	dijnbs189	found_in_organize	24
/work/work/shared/s-neomics/data/incoming/organize/	dijnbs191	found_in_organize	24
/work/work/shared/s-neomics/data/incoming/organize/	dijnbs195	found_in_organize	29
/work/work/shared/s-neomics/data/incoming/organize/	dijnbs196	found_in_organize	30
/work/work/shared/s-neomics/data/incoming/organize/	dijnbs197	found_in_organize	30
/work/work/shared/s-neomics/data/incoming/organize/	dijnbs199	found_in_organize	35
/work/work/shared/s-neomics/data/incoming/organize/	dijnbs201	found_in_organize	40
/work/work/shared/s-neomics/data/incoming/organize/	dijnbs203	found_in_organize	40
/work/work/shared/s-neomics/data/incoming/organize/	dijnbs204	found_in_organize	45
/work/work/shared/s-neomics/data/incoming/organize/	dijnbs182,dijnbs183,dijnbs184,dijnbs186,dijnbs187,dijnbs188,dijnbs189,dijnbs191,dijnbs192,dijnbs195,dijnbs196,dijnbs197,dijnbs198,dijnbs199,dijnbs200,dijnbs201,dijnbs202,dijnbs203,dijnbs204,dijnbs205	analysis_launched	8
/work/work/shared/s-neomics/data/incoming/organize/	dijnbs182	found_in_organize	8
/work/work/shared/s-neomics/data/incoming/organize/	dijnbs183	found_in_organize	8
/work/work/shared/s-neomics/data/incoming/organize/	dijnbs187	found_in_organize	17
/work/work/shared/s-neomics/data/incoming/organize/	dijnbs198	found_in_organize	32
/work/work/shared/s-neomics/data/incoming/organize/	dijnbs202	found_in_organize	38
/work/work/shared/s-neomics/data/incoming/organize/	dijnbs205	found_in_organize	43
/work/work/shared/s-neomics/data/incoming/organize/	dijnbs186,dijnbs187,dijnbs188,dijnbs189,dijnbs191,dijnbs192,dijnbs195,dijnbs196,dijnbs197,dijnbs198,dijnbs199,dijnbs200,dijnbs201,dijnbs202,dijnbs203,dijnbs204,dijnbs205	analysis_launched	8
/work/work/shared/s-neomics/data/incoming/organize/	dijnbs187,dijnbs188,dijnbs189,dijnbs191,dijnbs192,dijnbs195,dijnbs196,dijnbs197,dijnbs198,dijnbs199,dijnbs200,dijnbs201,dijnbs202,dijnbs203,dijnbs204,dijnbs205	analysis_launched	1
/work/work/shared/s-neomics/data/incoming/organize/	dijnbs189,dijnbs191,dijnbs192,dijnbs195,dijnbs196,dijnbs197,dijnbs198,dijnbs199,dijnbs200,dijnbs201,dijnbs202,dijnbs203,dijnbs204,dijnbs205	analysis_launched	5
/work/work/shared/s-neomics/data/incoming/organize/	dijnbs195,dijnbs196,dijnbs197,dijnbs198,dijnbs199,dijnbs200,dijnbs201,dijnbs202,dijnbs203,dijnbs204,dijnbs205	analysis_launched	5
/work/work/shared/s-neomics/data/incoming/organize/	dijnbs196,dijnbs197,dijnbs198,dijnbs199,dijnbs200,dijnbs201,dijnbs202,dijnbs203,dijnbs204,dijnbs205	analysis_launched	1
/work/work/shared/s-neomics/data/incoming/organize/	dijnbs198,dijnbs199,dijnbs200,dijnbs201,dijnbs202,dijnbs203,dijnbs204,dijnbs205	analysis_launched	4
/work/work/shared/s-neomics/data/incoming/organize/	dijnbs199,dijnbs200,dijnbs201,dijnbs202,dijnbs203,dijnbs204,dijnbs205	analysis_launched	1
/work/work/shared/s-neomics/data/incoming/organize/	dijnbs201,dijnbs202,dijnbs203,dijnbs204,dijnbs205	analysis_launched	5
/work/work/shared/s-neomics/data/incoming/organize/	dijnbs204,dijnbs205	analysis_launched	5
/work/work/shared/s-neomics/data/incoming/organize/	dijnbs194	analysis_launched	1
/work/work/shared/s-neomics/data/incoming/organize/	dijnbs194	found_in_organize	1
/work/work/shared/s-neomics/data/incoming/organize/	dijnbs158	analysis_launched	1
/work/work/shared/s-neomics/data/incoming/organize/	dijnbs158	found_in_organize	1
/work/work/shared/s-neomics/data/incoming/organize/	dijnbs156,dijnbs157,dijnbs161,dijnbs162,dijnbs177	analysis_launched	1
/work/work/shared/s-neomics/data/incoming/organize/	dijnbs156	found_in_organize	1
/work/work/shared/s-neomics/data/incoming/organize/	dijnbs157	found_in_organize	1
/work/work/shared/s-neomics/data/incoming/organize/	dijnbs161	found_in_organize	23
/work/work/shared/s-neomics/data/incoming/organize/	dijnbs162	found_in_organize	24
/work/work/shared/s-neomics/data/incoming/organize/	dijnbs177	found_in_organize	50
/work/work/shared/s-neomics/data/incoming/organize/	dijnbs154,dijnbs155,dijnbs160,dijnbs161,dijnbs162,dijnbs163,dijnbs170,dijnbs177	analysis_launched	1
/work/work/shared/s-neomics/data/incoming/organize/	dijnbs154	found_in_organize	8
/work/work/shared/s-neomics/data/incoming/organize/	dijnbs155	found_in_organize	16
/work/work/shared/s-neomics/data/incoming/organize/	dijnbs160	found_in_organize	16
/work/work/shared/s-neomics/data/incoming/organize/	dijnbs163	found_in_organize	23
/work/work/shared/s-neomics/data/incoming/organize/	dijnbs170	found_in_organize	49
/work/work/shared/s-neomics/data/incoming/organize/	dijnbs154,dijnbs155,dijnbs159,dijnbs160,dijnbs161,dijnbs162,dijnbs163,dijnbs164,dijnbs165,dijnbs166,dijnbs167,dijnbs168,dijnbs169,dijnbs170,dijnbs172,dijnbs173,dijnbs174,dijnbs175,dijnbs176,dijnbs177,dijnbs178	analysis_launched	7
/work/work/shared/s-neomics/data/incoming/organize/	dijnbs159	found_in_organize	15
/work/work/shared/s-neomics/data/incoming/organize/	dijnbs164	found_in_organize	27
/work/work/shared/s-neomics/data/incoming/organize/	dijnbs165	found_in_organize	27
/work/work/shared/s-neomics/data/incoming/organize/	dijnbs166	found_in_organize	27
/work/work/shared/s-neomics/data/incoming/organize/	dijnbs167	found_in_organize	34
/work/work/shared/s-neomics/data/incoming/organize/	dijnbs168	found_in_organize	34
/work/work/shared/s-neomics/data/incoming/organize/	dijnbs169	found_in_organize	34
/work/work/shared/s-neomics/data/incoming/organize/	dijnbs172	found_in_organize	41
/work/work/shared/s-neomics/data/incoming/organize/	dijnbs173	found_in_organize	41
/work/work/shared/s-neomics/data/incoming/organize/	dijnbs174	found_in_organize	7
/work/work/shared/s-neomics/data/incoming/organize/	dijnbs175	found_in_organize	41
/work/work/shared/s-neomics/data/incoming/organize/	dijnbs176	found_in_organize	7
/work/work/shared/s-neomics/data/incoming/organize/	dijnbs178	found_in_organize	48
/work/work/shared/s-neomics/data/incoming/organize/	dijnbs155,dijnbs159,dijnbs160,dijnbs161,dijnbs162,dijnbs163,dijnbs164,dijnbs165,dijnbs166,dijnbs167,dijnbs168,dijnbs169,dijnbs170,dijnbs172,dijnbs173,dijnbs175,dijnbs177,dijnbs178	analysis_launched	8
/work/work/shared/s-neomics/data/incoming/organize/	dijnbs161,dijnbs162,dijnbs163,dijnbs164,dijnbs165,dijnbs166,dijnbs167,dijnbs168,dijnbs169,dijnbs170,dijnbs172,dijnbs173,dijnbs175,dijnbs177,dijnbs178	analysis_launched	6
/work/work/shared/s-neomics/data/incoming/organize/	dijnbs162,dijnbs163,dijnbs164,dijnbs165,dijnbs166,dijnbs167,dijnbs168,dijnbs169,dijnbs170,dijnbs172,dijnbs173,dijnbs175,dijnbs177,dijnbs178	analysis_launched	1
/work/work/shared/s-neomics/data/incoming/organize/	dijnbs164,dijnbs165,dijnbs166,dijnbs167,dijnbs168,dijnbs169,dijnbs170,dijnbs172,dijnbs173,dijnbs175,dijnbs177,dijnbs178	analysis_launched	5
/work/work/shared/s-neomics/data/incoming/organize/	dijnbs167,dijnbs168,dijnbs169,dijnbs170,dijnbs172,dijnbs173,dijnbs175,dijnbs177,dijnbs178	analysis_launched	7
/work/work/shared/s-neomics/data/incoming/organize/	dijnbs170,dijnbs172,dijnbs173,dijnbs175,dijnbs177,dijnbs178	analysis_launched	7
/work/work/shared/s-neomics/data/incoming/organize/	dijnbs170,dijnbs177,dijnbs178	analysis_launched	7
/work/work/shared/s-neomics/data/incoming/organize/	dijnbs171	analysis_launched	1
/work/work/shared/s-neomics/data/incoming/organize/	dijnbs171	found_in_organize	1
/work/work/shared/s-neomics/data/incoming/organize/	dijnbs207,dijnbs208,dijnbs210,dijnbs216,dijnbs224	analysis_launched	1
/work/work/shared/s-neomics/data/incoming/organize/	dijnbs207	found_in_organize	1
/work/work/shared/s-neomics/data/incoming/organize/	dijnbs208	found_in_organize	1
/work/work/shared/s-neomics/data/incoming/organize/	dijnbs210	found_in_organize	1
/work/work/shared/s-neomics/data/incoming/organize/	dijnbs216	found_in_organize	31
/work/work/shared/s-neomics/data/incoming/organize/	dijnbs224	found_in_organize	47
/work/work/shared/s-neomics/data/incoming/organize/	dijnbs216,dijnbs224	analysis_launched	1
/work/work/shared/s-neomics/data/incoming/organize/	dijnbs179,dijnbs206,dijnbs209,dijnbs211,dijnbs213,dijnbs214,dijnbs215,dijnbs216,dijnbs217,dijnbs218,dijnbs219,dijnbs220,dijnbs221,dijnbs222,dijnbs223,dijnbs224,dijnbs225,dijnbs226,dijnbs227,dijnbs228,dijnbs229	analysis_launched	8
/work/work/shared/s-neomics/data/incoming/organize/	dijnbs179	found_in_organize	8
/work/work/shared/s-neomics/data/incoming/organize/	dijnbs206	found_in_organize	8
/work/work/shared/s-neomics/data/incoming/organize/	dijnbs209	found_in_organize	8
/work/work/shared/s-neomics/data/incoming/organize/	dijnbs211	found_in_organize	15
/work/work/shared/s-neomics/data/incoming/organize/	dijnbs213	found_in_organize	16
/work/work/shared/s-neomics/data/incoming/organize/	dijnbs214	found_in_organize	22
/work/work/shared/s-neomics/data/incoming/organize/	dijnbs215	found_in_organize	22
/work/work/shared/s-neomics/data/incoming/organize/	dijnbs217	found_in_organize	29
/work/work/shared/s-neomics/data/incoming/organize/	dijnbs218	found_in_organize	34
/work/work/shared/s-neomics/data/incoming/organize/	dijnbs219	found_in_organize	35
/work/work/shared/s-neomics/data/incoming/organize/	dijnbs220	found_in_organize	37
/work/work/shared/s-neomics/data/incoming/organize/	dijnbs221	found_in_organize	40
/work/work/shared/s-neomics/data/incoming/organize/	dijnbs222	found_in_organize	40
/work/work/shared/s-neomics/data/incoming/organize/	dijnbs223	found_in_organize	41
/work/work/shared/s-neomics/data/incoming/organize/	dijnbs225	found_in_organize	45
/work/work/shared/s-neomics/data/incoming/organize/	dijnbs226	found_in_organize	46
/work/work/shared/s-neomics/data/incoming/organize/	dijnbs227	found_in_organize	49
/work/work/shared/s-neomics/data/incoming/organize/	dijnbs228	found_in_organize	49
/work/work/shared/s-neomics/data/incoming/organize/	dijnbs229	found_in_organize	51
/work/work/shared/s-neomics/data/incoming/organize/	dijnbs211,dijnbs212,dijnbs213,dijnbs214,dijnbs215,dijnbs216,dijnbs217,dijnbs218,dijnbs219,dijnbs220,dijnbs221,dijnbs222,dijnbs223,dijnbs224,dijnbs225,dijnbs226,dijnbs227,dijnbs228,dijnbs229	analysis_launched	7
/work/work/shared/s-neomics/data/incoming/organize/	dijnbs212	found_in_organize	9
/work/work/shared/s-neomics/data/incoming/organize/	dijnbs213,dijnbs214,dijnbs215,dijnbs216,dijnbs217,dijnbs218,dijnbs219,dijnbs220,dijnbs221,dijnbs222,dijnbs223,dijnbs224,dijnbs225,dijnbs226,dijnbs227,dijnbs228,dijnbs229	analysis_launched	1
/work/work/shared/s-neomics/data/incoming/organize/	dijnbs214,dijnbs215,dijnbs216,dijnbs217,dijnbs218,dijnbs219,dijnbs220,dijnbs221,dijnbs222,dijnbs223,dijnbs224,dijnbs225,dijnbs226,dijnbs227,dijnbs228,dijnbs229	analysis_launched	6
/work/work/shared/s-neomics/data/incoming/organize/	dijnbs216,dijnbs217,dijnbs218,dijnbs219,dijnbs220,dijnbs221,dijnbs222,dijnbs223,dijnbs224,dijnbs225,dijnbs226,dijnbs227,dijnbs228,dijnbs229	analysis_launched	7
/work/work/shared/s-neomics/data/incoming/organize/	dijnbs218,dijnbs219,dijnbs220,dijnbs221,dijnbs222,dijnbs223,dijnbs224,dijnbs225,dijnbs226,dijnbs227,dijnbs228,dijnbs229	analysis_launched	5
/work/work/shared/s-neomics/data/incoming/organize/	dijnbs219,dijnbs220,dijnbs221,dijnbs222,dijnbs223,dijnbs224,dijnbs225,dijnbs226,dijnbs227,dijnbs228,dijnbs229	analysis_launched	1
/work/work/shared/s-neomics/data/incoming/organize/	dijnbs220,dijnbs221,dijnbs222,dijnbs223,dijnbs224,dijnbs225,dijnbs226,dijnbs227,dijnbs228,dijnbs229	analysis_launched	2
/work/work/shared/s-neomics/data/incoming/organize/	dijnbs221,dijnbs222,dijnbs223,dijnbs224,dijnbs225,dijnbs226,dijnbs227,dijnbs228,dijnbs229	analysis_launched	3
/work/work/shared/s-neomics/data/incoming/organize/	dijnbs223,dijnbs224,dijnbs225,dijnbs226,dijnbs227,dijnbs228,dijnbs229	analysis_launched	1
/work/work/shared/s-neomics/data/incoming/organize/	dijnbs224,dijnbs225,dijnbs226,dijnbs227,dijnbs228,dijnbs229	analysis_launched	4
/work/work/shared/s-neomics/data/incoming/organize/	dijnbs226,dijnbs227,dijnbs228,dijnbs229	analysis_launched	1
/work/work/shared/s-neomics/data/incoming/organize/	dijnbs227,dijnbs228,dijnbs229	analysis_launched	3
/work/work/shared/s-neomics/data/incoming/organize/	dijnbs229	analysis_launched	2
/work/work/shared/s-neomics/data/incoming/organize/	dijnbs232	analysis_launched	1
/work/work/shared/s-neomics/data/incoming/organize/	dijnbs232	found_in_organize	1
/work/work/shared/s-neomics/data/incoming/organize/	dijnbs233,dijnbs234,dijnbs235,dijnbs236,dijnbs239,dijnbs241	analysis_launched	1
/work/work/shared/s-neomics/data/incoming/organize/	dijnbs233	found_in_organize	1
/work/work/shared/s-neomics/data/incoming/organize/	dijnbs234	found_in_organize	1
/work/work/shared/s-neomics/data/incoming/organize/	dijnbs235	found_in_organize	16
/work/work/shared/s-neomics/data/incoming/organize/	dijnbs236	found_in_organize	16
/work/work/shared/s-neomics/data/incoming/organize/	dijnbs239	found_in_organize	22
/work/work/shared/s-neomics/data/incoming/organize/	dijnbs241	found_in_organize	28
/work/work/shared/s-neomics/data/incoming/organize/	dijnbs230,dijnbs231,dijnbs235,dijnbs236,dijnbs237,dijnbs238,dijnbs239,dijnbs241,dijnbs243,dijnbs245,dijnbs246	analysis_launched	1
/work/work/shared/s-neomics/data/incoming/organize/	dijnbs230	found_in_organize	8
/work/work/shared/s-neomics/data/incoming/organize/	dijnbs231	found_in_organize	15
/work/work/shared/s-neomics/data/incoming/organize/	dijnbs237	found_in_organize	21
/work/work/shared/s-neomics/data/incoming/organize/	dijnbs238	found_in_organize	21
/work/work/shared/s-neomics/data/incoming/organize/	dijnbs243	found_in_organize	32
/work/work/shared/s-neomics/data/incoming/organize/	dijnbs245	found_in_organize	33
/work/work/shared/s-neomics/data/incoming/organize/	dijnbs246	found_in_organize	38
/work/work/shared/s-neomics/data/incoming/organize/	dijnbs180,dijnbs181,dijnbs230,dijnbs231,dijnbs235,dijnbs236,dijnbs237,dijnbs238,dijnbs239,dijnbs240,dijnbs241,dijnbs242,dijnbs243,dijnbs244,dijnbs245,dijnbs246,dijnbs247,dijnbs248,dijnbs249	analysis_launched	7
/work/work/shared/s-neomics/data/incoming/organize/	dijnbs180	found_in_organize	7
/work/work/shared/s-neomics/data/incoming/organize/	dijnbs181	found_in_organize	7
/work/work/shared/s-neomics/data/incoming/organize/	dijnbs240	found_in_organize	25
/work/work/shared/s-neomics/data/incoming/organize/	dijnbs242	found_in_organize	26
/work/work/shared/s-neomics/data/incoming/organize/	dijnbs244	found_in_organize	31
/work/work/shared/s-neomics/data/incoming/organize/	dijnbs247	found_in_organize	37
/work/work/shared/s-neomics/data/incoming/organize/	dijnbs248	found_in_organize	37
/work/work/shared/s-neomics/data/incoming/organize/	dijnbs249	found_in_organize	43
/work/work/shared/s-neomics/data/incoming/organize/	dijnbs231,dijnbs235,dijnbs236,dijnbs237,dijnbs238,dijnbs239,dijnbs240,dijnbs241,dijnbs242,dijnbs243,dijnbs244,dijnbs245,dijnbs246,dijnbs247,dijnbs248,dijnbs249	analysis_launched	7
/work/work/shared/s-neomics/data/incoming/organize/	dijnbs237,dijnbs238,dijnbs239,dijnbs240,dijnbs241,dijnbs242,dijnbs243,dijnbs244,dijnbs245,dijnbs246,dijnbs247,dijnbs248,dijnbs249	analysis_launched	6
/work/work/shared/s-neomics/data/incoming/organize/	dijnbs240,dijnbs241,dijnbs242,dijnbs243,dijnbs244,dijnbs245,dijnbs246,dijnbs247,dijnbs248,dijnbs249	analysis_launched	5
/work/work/shared/s-neomics/data/incoming/organize/	dijnbs241,dijnbs242,dijnbs243,dijnbs244,dijnbs245,dijnbs246,dijnbs247,dijnbs248,dijnbs249	analysis_launched	1
/work/work/shared/s-neomics/data/incoming/organize/	dijnbs243,dijnbs244,dijnbs245,dijnbs246,dijnbs247,dijnbs248,dijnbs249	analysis_launched	5
/work/work/shared/s-neomics/data/incoming/organize/	dijnbs245,dijnbs246,dijnbs247,dijnbs248,dijnbs249	analysis_launched	1
/work/work/shared/s-neomics/data/incoming/organize/	dijnbs246,dijnbs247,dijnbs248,dijnbs249	analysis_launched	5
/work/work/shared/s-neomics/data/incoming/organize/	dijnbs249	analysis_launched	6
/work/work/shared/s-neomics/data/incoming/organize/	dijnbs250	analysis_launched	1
/work/work/shared/s-neomics/data/incoming/organize/	dijnbs250	found_in_organize	1
/work/work/shared/s-neomics/data/incoming/organize/	dijnbs251,dijnbs252,dijnbs253,dijnbs254,dijnbs255,dijnbs256,dijnbs257,dijnbs258,dijnbs259	analysis_launched	6
/work/work/shared/s-neomics/data/incoming/organize/	dijnbs251	found_in_organize	6
/work/work/shared/s-neomics/data/incoming/organize/	dijnbs252	found_in_organize	7
/work/work/shared/s-neomics/data/incoming/organize/	dijnbs253	found_in_organize	7
/work/work/shared/s-neomics/data/incoming/organize/	dijnbs254	found_in_organize	14
/work/work/shared/s-neomics/data/incoming/organize/	dijnbs255	found_in_organize	14
/work/work/shared/s-neomics/data/incoming/organize/	dijnbs256	found_in_organize	14
/work/work/shared/s-neomics/data/incoming/organize/	dijnbs257	found_in_organize	24
/work/work/shared/s-neomics/data/incoming/organize/	dijnbs258	found_in_organize	24
/work/work/shared/s-neomics/data/incoming/organize/	dijnbs259	found_in_organize	24
/work/work/shared/s-neomics/data/incoming/organize/	dijnbs252,dijnbs253,dijnbs254,dijnbs255,dijnbs256,dijnbs257,dijnbs258,dijnbs259	analysis_launched	1
/work/work/shared/s-neomics/data/incoming/organize/	dijnbs254,dijnbs255,dijnbs256,dijnbs257,dijnbs258,dijnbs259	analysis_launched	7
/work/work/shared/s-neomics/data/incoming/organize/	dijnbs257,dijnbs258,dijnbs259	analysis_launched	10
/work/work/shared/s-neomics/data/incoming/organize/	dijnbs212	analysis_launched	2
/work/work/shared/s-neomics/data/incoming/organize/	dijnbs262,dijnbs263,dijnbs264,dijnbs265,dijnbs266,dijnbs267,dijnbs268,dijnbs269,dijnbs270,dijnbs271,dijnbs272,dijnbs273,dijnbs274,dijnbs275,dijnbs276	analysis_launched	1
/work/work/shared/s-neomics/data/incoming/organize/	dijnbs262	found_in_organize	1
/work/work/shared/s-neomics/data/incoming/organize/	dijnbs263	found_in_organize	1
/work/work/shared/s-neomics/data/incoming/organize/	dijnbs264	found_in_organize	1
/work/work/shared/s-neomics/data/incoming/organize/	dijnbs265	found_in_organize	11
/work/work/shared/s-neomics/data/incoming/organize/	dijnbs266	found_in_organize	18
/work/work/shared/s-neomics/data/incoming/organize/	dijnbs267	found_in_organize	18
/work/work/shared/s-neomics/data/incoming/organize/	dijnbs268	found_in_organize	18
/work/work/shared/s-neomics/data/incoming/organize/	dijnbs269	found_in_organize	24
/work/work/shared/s-neomics/data/incoming/organize/	dijnbs270	found_in_organize	24
/work/work/shared/s-neomics/data/incoming/organize/	dijnbs271	found_in_organize	24
/work/work/shared/s-neomics/data/incoming/organize/	dijnbs272	found_in_organize	29
/work/work/shared/s-neomics/data/incoming/organize/	dijnbs273	found_in_organize	29
/work/work/shared/s-neomics/data/incoming/organize/	dijnbs274	found_in_organize	29
/work/work/shared/s-neomics/data/incoming/organize/	dijnbs275	found_in_organize	34
/work/work/shared/s-neomics/data/incoming/organize/	dijnbs276	found_in_organize	34
/work/work/shared/s-neomics/data/incoming/organize/	dijnbs260,dijnbs261,dijnbs265,dijnbs266,dijnbs267,dijnbs268,dijnbs269,dijnbs270,dijnbs271,dijnbs272,dijnbs273,dijnbs274,dijnbs275,dijnbs276,dijnbs277	analysis_launched	2
/work/work/shared/s-neomics/data/incoming/organize/	dijnbs260	found_in_organize	10
/work/work/shared/s-neomics/data/incoming/organize/	dijnbs261	found_in_organize	10
/work/work/shared/s-neomics/data/incoming/organize/	dijnbs277	found_in_organize	33
/work/work/shared/s-neomics/data/incoming/organize/	dijen2227,dijen2230,dijen2231,dijen2232,dijnbs260,dijnbs261,dijnbs265,dijnbs266,dijnbs267,dijnbs268,dijnbs269,dijnbs270,dijnbs271,dijnbs272,dijnbs273,dijnbs274,dijnbs275,dijnbs276,dijnbs277	analysis_launched	8
/work/work/shared/s-neomics/data/incoming/organize/	dijen2227	found_in_organize	37
/work/work/shared/s-neomics/data/incoming/organize/	dijen2230	found_in_organize	36
/work/work/shared/s-neomics/data/incoming/organize/	dijen2231	found_in_organize	36
/work/work/shared/s-neomics/data/incoming/organize/	dijen2232	found_in_organize	36
/work/work/shared/s-neomics/data/incoming/organize/	dijen2227,dijen2230,dijen2231,dijen2232,dijnbs266,dijnbs267,dijnbs268,dijnbs269,dijnbs270,dijnbs271,dijnbs272,dijnbs273,dijnbs274,dijnbs275,dijnbs276,dijnbs277	analysis_launched	7
/work/work/shared/s-neomics/data/incoming/organize/	dijen2227,dijen2230,dijen2231,dijen2232,dijnbs269,dijnbs270,dijnbs271,dijnbs272,dijnbs273,dijnbs274,dijnbs275,dijnbs276,dijnbs277	analysis_launched	6
/work/work/shared/s-neomics/data/incoming/organize/	dijen2227,dijen2230,dijen2231,dijen2232,dijnbs272,dijnbs273,dijnbs274,dijnbs275,dijnbs276,dijnbs277	analysis_launched	5
/work/work/shared/s-neomics/data/incoming/organize/	dijen2227,dijen2230,dijen2231,dijen2232,dijnbs275,dijnbs276,dijnbs277	analysis_launched	5
/work/work/shared/s-neomics/data/incoming/organize/	dijen2227,dijen2230,dijen2231,dijen2232	analysis_launched	5
/work/work/shared/s-neomics/data/incoming/organize/	dijen2227	analysis_launched	1
/work/work/shared/s-neomics/data/incoming/organize/	dijnbs278,dijnbs279,dijnbs280,dijnbs281,dijnbs282,dijnbs283,dijnbs284,dijnbs285,dijnbs286,dijnbs287,dijnbs288,dijnbs289,dijnbs290,dijnbs291,dijnbs292,dijnbs293,dijnbs294,dijnbs295,dijnbs296,dijnbs297,dijnbs298,dijnbs300,dijnbs301	analysis_launched	1
/work/work/shared/s-neomics/data/incoming/organize/	dijnbs278	found_in_organize	1
/work/work/shared/s-neomics/data/incoming/organize/	dijnbs279	found_in_organize	1
/work/work/shared/s-neomics/data/incoming/organize/	dijnbs280	found_in_organize	1
/work/work/shared/s-neomics/data/incoming/organize/	dijnbs281	found_in_organize	12
/work/work/shared/s-neomics/data/incoming/organize/	dijnbs282	found_in_organize	12
/work/work/shared/s-neomics/data/incoming/organize/	dijnbs283	found_in_organize	12
/work/work/shared/s-neomics/data/incoming/organize/	dijnbs284	found_in_organize	21
/work/work/shared/s-neomics/data/incoming/organize/	dijnbs285	found_in_organize	21
/work/work/shared/s-neomics/data/incoming/organize/	dijnbs286	found_in_organize	21
/work/work/shared/s-neomics/data/incoming/organize/	dijnbs287	found_in_organize	31
/work/work/shared/s-neomics/data/incoming/organize/	dijnbs288	found_in_organize	31
/work/work/shared/s-neomics/data/incoming/organize/	dijnbs289	found_in_organize	32
/work/work/shared/s-neomics/data/incoming/organize/	dijnbs290	found_in_organize	42
/work/work/shared/s-neomics/data/incoming/organize/	dijnbs291	found_in_organize	42
/work/work/shared/s-neomics/data/incoming/organize/	dijnbs292	found_in_organize	42
/work/work/shared/s-neomics/data/incoming/organize/	dijnbs293	found_in_organize	50
/work/work/shared/s-neomics/data/incoming/organize/	dijnbs294	found_in_organize	50
/work/work/shared/s-neomics/data/incoming/organize/	dijnbs295	found_in_organize	50
/work/work/shared/s-neomics/data/incoming/organize/	dijnbs296	found_in_organize	59
/work/work/shared/s-neomics/data/incoming/organize/	dijnbs297	found_in_organize	59
/work/work/shared/s-neomics/data/incoming/organize/	dijnbs298	found_in_organize	59
/work/work/shared/s-neomics/data/incoming/organize/	dijnbs300	found_in_organize	71
/work/work/shared/s-neomics/data/incoming/organize/	dijnbs301	found_in_organize	71
/work/work/shared/s-neomics/data/incoming/organize/	dijnbs281,dijnbs282,dijnbs283,dijnbs284,dijnbs285,dijnbs286,dijnbs287,dijnbs288,dijnbs289,dijnbs290,dijnbs291,dijnbs292,dijnbs293,dijnbs294,dijnbs295,dijnbs296,dijnbs297,dijnbs298,dijnbs300,dijnbs301	analysis_launched	4
/work/work/shared/s-neomics/data/incoming/organize/	dijnbs281,dijnbs282,dijnbs283,dijnbs284,dijnbs285,dijnbs286,dijnbs287,dijnbs288,dijnbs289,dijnbs290,dijnbs291,dijnbs292,dijnbs293,dijnbs294,dijnbs295,dijnbs296,dijnbs297,dijnbs298,dijnbs300,dijnbs301,dijnbs302	analysis_launched	7
/work/work/shared/s-neomics/data/incoming/organize/	dijnbs302	found_in_organize	76
/work/work/shared/s-neomics/data/incoming/organize/	dijnbs284,dijnbs285,dijnbs286,dijnbs287,dijnbs288,dijnbs289,dijnbs290,dijnbs291,dijnbs292,dijnbs293,dijnbs294,dijnbs295,dijnbs296,dijnbs297,dijnbs298,dijnbs300,dijnbs301,dijnbs302	analysis_launched	9
/work/work/shared/s-neomics/data/incoming/organize/	dijnbs287,dijnbs288,dijnbs289,dijnbs290,dijnbs291,dijnbs292,dijnbs293,dijnbs294,dijnbs295,dijnbs296,dijnbs297,dijnbs298,dijnbs300,dijnbs301,dijnbs302	analysis_launched	10
/work/work/shared/s-neomics/data/incoming/organize/	dijnbs289,dijnbs290,dijnbs291,dijnbs292,dijnbs293,dijnbs294,dijnbs295,dijnbs296,dijnbs297,dijnbs298,dijnbs300,dijnbs301,dijnbs302	analysis_launched	1
/work/work/shared/s-neomics/data/incoming/organize/	dijnbs290,dijnbs291,dijnbs292,dijnbs293,dijnbs294,dijnbs295,dijnbs296,dijnbs297,dijnbs298,dijnbs300,dijnbs301,dijnbs302	analysis_launched	10
/work/work/shared/s-neomics/data/incoming/organize/	dijnbs293,dijnbs294,dijnbs295,dijnbs296,dijnbs297,dijnbs298,dijnbs300,dijnbs301,dijnbs302	analysis_launched	8
/work/work/shared/s-neomics/data/incoming/organize/	dijnbs296,dijnbs297,dijnbs298,dijnbs300,dijnbs301,dijnbs302	analysis_launched	9
/work/work/shared/s-neomics/data/incoming/organize/	dijnbs300,dijnbs301,dijnbs302	analysis_launched	5
/work/work/shared/s-neomics/data/incoming/organize/	dijnbs299,dijnbs300,dijnbs301,dijnbs302	analysis_launched	7
/work/work/shared/s-neomics/data/incoming/organize/	dijnbs299	found_in_organize	7
/work/work/shared/s-neomics/data/incoming/organize/	dijnbs302	analysis_launched	10
/work/work/shared/s-neomics/data/incoming/organize/	dijnbs304,dijnbs305,dijnbs308,dijnbs313,dijnbs315,dijnbs317,dijnbs324	analysis_launched	1
/work/work/shared/s-neomics/data/incoming/organize/	dijnbs304	found_in_organize	1
/work/work/shared/s-neomics/data/incoming/organize/	dijnbs305	found_in_organize	1
/work/work/shared/s-neomics/data/incoming/organize/	dijnbs308	found_in_organize	1
/work/work/shared/s-neomics/data/incoming/organize/	dijnbs313	found_in_organize	21
/work/work/shared/s-neomics/data/incoming/organize/	dijnbs315	found_in_organize	26
/work/work/shared/s-neomics/data/incoming/organize/	dijnbs317	found_in_organize	26
/work/work/shared/s-neomics/data/incoming/organize/	dijnbs324	found_in_organize	40
/work/work/shared/s-neomics/data/incoming/organize/	dijnbs306,dijnbs311,dijnbs313,dijnbs315,dijnbs317,dijnbs318,dijnbs320,dijnbs323,dijnbs324,dijnbs325	analysis_launched	1
/work/work/shared/s-neomics/data/incoming/organize/	dijnbs306	found_in_organize	10
/work/work/shared/s-neomics/data/incoming/organize/	dijnbs311	found_in_organize	15
/work/work/shared/s-neomics/data/incoming/organize/	dijnbs318	found_in_organize	29
/work/work/shared/s-neomics/data/incoming/organize/	dijnbs320	found_in_organize	31
/work/work/shared/s-neomics/data/incoming/organize/	dijnbs323	found_in_organize	36
/work/work/shared/s-neomics/data/incoming/organize/	dijnbs325	found_in_organize	39
/work/work/shared/s-neomics/data/incoming/organize/	dijen2235,dijen2236,dijnbs303,dijnbs306,dijnbs307,dijnbs309,dijnbs310,dijnbs311,dijnbs312,dijnbs313,dijnbs314,dijnbs315,dijnbs316,dijnbs317,dijnbs318,dijnbs319,dijnbs320,dijnbs321,dijnbs322,dijnbs323,dijnbs324,dijnbs325,dijnbs326	analysis_launched	9
/work/work/shared/s-neomics/data/incoming/organize/	dijen2235	found_in_organize	43
/work/work/shared/s-neomics/data/incoming/organize/	dijen2236	found_in_organize	43
/work/work/shared/s-neomics/data/incoming/organize/	dijnbs303	found_in_organize	9
/work/work/shared/s-neomics/data/incoming/organize/	dijnbs307	found_in_organize	9
/work/work/shared/s-neomics/data/incoming/organize/	dijnbs309	found_in_organize	14
/work/work/shared/s-neomics/data/incoming/organize/	dijnbs310	found_in_organize	14
/work/work/shared/s-neomics/data/incoming/organize/	dijnbs312	found_in_organize	19
/work/work/shared/s-neomics/data/incoming/organize/	dijnbs314	found_in_organize	19
/work/work/shared/s-neomics/data/incoming/organize/	dijnbs316	found_in_organize	24
/work/work/shared/s-neomics/data/incoming/organize/	dijnbs319	found_in_organize	28
/work/work/shared/s-neomics/data/incoming/organize/	dijnbs321	found_in_organize	33
/work/work/shared/s-neomics/data/incoming/organize/	dijnbs322	found_in_organize	33
/work/work/shared/s-neomics/data/incoming/organize/	dijnbs326	found_in_organize	40
/work/work/shared/s-neomics/data/incoming/organize/	dijen2235,dijen2236,dijnbs309,dijnbs310,dijnbs311,dijnbs312,dijnbs313,dijnbs314,dijnbs315,dijnbs316,dijnbs317,dijnbs318,dijnbs319,dijnbs320,dijnbs321,dijnbs322,dijnbs323,dijnbs324,dijnbs325,dijnbs326	analysis_launched	5
/work/work/shared/s-neomics/data/incoming/organize/	dijen2235,dijen2236,dijnbs312,dijnbs313,dijnbs314,dijnbs315,dijnbs316,dijnbs317,dijnbs318,dijnbs319,dijnbs320,dijnbs321,dijnbs322,dijnbs323,dijnbs324,dijnbs325,dijnbs326	analysis_launched	5
/work/work/shared/s-neomics/data/incoming/organize/	dijen2235,dijen2236,dijnbs315,dijnbs316,dijnbs317,dijnbs318,dijnbs319,dijnbs320,dijnbs321,dijnbs322,dijnbs323,dijnbs324,dijnbs325,dijnbs326	analysis_launched	5
/work/work/shared/s-neomics/data/incoming/organize/	dijen2235,dijen2236,dijnbs318,dijnbs319,dijnbs320,dijnbs321,dijnbs322,dijnbs323,dijnbs324,dijnbs325,dijnbs326	analysis_launched	4
/work/work/shared/s-neomics/data/incoming/organize/	dijen2235,dijen2236,dijnbs320,dijnbs321,dijnbs322,dijnbs323,dijnbs324,dijnbs325,dijnbs326	analysis_launched	2
/work/work/shared/s-neomics/data/incoming/organize/	dijen2235,dijen2236,dijnbs321,dijnbs322,dijnbs323,dijnbs324,dijnbs325,dijnbs326	analysis_launched	3
/work/work/shared/s-neomics/data/incoming/organize/	dijen2235,dijen2236,dijnbs323,dijnbs324,dijnbs325,dijnbs326	analysis_launched	2
/work/work/shared/s-neomics/data/incoming/organize/	dijen2235,dijen2236,dijnbs324,dijnbs325,dijnbs326	analysis_launched	3
/work/work/shared/s-neomics/data/incoming/organize/	dijen2235,dijen2236,dijnbs326	analysis_launched	2
/work/work/shared/s-neomics/data/incoming/organize/	dijen2235,dijen2236	analysis_launched	3
/work/work/shared/s-neomics/data/incoming/organize/	dijnbs347,dijnbs348	analysis_launched	1
/work/work/shared/s-neomics/data/incoming/organize/	dijnbs347	found_in_organize	1
/work/work/shared/s-neomics/data/incoming/organize/	dijnbs348	found_in_organize	1
/work/work/shared/s-neomics/data/incoming/organize/	dijex10282,dijex10283,dijex10284,dijex10285,dijex10286,dijex10287,dijex10292,dijex10293,dijnbs327,dijnbs330,dijnbs337,dijnbs338,dijnbs340,dijnbs342,dijnbs343,dijnbs346,dijnbs349	analysis_launched	1
/work/work/shared/s-neomics/data/incoming/organize/	dijex10282	found_in_organize	48
/work/work/shared/s-neomics/data/incoming/organize/	dijex10283	found_in_organize	48
/work/work/shared/s-neomics/data/incoming/organize/	dijex10284	found_in_organize	48
/work/work/shared/s-neomics/data/incoming/organize/	dijex10285	found_in_organize	50
/work/work/shared/s-neomics/data/incoming/organize/	dijex10286	found_in_organize	50
/work/work/shared/s-neomics/data/incoming/organize/	dijex10287	found_in_organize	50
/work/work/shared/s-neomics/data/incoming/organize/	dijex10292	found_in_organize	51
/work/work/shared/s-neomics/data/incoming/organize/	dijex10293	found_in_organize	51
/work/work/shared/s-neomics/data/incoming/organize/	dijnbs327	found_in_organize	1
/work/work/shared/s-neomics/data/incoming/organize/	dijnbs330	found_in_organize	10
/work/work/shared/s-neomics/data/incoming/organize/	dijnbs337	found_in_organize	26
/work/work/shared/s-neomics/data/incoming/organize/	dijnbs338	found_in_organize	27
/work/work/shared/s-neomics/data/incoming/organize/	dijnbs340	found_in_organize	31
/work/work/shared/s-neomics/data/incoming/organize/	dijnbs342	found_in_organize	35
/work/work/shared/s-neomics/data/incoming/organize/	dijnbs343	found_in_organize	35
/work/work/shared/s-neomics/data/incoming/organize/	dijnbs346	found_in_organize	40
/work/work/shared/s-neomics/data/incoming/organize/	dijnbs349	found_in_organize	43
/work/work/shared/s-neomics/data/incoming/organize/	dijex10282,dijex10283,dijex10284,dijex10285,dijex10286,dijex10287,dijex10288,dijex10289,dijex10290,dijex10292,dijex10293,dijex10294,dijex10295,dijex10296,dijex10297,dijex10298,dijex10299,dijex10300,dijex10301,dijex10302,dijex10303,dijex10304,dijex10305,dijnbs330,dijnbs336,dijnbs337,dijnbs338,dijnbs340,dijnbs342,dijnbs343,dijnbs344,dijnbs346,dijnbs349	analysis_launched	1
/work/work/shared/s-neomics/data/incoming/organize/	dijex10288	found_in_organize	49
/work/work/shared/s-neomics/data/incoming/organize/	dijex10289	found_in_organize	49
/work/work/shared/s-neomics/data/incoming/organize/	dijex10290	found_in_organize	49
/work/work/shared/s-neomics/data/incoming/organize/	dijex10294	found_in_organize	50
/work/work/shared/s-neomics/data/incoming/organize/	dijex10295	found_in_organize	51
/work/work/shared/s-neomics/data/incoming/organize/	dijex10296	found_in_organize	51
/work/work/shared/s-neomics/data/incoming/organize/	dijex10297	found_in_organize	51
/work/work/shared/s-neomics/data/incoming/organize/	dijex10298	found_in_organize	51
/work/work/shared/s-neomics/data/incoming/organize/	dijex10299	found_in_organize	50
/work/work/shared/s-neomics/data/incoming/organize/	dijex10300	found_in_organize	50
/work/work/shared/s-neomics/data/incoming/organize/	dijex10301	found_in_organize	50
/work/work/shared/s-neomics/data/incoming/organize/	dijex10302	found_in_organize	51
/work/work/shared/s-neomics/data/incoming/organize/	dijex10303	found_in_organize	51
/work/work/shared/s-neomics/data/incoming/organize/	dijex10304	found_in_organize	52
/work/work/shared/s-neomics/data/incoming/organize/	dijex10305	found_in_organize	52
/work/work/shared/s-neomics/data/incoming/organize/	dijnbs336	found_in_organize	21
/work/work/shared/s-neomics/data/incoming/organize/	dijnbs344	found_in_organize	37
/work/work/shared/s-neomics/data/incoming/organize/	dijex10282,dijex10283,dijex10284,dijex10285,dijex10286,dijex10287,dijex10288,dijex10289,dijex10290,dijex10292,dijex10293,dijex10294,dijex10295,dijex10296,dijex10297,dijex10298,dijex10299,dijex10300,dijex10301,dijex10302,dijex10303,dijex10304,dijex10305,dijnbs330,dijnbs332,dijnbs333,dijnbs335,dijnbs336,dijnbs337,dijnbs338,dijnbs340,dijnbs341,dijnbs342,dijnbs343,dijnbs344,dijnbs345,dijnbs346,dijnbs349,dijnbs350	analysis_launched	1
/work/work/shared/s-neomics/data/incoming/organize/	dijnbs332	found_in_organize	14
/work/work/shared/s-neomics/data/incoming/organize/	dijnbs333	found_in_organize	14
/work/work/shared/s-neomics/data/incoming/organize/	dijnbs335	found_in_organize	19
/work/work/shared/s-neomics/data/incoming/organize/	dijnbs341	found_in_organize	30
/work/work/shared/s-neomics/data/incoming/organize/	dijnbs345	found_in_organize	38
/work/work/shared/s-neomics/data/incoming/organize/	dijnbs350	found_in_organize	43
/work/work/shared/s-neomics/data/incoming/organize/	dijen2237,dijen2238,dijex10282,dijex10283,dijex10284,dijex10285,dijex10286,dijex10287,dijex10288,dijex10289,dijex10290,dijex10292,dijex10293,dijex10294,dijex10295,dijex10296,dijex10297,dijex10298,dijex10299,dijex10300,dijex10301,dijex10302,dijex10303,dijex10304,dijex10305,dijnbs328,dijnbs329,dijnbs330,dijnbs331,dijnbs332,dijnbs333,dijnbs334,dijnbs335,dijnbs336,dijnbs337,dijnbs338,dijnbs339,dijnbs340,dijnbs341,dijnbs342,dijnbs343,dijnbs344,dijnbs345,dijnbs346,dijnbs349,dijnbs350	analysis_launched	7
/work/work/shared/s-neomics/data/incoming/organize/	dijen2237	found_in_organize	46
/work/work/shared/s-neomics/data/incoming/organize/	dijen2238	found_in_organize	46
/work/work/shared/s-neomics/data/incoming/organize/	dijnbs328	found_in_organize	7
/work/work/shared/s-neomics/data/incoming/organize/	dijnbs329	found_in_organize	7
/work/work/shared/s-neomics/data/incoming/organize/	dijnbs331	found_in_organize	12
/work/work/shared/s-neomics/data/incoming/organize/	dijnbs334	found_in_organize	16
/work/work/shared/s-neomics/data/incoming/organize/	dijnbs339	found_in_organize	24
/work/work/shared/s-neomics/data/incoming/organize/	dijen2237,dijen2238,dijex10282,dijex10283,dijex10284,dijex10285,dijex10286,dijex10287,dijex10288,dijex10289,dijex10290,dijex10292,dijex10293,dijex10294,dijex10295,dijex10296,dijex10297,dijex10298,dijex10299,dijex10300,dijex10301,dijex10302,dijex10303,dijex10304,dijex10305,dijnbs331,dijnbs332,dijnbs333,dijnbs334,dijnbs335,dijnbs336,dijnbs337,dijnbs338,dijnbs339,dijnbs340,dijnbs341,dijnbs342,dijnbs343,dijnbs344,dijnbs345,dijnbs346,dijnbs349,dijnbs350	analysis_launched	5
/work/work/shared/s-neomics/data/incoming/organize/	dijen2237,dijen2238,dijex10282,dijex10283,dijex10284,dijex10285,dijex10286,dijex10287,dijex10288,dijex10289,dijex10290,dijex10292,dijex10293,dijex10294,dijex10295,dijex10296,dijex10297,dijex10298,dijex10299,dijex10300,dijex10301,dijex10302,dijex10303,dijex10304,dijex10305,dijnbs332,dijnbs333,dijnbs334,dijnbs335,dijnbs336,dijnbs337,dijnbs338,dijnbs339,dijnbs340,dijnbs341,dijnbs342,dijnbs343,dijnbs344,dijnbs345,dijnbs346,dijnbs349,dijnbs350	analysis_launched	1
/work/work/shared/s-neomics/data/incoming/organize/	dijen2237,dijen2238,dijex10282,dijex10283,dijex10284,dijex10285,dijex10286,dijex10287,dijex10288,dijex10289,dijex10290,dijex10292,dijex10293,dijex10294,dijex10295,dijex10296,dijex10297,dijex10298,dijex10299,dijex10300,dijex10301,dijex10302,dijex10303,dijex10304,dijex10305,dijnbs334,dijnbs335,dijnbs336,dijnbs337,dijnbs338,dijnbs339,dijnbs340,dijnbs341,dijnbs342,dijnbs343,dijnbs344,dijnbs345,dijnbs346,dijnbs349,dijnbs350	analysis_launched	3
/work/work/shared/s-neomics/data/incoming/organize/	dijen2237,dijen2238,dijex10282,dijex10283,dijex10284,dijex10285,dijex10286,dijex10287,dijex10288,dijex10289,dijex10290,dijex10292,dijex10293,dijex10294,dijex10295,dijex10296,dijex10297,dijex10298,dijex10299,dijex10300,dijex10301,dijex10302,dijex10303,dijex10304,dijex10305,dijnbs335,dijnbs336,dijnbs337,dijnbs338,dijnbs339,dijnbs340,dijnbs341,dijnbs342,dijnbs343,dijnbs344,dijnbs345,dijnbs346,dijnbs349,dijnbs350	analysis_launched	2
/work/work/shared/s-neomics/data/incoming/organize/	dijen2237,dijen2238,dijex10282,dijex10283,dijex10284,dijex10285,dijex10286,dijex10287,dijex10288,dijex10289,dijex10290,dijex10292,dijex10293,dijex10294,dijex10295,dijex10296,dijex10297,dijex10298,dijex10299,dijex10300,dijex10301,dijex10302,dijex10303,dijex10304,dijex10305,dijnbs336,dijnbs337,dijnbs338,dijnbs339,dijnbs340,dijnbs341,dijnbs342,dijnbs343,dijnbs344,dijnbs345,dijnbs346,dijnbs349,dijnbs350	analysis_launched	1
/work/work/shared/s-neomics/data/incoming/organize/	dijen2237,dijen2238,dijex10282,dijex10283,dijex10284,dijex10285,dijex10286,dijex10287,dijex10288,dijex10289,dijex10290,dijex10292,dijex10293,dijex10294,dijex10295,dijex10296,dijex10297,dijex10298,dijex10299,dijex10300,dijex10301,dijex10302,dijex10303,dijex10304,dijex10305,dijnbs337,dijnbs338,dijnbs339,dijnbs340,dijnbs341,dijnbs342,dijnbs343,dijnbs344,dijnbs345,dijnbs346,dijnbs349,dijnbs350	analysis_launched	4
/work/work/shared/s-neomics/data/incoming/organize/	dijen2237,dijen2238,dijex10282,dijex10283,dijex10284,dijex10285,dijex10286,dijex10287,dijex10288,dijex10289,dijex10290,dijex10292,dijex10293,dijex10294,dijex10295,dijex10296,dijex10297,dijex10298,dijex10299,dijex10300,dijex10301,dijex10302,dijex10303,dijex10304,dijex10305,dijnbs338,dijnbs339,dijnbs340,dijnbs341,dijnbs342,dijnbs343,dijnbs344,dijnbs345,dijnbs346,dijnbs349,dijnbs350	analysis_launched	1
/work/work/shared/s-neomics/data/incoming/organize/	dijen2237,dijen2238,dijex10282,dijex10283,dijex10284,dijex10285,dijex10286,dijex10287,dijex10288,dijex10289,dijex10290,dijex10292,dijex10293,dijex10294,dijex10295,dijex10296,dijex10297,dijex10298,dijex10299,dijex10300,dijex10301,dijex10302,dijex10303,dijex10304,dijex10305,dijnbs340,dijnbs341,dijnbs342,dijnbs343,dijnbs344,dijnbs345,dijnbs346,dijnbs349,dijnbs350	analysis_launched	4
/work/work/shared/s-neomics/data/incoming/organize/	dijen2237,dijen2238,dijex10282,dijex10283,dijex10284,dijex10285,dijex10286,dijex10287,dijex10288,dijex10289,dijex10290,dijex10292,dijex10293,dijex10294,dijex10295,dijex10296,dijex10297,dijex10298,dijex10299,dijex10300,dijex10301,dijex10302,dijex10303,dijex10304,dijex10305,dijnbs341,dijnbs342,dijnbs343,dijnbs344,dijnbs345,dijnbs346,dijnbs349,dijnbs350	analysis_launched	1
/work/work/shared/s-neomics/data/incoming/organize/	dijen2237,dijen2238,dijex10282,dijex10283,dijex10284,dijex10285,dijex10286,dijex10287,dijex10288,dijex10289,dijex10290,dijex10292,dijex10293,dijex10294,dijex10295,dijex10296,dijex10297,dijex10298,dijex10299,dijex10300,dijex10301,dijex10302,dijex10303,dijex10304,dijex10305,dijnbs342,dijnbs343,dijnbs344,dijnbs345,dijnbs346,dijnbs349,dijnbs350	analysis_launched	3
/work/work/shared/s-neomics/data/incoming/organize/	dijen2237,dijen2238,dijex10282,dijex10283,dijex10284,dijex10285,dijex10286,dijex10287,dijex10288,dijex10289,dijex10290,dijex10292,dijex10293,dijex10294,dijex10295,dijex10296,dijex10297,dijex10298,dijex10299,dijex10300,dijex10301,dijex10302,dijex10303,dijex10304,dijex10305,dijnbs344,dijnbs345,dijnbs346,dijnbs349,dijnbs350	analysis_launched	3
/work/work/shared/s-neomics/data/incoming/organize/	dijen2237,dijen2238,dijex10282,dijex10283,dijex10284,dijex10285,dijex10286,dijex10287,dijex10288,dijex10289,dijex10290,dijex10292,dijex10293,dijex10294,dijex10295,dijex10296,dijex10297,dijex10298,dijex10299,dijex10300,dijex10301,dijex10302,dijex10303,dijex10304,dijex10305,dijnbs345,dijnbs346,dijnbs349,dijnbs350	analysis_launched	2
/work/work/shared/s-neomics/data/incoming/organize/	dijen2237,dijen2238,dijex10282,dijex10283,dijex10284,dijex10285,dijex10286,dijex10287,dijex10288,dijex10289,dijex10290,dijex10292,dijex10293,dijex10294,dijex10295,dijex10296,dijex10297,dijex10298,dijex10299,dijex10300,dijex10301,dijex10302,dijex10303,dijex10304,dijex10305,dijnbs349,dijnbs350	analysis_launched	3
/work/work/shared/s-neomics/data/incoming/organize/	dijen2237,dijen2238,dijex10282,dijex10283,dijex10284,dijex10285,dijex10286,dijex10287,dijex10288,dijex10289,dijex10290,dijex10292,dijex10293,dijex10294,dijex10295,dijex10296,dijex10297,dijex10298,dijex10299,dijex10300,dijex10301,dijex10302,dijex10303,dijex10304,dijex10305,dijnbs350	analysis_launched	2
/work/work/shared/s-neomics/data/incoming/organize/	dijen2237,dijen2238,dijex10282,dijex10283,dijex10284,dijex10285,dijex10286,dijex10287,dijex10288,dijex10289,dijex10290,dijex10292,dijex10293,dijex10294,dijex10295,dijex10296,dijex10297,dijex10298,dijex10299,dijex10300,dijex10301,dijex10302,dijex10303,dijex10304,dijex10305	analysis_launched	3
/work/work/shared/s-neomics/data/incoming/organize/	dijen2237,dijen2238,dijex10285,dijex10286,dijex10287,dijex10288,dijex10289,dijex10290,dijex10292,dijex10293,dijex10294,dijex10295,dijex10296,dijex10297,dijex10298,dijex10299,dijex10300,dijex10301,dijex10302,dijex10303,dijex10304,dijex10305	analysis_launched	1
/work/work/shared/s-neomics/data/incoming/organize/	dijex10285,dijex10286,dijex10287,dijex10288,dijex10289,dijex10290,dijex10292,dijex10293,dijex10294,dijex10295,dijex10296,dijex10297,dijex10298,dijex10299,dijex10300,dijex10301,dijex10302,dijex10303,dijex10304,dijex10305	analysis_launched	1
/work/work/shared/s-neomics/data/incoming/organize/	dijex10292,dijex10293,dijex10294,dijex10295,dijex10296,dijex10297,dijex10298,dijex10299,dijex10300,dijex10301,dijex10302,dijex10303,dijex10304,dijex10305	analysis_launched	1
/work/work/shared/s-neomics/data/incoming/organize/	dijex10295,dijex10296,dijex10297,dijex10298,dijex10302,dijex10303,dijex10304,dijex10305	analysis_launched	1
/work/work/shared/s-neomics/data/incoming/organize/	dijex10304,dijex10305	analysis_launched	1
/work/work/shared/s-neomics/data/incoming/organize/	dijnbs367	analysis_launched	1
/work/work/shared/s-neomics/data/incoming/organize/	dijnbs367	found_in_organize	1
/work/work/shared/s-neomics/data/incoming/organize/	dijnbs351,dijnbs353,dijnbs360,dijnbs362,dijnbs365,dijnbs366,dijnbs369,dijnbs370,dijnbs371,dijnbs373,dijnbs374	analysis_launched	1
/work/work/shared/s-neomics/data/incoming/organize/	dijnbs351	found_in_organize	1
/work/work/shared/s-neomics/data/incoming/organize/	dijnbs353	found_in_organize	1
/work/work/shared/s-neomics/data/incoming/organize/	dijnbs360	found_in_organize	19
/work/work/shared/s-neomics/data/incoming/organize/	dijnbs362	found_in_organize	24
/work/work/shared/s-neomics/data/incoming/organize/	dijnbs365	found_in_organize	29
/work/work/shared/s-neomics/data/incoming/organize/	dijnbs366	found_in_organize	29
/work/work/shared/s-neomics/data/incoming/organize/	dijnbs369	found_in_organize	34
/work/work/shared/s-neomics/data/incoming/organize/	dijnbs370	found_in_organize	34
/work/work/shared/s-neomics/data/incoming/organize/	dijnbs371	found_in_organize	38
/work/work/shared/s-neomics/data/incoming/organize/	dijnbs373	found_in_organize	39
/work/work/shared/s-neomics/data/incoming/organize/	dijnbs374	found_in_organize	43
/work/work/shared/s-neomics/data/incoming/organize/	dijnbs360,dijnbs362,dijnbs365,dijnbs366,dijnbs369,dijnbs370,dijnbs371,dijnbs373,dijnbs374	analysis_launched	1
/work/work/shared/s-neomics/data/incoming/organize/	dijnbs352,dijnbs354,dijnbs355,dijnbs356,dijnbs357,dijnbs358,dijnbs359,dijnbs360,dijnbs361,dijnbs362,dijnbs363,dijnbs364,dijnbs365,dijnbs366,dijnbs368,dijnbs369,dijnbs370,dijnbs371,dijnbs372,dijnbs373,dijnbs374,dijnbs375	analysis_launched	6
/work/work/shared/s-neomics/data/incoming/organize/	dijnbs352	found_in_organize	6
/work/work/shared/s-neomics/data/incoming/organize/	dijnbs354	found_in_organize	7
/work/work/shared/s-neomics/data/incoming/organize/	dijnbs355	found_in_organize	7
/work/work/shared/s-neomics/data/incoming/organize/	dijnbs356	found_in_organize	11
/work/work/shared/s-neomics/data/incoming/organize/	dijnbs357	found_in_organize	12
/work/work/shared/s-neomics/data/incoming/organize/	dijnbs358	found_in_organize	12
/work/work/shared/s-neomics/data/incoming/organize/	dijnbs359	found_in_organize	17
/work/work/shared/s-neomics/data/incoming/organize/	dijnbs361	found_in_organize	18
/work/work/shared/s-neomics/data/incoming/organize/	dijnbs363	found_in_organize	22
/work/work/shared/s-neomics/data/incoming/organize/	dijnbs364	found_in_organize	24
/work/work/shared/s-neomics/data/incoming/organize/	dijnbs368	found_in_organize	30
/work/work/shared/s-neomics/data/incoming/organize/	dijnbs372	found_in_organize	37
/work/work/shared/s-neomics/data/incoming/organize/	dijnbs375	found_in_organize	42
/work/work/shared/s-neomics/data/incoming/organize/	dijnbs354,dijnbs355,dijnbs356,dijnbs357,dijnbs358,dijnbs359,dijnbs360,dijnbs361,dijnbs362,dijnbs363,dijnbs364,dijnbs365,dijnbs366,dijnbs368,dijnbs369,dijnbs370,dijnbs371,dijnbs372,dijnbs373,dijnbs374,dijnbs375	analysis_launched	1
/work/work/shared/s-neomics/data/incoming/organize/	dijnbs356,dijnbs357,dijnbs358,dijnbs359,dijnbs360,dijnbs361,dijnbs362,dijnbs363,dijnbs364,dijnbs365,dijnbs366,dijnbs368,dijnbs369,dijnbs370,dijnbs371,dijnbs372,dijnbs373,dijnbs374,dijnbs375	analysis_launched	4
/work/work/shared/s-neomics/data/incoming/organize/	dijnbs357,dijnbs358,dijnbs359,dijnbs360,dijnbs361,dijnbs362,dijnbs363,dijnbs364,dijnbs365,dijnbs366,dijnbs368,dijnbs369,dijnbs370,dijnbs371,dijnbs372,dijnbs373,dijnbs374,dijnbs375	analysis_launched	1
/work/work/shared/s-neomics/data/incoming/organize/	dijnbs359,dijnbs360,dijnbs361,dijnbs362,dijnbs363,dijnbs364,dijnbs365,dijnbs366,dijnbs368,dijnbs369,dijnbs370,dijnbs371,dijnbs372,dijnbs373,dijnbs374,dijnbs375	analysis_launched	5
/work/work/shared/s-neomics/data/incoming/organize/	dijnbs361,dijnbs362,dijnbs363,dijnbs364,dijnbs365,dijnbs366,dijnbs368,dijnbs369,dijnbs370,dijnbs371,dijnbs372,dijnbs373,dijnbs374,dijnbs375	analysis_launched	1
/work/work/shared/s-neomics/data/incoming/organize/	dijnbs362,dijnbs363,dijnbs364,dijnbs365,dijnbs366,dijnbs368,dijnbs369,dijnbs370,dijnbs371,dijnbs372,dijnbs373,dijnbs374,dijnbs375	analysis_launched	4
/work/work/shared/s-neomics/data/incoming/organize/	dijnbs364,dijnbs365,dijnbs366,dijnbs368,dijnbs369,dijnbs370,dijnbs371,dijnbs372,dijnbs373,dijnbs374,dijnbs375	analysis_launched	2
/work/work/shared/s-neomics/data/incoming/organize/	dijnbs365,dijnbs366,dijnbs368,dijnbs369,dijnbs370,dijnbs371,dijnbs372,dijnbs373,dijnbs374,dijnbs375	analysis_launched	3
/work/work/shared/s-neomics/data/incoming/organize/	dijnbs368,dijnbs369,dijnbs370,dijnbs371,dijnbs372,dijnbs373,dijnbs374,dijnbs375	analysis_launched	3
/work/work/shared/s-neomics/data/incoming/organize/	dijnbs369,dijnbs370,dijnbs371,dijnbs372,dijnbs373,dijnbs374,dijnbs375	analysis_launched	2
/work/work/shared/s-neomics/data/incoming/organize/	dijnbs371,dijnbs372,dijnbs373,dijnbs374,dijnbs375	analysis_launched	4
/work/work/shared/s-neomics/data/incoming/organize/	dijnbs372,dijnbs373,dijnbs374,dijnbs375	analysis_launched	1
/work/work/shared/s-neomics/data/incoming/organize/	dijnbs374,dijnbs375	analysis_launched	4
/work/work/shared/s-neomics/data/incoming/organize/	dijnbs375	analysis_launched	1
/work/work/shared/s-neomics/data/incoming/organize/	dijnbs391	analysis_launched	1
/work/work/shared/s-neomics/data/incoming/organize/	dijnbs391	found_in_organize	1
/work/work/shared/s-neomics/data/incoming/organize/	dijnbs376,dijnbs380,dijnbs381,dijnbs382,dijnbs383,dijnbs385,dijnbs399	analysis_launched	1
/work/work/shared/s-neomics/data/incoming/organize/	dijnbs376	found_in_organize	1
/work/work/shared/s-neomics/data/incoming/organize/	dijnbs380	found_in_organize	1
/work/work/shared/s-neomics/data/incoming/organize/	dijnbs381	found_in_organize	11
/work/work/shared/s-neomics/data/incoming/organize/	dijnbs382	found_in_organize	13
/work/work/shared/s-neomics/data/incoming/organize/	dijnbs383	found_in_organize	13
/work/work/shared/s-neomics/data/incoming/organize/	dijnbs385	found_in_organize	18
/work/work/shared/s-neomics/data/incoming/organize/	dijnbs399	found_in_organize	42
/work/work/shared/s-neomics/data/incoming/organize/	dijnbs377,dijnbs379,dijnbs381,dijnbs382,dijnbs383,dijnbs384,dijnbs385,dijnbs386,dijnbs387,dijnbs388,dijnbs389,dijnbs390,dijnbs392,dijnbs393,dijnbs394,dijnbs395,dijnbs396,dijnbs397,dijnbs398,dijnbs399,dijnbs400	analysis_launched	2
/work/work/shared/s-neomics/data/incoming/organize/	dijnbs377	found_in_organize	4
/work/work/shared/s-neomics/data/incoming/organize/	dijnbs379	found_in_organize	6
/work/work/shared/s-neomics/data/incoming/organize/	dijnbs384	found_in_organize	15
/work/work/shared/s-neomics/data/incoming/organize/	dijnbs386	found_in_organize	17
/work/work/shared/s-neomics/data/incoming/organize/	dijnbs387	found_in_organize	20
/work/work/shared/s-neomics/data/incoming/organize/	dijnbs388	found_in_organize	22
/work/work/shared/s-neomics/data/incoming/organize/	dijnbs389	found_in_organize	23
/work/work/shared/s-neomics/data/incoming/organize/	dijnbs390	found_in_organize	26
/work/work/shared/s-neomics/data/incoming/organize/	dijnbs392	found_in_organize	28
/work/work/shared/s-neomics/data/incoming/organize/	dijnbs393	found_in_organize	28
/work/work/shared/s-neomics/data/incoming/organize/	dijnbs394	found_in_organize	32
/work/work/shared/s-neomics/data/incoming/organize/	dijnbs395	found_in_organize	34
/work/work/shared/s-neomics/data/incoming/organize/	dijnbs396	found_in_organize	35
/work/work/shared/s-neomics/data/incoming/organize/	dijnbs397	found_in_organize	38
/work/work/shared/s-neomics/data/incoming/organize/	dijnbs398	found_in_organize	40
/work/work/shared/s-neomics/data/incoming/organize/	dijnbs400	found_in_organize	43
/work/work/shared/s-neomics/data/incoming/organize/	dijnbs377,dijnbs378,dijnbs379,dijnbs381,dijnbs382,dijnbs383,dijnbs384,dijnbs385,dijnbs386,dijnbs387,dijnbs388,dijnbs389,dijnbs390,dijnbs392,dijnbs393,dijnbs394,dijnbs395,dijnbs396,dijnbs397,dijnbs398,dijnbs399,dijnbs400	analysis_launched	2
/work/work/shared/s-neomics/data/incoming/organize/	dijnbs378	found_in_organize	4
/work/work/shared/s-neomics/data/incoming/organize/	dijnbs378,dijnbs379,dijnbs381,dijnbs382,dijnbs383,dijnbs384,dijnbs385,dijnbs386,dijnbs387,dijnbs388,dijnbs389,dijnbs390,dijnbs392,dijnbs393,dijnbs394,dijnbs395,dijnbs396,dijnbs397,dijnbs398,dijnbs399,dijnbs400	analysis_launched	2
/work/work/shared/s-neomics/data/incoming/organize/	dijnbs381,dijnbs382,dijnbs383,dijnbs384,dijnbs385,dijnbs386,dijnbs387,dijnbs388,dijnbs389,dijnbs390,dijnbs392,dijnbs393,dijnbs394,dijnbs395,dijnbs396,dijnbs397,dijnbs398,dijnbs399,dijnbs400	analysis_launched	4
/work/work/shared/s-neomics/data/incoming/organize/	dijnbs382,dijnbs383,dijnbs384,dijnbs385,dijnbs386,dijnbs387,dijnbs388,dijnbs389,dijnbs390,dijnbs392,dijnbs393,dijnbs394,dijnbs395,dijnbs396,dijnbs397,dijnbs398,dijnbs399,dijnbs400	analysis_launched	2
/work/work/shared/s-neomics/data/incoming/organize/	dijnbs384,dijnbs385,dijnbs386,dijnbs387,dijnbs388,dijnbs389,dijnbs390,dijnbs392,dijnbs393,dijnbs394,dijnbs395,dijnbs396,dijnbs397,dijnbs398,dijnbs399,dijnbs400	analysis_launched	3
/work/work/shared/s-neomics/data/incoming/organize/	dijnbs385,dijnbs386,dijnbs387,dijnbs388,dijnbs389,dijnbs390,dijnbs392,dijnbs393,dijnbs394,dijnbs395,dijnbs396,dijnbs397,dijnbs398,dijnbs399,dijnbs400	analysis_launched	2
/work/work/shared/s-neomics/data/incoming/organize/	dijnbs387,dijnbs388,dijnbs389,dijnbs390,dijnbs392,dijnbs393,dijnbs394,dijnbs395,dijnbs396,dijnbs397,dijnbs398,dijnbs399,dijnbs400	analysis_launched	3
/work/work/shared/s-neomics/data/incoming/organize/	dijnbs388,dijnbs389,dijnbs390,dijnbs392,dijnbs393,dijnbs394,dijnbs395,dijnbs396,dijnbs397,dijnbs398,dijnbs399,dijnbs400	analysis_launched	2
/work/work/shared/s-neomics/data/incoming/organize/	dijnbs389,dijnbs390,dijnbs392,dijnbs393,dijnbs394,dijnbs395,dijnbs396,dijnbs397,dijnbs398,dijnbs399,dijnbs400	analysis_launched	1
/work/work/shared/s-neomics/data/incoming/organize/	dijnbs390,dijnbs392,dijnbs393,dijnbs394,dijnbs395,dijnbs396,dijnbs397,dijnbs398,dijnbs399,dijnbs400	analysis_launched	3
/work/work/shared/s-neomics/data/incoming/organize/	dijnbs392,dijnbs393,dijnbs394,dijnbs395,dijnbs396,dijnbs397,dijnbs398,dijnbs399,dijnbs400	analysis_launched	2
/work/work/shared/s-neomics/data/incoming/organize/	dijnbs394,dijnbs395,dijnbs396,dijnbs397,dijnbs398,dijnbs399,dijnbs400	analysis_launched	4
/work/work/shared/s-neomics/data/incoming/organize/	dijnbs395,dijnbs396,dijnbs397,dijnbs398,dijnbs399,dijnbs400	analysis_launched	2
/work/work/shared/s-neomics/data/incoming/organize/	dijnbs396,dijnbs397,dijnbs398,dijnbs399,dijnbs400	analysis_launched	1
/work/work/shared/s-neomics/data/incoming/organize/	dijnbs397,dijnbs398,dijnbs399,dijnbs400	analysis_launched	3
/work/work/shared/s-neomics/data/incoming/organize/	dijnbs398,dijnbs399,dijnbs400	analysis_launched	2
/work/work/shared/s-neomics/data/incoming/organize/	dijnbs399,dijnbs400	analysis_launched	1
/work/work/shared/s-neomics/data/incoming/organize/	dijnbs400	analysis_launched	2
/work/work/shared/s-neomics/data/incoming/organize/	dijnbs401,dijnbs402,dijnbs403,dijnbs404,dijnbs405	analysis_launched	1
/work/work/shared/s-neomics/data/incoming/organize/	dijnbs401	found_in_organize	1
/work/work/shared/s-neomics/data/incoming/organize/	dijnbs402	found_in_organize	1
/work/work/shared/s-neomics/data/incoming/organize/	dijnbs403	found_in_organize	1
/work/work/shared/s-neomics/data/incoming/organize/	dijnbs404	found_in_organize	11
/work/work/shared/s-neomics/data/incoming/organize/	dijnbs405	found_in_organize	11
/work/work/shared/s-neomics/data/incoming/organize/	dijnbs404,dijnbs405	analysis_launched	10
/work/work/shared/s-neomics/data/incoming/organize/	dijnbs406,dijnbs407,dijnbs408,dijnbs409,dijnbs410	analysis_launched	1
/work/work/shared/s-neomics/data/incoming/organize/	dijnbs406	found_in_organize	1
/work/work/shared/s-neomics/data/incoming/organize/	dijnbs407	found_in_organize	1
/work/work/shared/s-neomics/data/incoming/organize/	dijnbs408	found_in_organize	1
/work/work/shared/s-neomics/data/incoming/organize/	dijnbs409	found_in_organize	11
/work/work/shared/s-neomics/data/incoming/organize/	dijnbs410	found_in_organize	11
/work/work/shared/s-neomics/data/incoming/organize/	dijnbs409,dijnbs410	analysis_launched	10
/work/work/shared/s-neomics/data/incoming/organize/	dijnbs419,dijnbs420	analysis_launched	1
/work/work/shared/s-neomics/data/incoming/organize/	dijnbs419	found_in_organize	1
/work/work/shared/s-neomics/data/incoming/organize/	dijnbs420	found_in_organize	1
/work/work/shared/s-neomics/data/incoming/organize/	dijnbs414,dijnbs415,dijnbs416	analysis_launched	1
/work/work/shared/s-neomics/data/incoming/organize/	dijnbs414	found_in_organize	1
/work/work/shared/s-neomics/data/incoming/organize/	dijnbs415	found_in_organize	14
/work/work/shared/s-neomics/data/incoming/organize/	dijnbs416	found_in_organize	14
/work/work/shared/s-neomics/data/incoming/organize/	dijnbs411,dijnbs412,dijnbs413,dijnbs415,dijnbs416,dijnbs417,dijnbs418	analysis_launched	7
/work/work/shared/s-neomics/data/incoming/organize/	dijnbs411	found_in_organize	7
/work/work/shared/s-neomics/data/incoming/organize/	dijnbs412	found_in_organize	7
/work/work/shared/s-neomics/data/incoming/organize/	dijnbs413	found_in_organize	7
/work/work/shared/s-neomics/data/incoming/organize/	dijnbs417	found_in_organize	13
/work/work/shared/s-neomics/data/incoming/organize/	dijnbs418	found_in_organize	18
/work/work/shared/s-neomics/data/incoming/organize/	dijnbs415,dijnbs416,dijnbs417,dijnbs418	analysis_launched	6
/work/work/shared/s-neomics/data/incoming/organize/	dijnbs418	analysis_launched	5
/work/work/shared/s-neomics/data/incoming/organize/	dijnbs436	analysis_launched	1
/work/work/shared/s-neomics/data/incoming/organize/	dijnbs436	found_in_organize	1
/work/work/shared/s-neomics/data/incoming/organize/	dijnbs422,dijnbs430,dijnbs435,dijnbs440,dijnbs441,dijnbs442	analysis_launched	1
/work/work/shared/s-neomics/data/incoming/organize/	dijnbs422	found_in_organize	37
/work/work/shared/s-neomics/data/incoming/organize/	dijnbs430	found_in_organize	16
/work/work/shared/s-neomics/data/incoming/organize/	dijnbs435	found_in_organize	1
/work/work/shared/s-neomics/data/incoming/organize/	dijnbs440	found_in_organize	1
/work/work/shared/s-neomics/data/incoming/organize/	dijnbs441	found_in_organize	31
/work/work/shared/s-neomics/data/incoming/organize/	dijnbs442	found_in_organize	32
/work/work/shared/s-neomics/data/incoming/organize/	dijnbs422,dijnbs424,dijnbs425,dijnbs426,dijnbs427,dijnbs428,dijnbs429,dijnbs430,dijnbs431,dijnbs432,dijnbs433,dijnbs434,dijnbs437,dijnbs438,dijnbs439,dijnbs441,dijnbs442,dijnbs443	analysis_launched	2
/work/work/shared/s-neomics/data/incoming/organize/	dijnbs424	found_in_organize	5
/work/work/shared/s-neomics/data/incoming/organize/	dijnbs425	found_in_organize	5
/work/work/shared/s-neomics/data/incoming/organize/	dijnbs426	found_in_organize	10
/work/work/shared/s-neomics/data/incoming/organize/	dijnbs427	found_in_organize	10
/work/work/shared/s-neomics/data/incoming/organize/	dijnbs428	found_in_organize	11
/work/work/shared/s-neomics/data/incoming/organize/	dijnbs429	found_in_organize	15
/work/work/shared/s-neomics/data/incoming/organize/	dijnbs431	found_in_organize	16
/work/work/shared/s-neomics/data/incoming/organize/	dijnbs432	found_in_organize	20
/work/work/shared/s-neomics/data/incoming/organize/	dijnbs433	found_in_organize	20
/work/work/shared/s-neomics/data/incoming/organize/	dijnbs434	found_in_organize	21
/work/work/shared/s-neomics/data/incoming/organize/	dijnbs437	found_in_organize	25
/work/work/shared/s-neomics/data/incoming/organize/	dijnbs438	found_in_organize	25
/work/work/shared/s-neomics/data/incoming/organize/	dijnbs439	found_in_organize	27
/work/work/shared/s-neomics/data/incoming/organize/	dijnbs443	found_in_organize	33
/work/work/shared/s-neomics/data/incoming/organize/	dijnbs421,dijnbs422,dijnbs423,dijnbs424,dijnbs425,dijnbs426,dijnbs427,dijnbs428,dijnbs429,dijnbs430,dijnbs431,dijnbs432,dijnbs433,dijnbs434,dijnbs437,dijnbs438,dijnbs439,dijnbs441,dijnbs442,dijnbs443	analysis_launched	2
/work/work/shared/s-neomics/data/incoming/organize/	dijnbs421	found_in_organize	33
/work/work/shared/s-neomics/data/incoming/organize/	dijnbs423	found_in_organize	2
/work/work/shared/s-neomics/data/incoming/organize/	dijnbs421,dijnbs422,dijnbs424,dijnbs425,dijnbs426,dijnbs427,dijnbs428,dijnbs429,dijnbs430,dijnbs431,dijnbs432,dijnbs433,dijnbs434,dijnbs437,dijnbs438,dijnbs439,dijnbs441,dijnbs442,dijnbs443	analysis_launched	1
/work/work/shared/s-neomics/data/incoming/organize/	dijnbs421,dijnbs422,dijnbs426,dijnbs427,dijnbs428,dijnbs429,dijnbs430,dijnbs431,dijnbs432,dijnbs433,dijnbs434,dijnbs437,dijnbs438,dijnbs439,dijnbs441,dijnbs442,dijnbs443	analysis_launched	5
/work/work/shared/s-neomics/data/incoming/organize/	dijnbs421,dijnbs422,dijnbs428,dijnbs429,dijnbs430,dijnbs431,dijnbs432,dijnbs433,dijnbs434,dijnbs437,dijnbs438,dijnbs439,dijnbs441,dijnbs442,dijnbs443	analysis_launched	1
/work/work/shared/s-neomics/data/incoming/organize/	dijnbs421,dijnbs422,dijnbs429,dijnbs430,dijnbs431,dijnbs432,dijnbs433,dijnbs434,dijnbs437,dijnbs438,dijnbs439,dijnbs441,dijnbs442,dijnbs443	analysis_launched	4
/work/work/shared/s-neomics/data/incoming/organize/	dijnbs421,dijnbs422,dijnbs431,dijnbs432,dijnbs433,dijnbs434,dijnbs437,dijnbs438,dijnbs439,dijnbs441,dijnbs442,dijnbs443	analysis_launched	1
/work/work/shared/s-neomics/data/incoming/organize/	dijnbs421,dijnbs422,dijnbs432,dijnbs433,dijnbs434,dijnbs437,dijnbs438,dijnbs439,dijnbs441,dijnbs442,dijnbs443	analysis_launched	4
/work/work/shared/s-neomics/data/incoming/organize/	dijnbs421,dijnbs422,dijnbs434,dijnbs437,dijnbs438,dijnbs439,dijnbs441,dijnbs442,dijnbs443	analysis_launched	1
/work/work/shared/s-neomics/data/incoming/organize/	dijnbs421,dijnbs422,dijnbs437,dijnbs438,dijnbs439,dijnbs441,dijnbs442,dijnbs443	analysis_launched	4
/work/work/shared/s-neomics/data/incoming/organize/	dijnbs421,dijnbs422,dijnbs439,dijnbs441,dijnbs442,dijnbs443	analysis_launched	2
/work/work/shared/s-neomics/data/incoming/organize/	dijnbs421,dijnbs422,dijnbs441,dijnbs442,dijnbs443	analysis_launched	3
/work/work/shared/s-neomics/data/incoming/organize/	dijnbs421,dijnbs422,dijnbs442,dijnbs443	analysis_launched	1
/work/work/shared/s-neomics/data/incoming/organize/	dijnbs421,dijnbs422,dijnbs443	analysis_launched	2
/work/work/shared/s-neomics/data/incoming/organize/	dijnbs421,dijnbs422	analysis_launched	2
/work/work/shared/s-neomics/data/incoming/organize/	dijnbs422	analysis_launched	1
/work/work/shared/s-neomics/data/incoming/organize/	dijnbs444,dijnbs445,dijnbs446,dijnbs447,dijnbs448,dijnbs449,dijnbs450,dijnbs451,dijnbs452,dijnbs453,dijnbs454,dijnbs455,dijnbs456,dijnbs457,dijnbs458,dijnbs459,dijnbs460,dijnbs461,dijnbs462,dijnbs463,dijnbs464,dijnbs465,dijnbs466,dijnbs467,dijnbs468	analysis_launched	1
/work/work/shared/s-neomics/data/incoming/organize/	dijnbs444	found_in_organize	1
/work/work/shared/s-neomics/data/incoming/organize/	dijnbs445	found_in_organize	1
/work/work/shared/s-neomics/data/incoming/organize/	dijnbs446	found_in_organize	1
/work/work/shared/s-neomics/data/incoming/organize/	dijnbs447	found_in_organize	12
/work/work/shared/s-neomics/data/incoming/organize/	dijnbs448	found_in_organize	12
/work/work/shared/s-neomics/data/incoming/organize/	dijnbs449	found_in_organize	12
/work/work/shared/s-neomics/data/incoming/organize/	dijnbs450	found_in_organize	23
/work/work/shared/s-neomics/data/incoming/organize/	dijnbs451	found_in_organize	23
/work/work/shared/s-neomics/data/incoming/organize/	dijnbs452	found_in_organize	23
/work/work/shared/s-neomics/data/incoming/organize/	dijnbs453	found_in_organize	32
/work/work/shared/s-neomics/data/incoming/organize/	dijnbs454	found_in_organize	33
/work/work/shared/s-neomics/data/incoming/organize/	dijnbs455	found_in_organize	33
/work/work/shared/s-neomics/data/incoming/organize/	dijnbs456	found_in_organize	41
/work/work/shared/s-neomics/data/incoming/organize/	dijnbs457	found_in_organize	41
/work/work/shared/s-neomics/data/incoming/organize/	dijnbs458	found_in_organize	41
/work/work/shared/s-neomics/data/incoming/organize/	dijnbs459	found_in_organize	49
/work/work/shared/s-neomics/data/incoming/organize/	dijnbs460	found_in_organize	49
/work/work/shared/s-neomics/data/incoming/organize/	dijnbs461	found_in_organize	49
/work/work/shared/s-neomics/data/incoming/organize/	dijnbs462	found_in_organize	56
/work/work/shared/s-neomics/data/incoming/organize/	dijnbs463	found_in_organize	56
/work/work/shared/s-neomics/data/incoming/organize/	dijnbs464	found_in_organize	56
/work/work/shared/s-neomics/data/incoming/organize/	dijnbs465	found_in_organize	63
/work/work/shared/s-neomics/data/incoming/organize/	dijnbs466	found_in_organize	63
/work/work/shared/s-neomics/data/incoming/organize/	dijnbs467	found_in_organize	63
/work/work/shared/s-neomics/data/incoming/organize/	dijnbs468	found_in_organize	71
/work/work/shared/s-neomics/data/incoming/organize/	dijnbs447,dijnbs448,dijnbs449,dijnbs450,dijnbs451,dijnbs452,dijnbs453,dijnbs454,dijnbs455,dijnbs456,dijnbs457,dijnbs458,dijnbs459,dijnbs460,dijnbs461,dijnbs462,dijnbs463,dijnbs464,dijnbs465,dijnbs466,dijnbs467,dijnbs468	analysis_launched	11
/work/work/shared/s-neomics/data/incoming/organize/	dijnbs450,dijnbs451,dijnbs452,dijnbs453,dijnbs454,dijnbs455,dijnbs456,dijnbs457,dijnbs458,dijnbs459,dijnbs460,dijnbs461,dijnbs462,dijnbs463,dijnbs464,dijnbs465,dijnbs466,dijnbs467,dijnbs468	analysis_launched	11
/work/work/shared/s-neomics/data/incoming/organize/	dijnbs453,dijnbs454,dijnbs455,dijnbs456,dijnbs457,dijnbs458,dijnbs459,dijnbs460,dijnbs461,dijnbs462,dijnbs463,dijnbs464,dijnbs465,dijnbs466,dijnbs467,dijnbs468	analysis_launched	9
/work/work/shared/s-neomics/data/incoming/organize/	dijnbs454,dijnbs455,dijnbs456,dijnbs457,dijnbs458,dijnbs459,dijnbs460,dijnbs461,dijnbs462,dijnbs463,dijnbs464,dijnbs465,dijnbs466,dijnbs467,dijnbs468	analysis_launched	1
/work/work/shared/s-neomics/data/incoming/organize/	dijnbs456,dijnbs457,dijnbs458,dijnbs459,dijnbs460,dijnbs461,dijnbs462,dijnbs463,dijnbs464,dijnbs465,dijnbs466,dijnbs467,dijnbs468	analysis_launched	8
/work/work/shared/s-neomics/data/incoming/organize/	dijnbs459,dijnbs460,dijnbs461,dijnbs462,dijnbs463,dijnbs464,dijnbs465,dijnbs466,dijnbs467,dijnbs468	analysis_launched	8
/work/work/shared/s-neomics/data/incoming/organize/	dijnbs462,dijnbs463,dijnbs464,dijnbs465,dijnbs466,dijnbs467,dijnbs468	analysis_launched	7
/work/work/shared/s-neomics/data/incoming/organize/	dijnbs465,dijnbs466,dijnbs467,dijnbs468	analysis_launched	7
/work/work/shared/s-neomics/data/incoming/organize/	dijnbs468	analysis_launched	8
/work/work/shared/s-neomics/data/incoming/organize/	dijex10306,dijex10307,dijex10308,dijex10309,dijex10310,dijex10311,dijex10312,dijex10313,dijex10314,dijex10315,dijex10316,dijex10317,dijex10318,dijex10319,dijex10320,dijex10321,dijex10322,dijex10323,dijex10324,dijex10325,dijex10326,dijex10327,dijex10328,dijex10329	analysis_launched	1
/work/work/shared/s-neomics/data/incoming/organize/	dijex10306	found_in_organize	4
/work/work/shared/s-neomics/data/incoming/organize/	dijex10307	found_in_organize	1
/work/work/shared/s-neomics/data/incoming/organize/	dijex10308	found_in_organize	1
/work/work/shared/s-neomics/data/incoming/organize/	dijex10309	found_in_organize	1
/work/work/shared/s-neomics/data/incoming/organize/	dijex10310	found_in_organize	1
/work/work/shared/s-neomics/data/incoming/organize/	dijex10311	found_in_organize	1
/work/work/shared/s-neomics/data/incoming/organize/	dijex10312	found_in_organize	1
/work/work/shared/s-neomics/data/incoming/organize/	dijex10313	found_in_organize	2
/work/work/shared/s-neomics/data/incoming/organize/	dijex10314	found_in_organize	2
/work/work/shared/s-neomics/data/incoming/organize/	dijex10315	found_in_organize	2
/work/work/shared/s-neomics/data/incoming/organize/	dijex10316	found_in_organize	2
/work/work/shared/s-neomics/data/incoming/organize/	dijex10317	found_in_organize	2
/work/work/shared/s-neomics/data/incoming/organize/	dijex10318	found_in_organize	2
/work/work/shared/s-neomics/data/incoming/organize/	dijex10319	found_in_organize	4
/work/work/shared/s-neomics/data/incoming/organize/	dijex10320	found_in_organize	4
/work/work/shared/s-neomics/data/incoming/organize/	dijex10321	found_in_organize	4
/work/work/shared/s-neomics/data/incoming/organize/	dijex10322	found_in_organize	3
/work/work/shared/s-neomics/data/incoming/organize/	dijex10323	found_in_organize	3
/work/work/shared/s-neomics/data/incoming/organize/	dijex10324	found_in_organize	3
/work/work/shared/s-neomics/data/incoming/organize/	dijex10325	found_in_organize	4
/work/work/shared/s-neomics/data/incoming/organize/	dijex10326	found_in_organize	3
/work/work/shared/s-neomics/data/incoming/organize/	dijex10327	found_in_organize	3
/work/work/shared/s-neomics/data/incoming/organize/	dijex10328	found_in_organize	3
/work/work/shared/s-neomics/data/incoming/organize/	dijex10329	found_in_organize	4
/work/work/shared/s-neomics/data/incoming/organize/	dijex10306,dijex10313,dijex10314,dijex10315,dijex10316,dijex10317,dijex10318,dijex10319,dijex10320,dijex10321,dijex10322,dijex10323,dijex10324,dijex10325,dijex10326,dijex10327,dijex10328,dijex10329	analysis_launched	1
/work/work/shared/s-neomics/data/incoming/organize/	dijex10306,dijex10319,dijex10320,dijex10321,dijex10322,dijex10323,dijex10324,dijex10325,dijex10326,dijex10327,dijex10328,dijex10329	analysis_launched	1
/work/work/shared/s-neomics/data/incoming/organize/	dijex10306,dijex10319,dijex10320,dijex10321,dijex10325,dijex10329	analysis_launched	1
/work/work/shared/s-neomics/data/incoming/organize/	dijnbs469,dijnbs471,dijnbs478,dijnbs489,dijnbs490	analysis_launched	1
/work/work/shared/s-neomics/data/incoming/organize/	dijnbs469	found_in_organize	1
/work/work/shared/s-neomics/data/incoming/organize/	dijnbs471	found_in_organize	1
/work/work/shared/s-neomics/data/incoming/organize/	dijnbs478	found_in_organize	1
/work/work/shared/s-neomics/data/incoming/organize/	dijnbs489	found_in_organize	45
/work/work/shared/s-neomics/data/incoming/organize/	dijnbs490	found_in_organize	49
/work/work/shared/s-neomics/data/incoming/organize/	dijnbs470,dijnbs472,dijnbs473,dijnbs474,dijnbs475,dijnbs476,dijnbs477,dijnbs479,dijnbs480,dijnbs481,dijnbs482,dijnbs483,dijnbs484,dijnbs485,dijnbs486,dijnbs487,dijnbs488,dijnbs489,dijnbs490	analysis_launched	10
/work/work/shared/s-neomics/data/incoming/organize/	dijnbs470	found_in_organize	10
/work/work/shared/s-neomics/data/incoming/organize/	dijnbs472	found_in_organize	18
/work/work/shared/s-neomics/data/incoming/organize/	dijnbs473	found_in_organize	18
/work/work/shared/s-neomics/data/incoming/organize/	dijnbs474	found_in_organize	18
/work/work/shared/s-neomics/data/incoming/organize/	dijnbs475	found_in_organize	25
/work/work/shared/s-neomics/data/incoming/organize/	dijnbs476	found_in_organize	25
/work/work/shared/s-neomics/data/incoming/organize/	dijnbs477	found_in_organize	25
/work/work/shared/s-neomics/data/incoming/organize/	dijnbs479	found_in_organize	32
/work/work/shared/s-neomics/data/incoming/organize/	dijnbs480	found_in_organize	32
/work/work/shared/s-neomics/data/incoming/organize/	dijnbs481	found_in_organize	32
/work/work/shared/s-neomics/data/incoming/organize/	dijnbs482	found_in_organize	37
/work/work/shared/s-neomics/data/incoming/organize/	dijnbs483	found_in_organize	37
/work/work/shared/s-neomics/data/incoming/organize/	dijnbs484	found_in_organize	38
/work/work/shared/s-neomics/data/incoming/organize/	dijnbs485	found_in_organize	43
/work/work/shared/s-neomics/data/incoming/organize/	dijnbs486	found_in_organize	10
/work/work/shared/s-neomics/data/incoming/organize/	dijnbs487	found_in_organize	10
/work/work/shared/s-neomics/data/incoming/organize/	dijnbs488	found_in_organize	43
/work/work/shared/s-neomics/data/incoming/organize/	dijnbs472,dijnbs473,dijnbs474,dijnbs475,dijnbs476,dijnbs477,dijnbs479,dijnbs480,dijnbs481,dijnbs482,dijnbs483,dijnbs484,dijnbs485,dijnbs488,dijnbs489,dijnbs490	analysis_launched	8
/work/work/shared/s-neomics/data/incoming/organize/	dijnbs475,dijnbs476,dijnbs477,dijnbs479,dijnbs480,dijnbs481,dijnbs482,dijnbs483,dijnbs484,dijnbs485,dijnbs488,dijnbs489,dijnbs490	analysis_launched	7
/work/work/shared/s-neomics/data/incoming/organize/	dijnbs479,dijnbs480,dijnbs481,dijnbs482,dijnbs483,dijnbs484,dijnbs485,dijnbs488,dijnbs489,dijnbs490	analysis_launched	7
/work/work/shared/s-neomics/data/incoming/organize/	dijnbs482,dijnbs483,dijnbs484,dijnbs485,dijnbs488,dijnbs489,dijnbs490	analysis_launched	5
/work/work/shared/s-neomics/data/incoming/organize/	dijnbs484,dijnbs485,dijnbs488,dijnbs489,dijnbs490	analysis_launched	1
/work/work/shared/s-neomics/data/incoming/organize/	dijnbs485,dijnbs488,dijnbs489,dijnbs490	analysis_launched	5
/work/work/shared/s-neomics/data/incoming/organize/	dijnbs489,dijnbs490	analysis_launched	1
/work/work/shared/s-neomics/data/incoming/organize/	dijnbs490	analysis_launched	4
/work/work/shared/s-neomics/data/incoming/organize/	dijex10346,dijex10347,dijex10348,dijex10349,dijex10350,dijex10351,dijex10352,dijex10353,dijex10354,dijex10355,dijex10356,dijex10357,dijex10358,dijex10359,dijex10360,dijex10361,dijex10364,dijex10365,dijex10366,dijex10367,dijex10368,dijex10369	analysis_launched	1
/work/work/shared/s-neomics/data/incoming/organize/	dijex10346	found_in_organize	1
/work/work/shared/s-neomics/data/incoming/organize/	dijex10347	found_in_organize	1
/work/work/shared/s-neomics/data/incoming/organize/	dijex10348	found_in_organize	1
/work/work/shared/s-neomics/data/incoming/organize/	dijex10349	found_in_organize	1
/work/work/shared/s-neomics/data/incoming/organize/	dijex10350	found_in_organize	1
/work/work/shared/s-neomics/data/incoming/organize/	dijex10351	found_in_organize	1
/work/work/shared/s-neomics/data/incoming/organize/	dijex10352	found_in_organize	13
/work/work/shared/s-neomics/data/incoming/organize/	dijex10353	found_in_organize	11
/work/work/shared/s-neomics/data/incoming/organize/	dijex10354	found_in_organize	11
/work/work/shared/s-neomics/data/incoming/organize/	dijex10355	found_in_organize	11
/work/work/shared/s-neomics/data/incoming/organize/	dijex10356	found_in_organize	11
/work/work/shared/s-neomics/data/incoming/organize/	dijex10357	found_in_organize	11
/work/work/shared/s-neomics/data/incoming/organize/	dijex10358	found_in_organize	11
/work/work/shared/s-neomics/data/incoming/organize/	dijex10359	found_in_organize	12
/work/work/shared/s-neomics/data/incoming/organize/	dijex10360	found_in_organize	12
/work/work/shared/s-neomics/data/incoming/organize/	dijex10361	found_in_organize	12
/work/work/shared/s-neomics/data/incoming/organize/	dijex10364	found_in_organize	12
/work/work/shared/s-neomics/data/incoming/organize/	dijex10365	found_in_organize	12
/work/work/shared/s-neomics/data/incoming/organize/	dijex10366	found_in_organize	12
/work/work/shared/s-neomics/data/incoming/organize/	dijex10367	found_in_organize	13
/work/work/shared/s-neomics/data/incoming/organize/	dijex10368	found_in_organize	13
/work/work/shared/s-neomics/data/incoming/organize/	dijex10369	found_in_organize	13
/work/work/shared/s-neomics/data/incoming/organize/	dijex10352,dijex10353,dijex10354,dijex10355,dijex10356,dijex10357,dijex10358,dijex10359,dijex10360,dijex10361,dijex10364,dijex10365,dijex10366,dijex10367,dijex10368,dijex10369,dijnbs513,dijnbs514,dijnbs515	analysis_launched	1
/work/work/shared/s-neomics/data/incoming/organize/	dijnbs513	found_in_organize	1
/work/work/shared/s-neomics/data/incoming/organize/	dijnbs514	found_in_organize	1
/work/work/shared/s-neomics/data/incoming/organize/	dijnbs515	found_in_organize	1
/work/work/shared/s-neomics/data/incoming/organize/	dijex10352,dijex10353,dijex10354,dijex10355,dijex10356,dijex10357,dijex10358,dijex10359,dijex10360,dijex10361,dijex10364,dijex10365,dijex10366,dijex10367,dijex10368,dijex10369	analysis_launched	9
/work/work/shared/s-neomics/data/incoming/organize/	dijex10352,dijex10359,dijex10360,dijex10361,dijex10364,dijex10365,dijex10366,dijex10367,dijex10368,dijex10369	analysis_launched	1
/work/work/shared/s-neomics/data/incoming/organize/	dijex10352,dijex10367,dijex10368,dijex10369	analysis_launched	1
/work/work/shared/s-neomics/data/incoming/organize/	dijnbs492,dijnbs493,dijnbs495,dijnbs496,dijnbs497,dijnbs498,dijnbs500,dijnbs501,dijnbs503,dijnbs504,dijnbs505,dijnbs507,dijnbs508,dijnbs509,dijnbs510,dijnbs512	analysis_launched	1
/work/work/shared/s-neomics/data/incoming/organize/	dijnbs492	found_in_organize	1
/work/work/shared/s-neomics/data/incoming/organize/	dijnbs493	found_in_organize	1
/work/work/shared/s-neomics/data/incoming/organize/	dijnbs495	found_in_organize	1
/work/work/shared/s-neomics/data/incoming/organize/	dijnbs496	found_in_organize	15
/work/work/shared/s-neomics/data/incoming/organize/	dijnbs497	found_in_organize	15
/work/work/shared/s-neomics/data/incoming/organize/	dijnbs498	found_in_organize	19
/work/work/shared/s-neomics/data/incoming/organize/	dijnbs500	found_in_organize	20
/work/work/shared/s-neomics/data/incoming/organize/	dijnbs501	found_in_organize	24
/work/work/shared/s-neomics/data/incoming/organize/	dijnbs503	found_in_organize	24
/work/work/shared/s-neomics/data/incoming/organize/	dijnbs504	found_in_organize	28
/work/work/shared/s-neomics/data/incoming/organize/	dijnbs505	found_in_organize	28
/work/work/shared/s-neomics/data/incoming/organize/	dijnbs507	found_in_organize	32
/work/work/shared/s-neomics/data/incoming/organize/	dijnbs508	found_in_organize	32
/work/work/shared/s-neomics/data/incoming/organize/	dijnbs509	found_in_organize	33
/work/work/shared/s-neomics/data/incoming/organize/	dijnbs510	found_in_organize	36
/work/work/shared/s-neomics/data/incoming/organize/	dijnbs512	found_in_organize	37
/work/work/shared/s-neomics/data/incoming/organize/	dijnbs491,dijnbs494,dijnbs496,dijnbs497,dijnbs498,dijnbs499,dijnbs500,dijnbs501,dijnbs502,dijnbs503,dijnbs504,dijnbs505,dijnbs506,dijnbs507,dijnbs508,dijnbs509,dijnbs510,dijnbs511,dijnbs512,dijnbs516,dijnbs517,dijnbs518	analysis_launched	9
/work/work/shared/s-neomics/data/incoming/organize/	dijnbs491	found_in_organize	9
/work/work/shared/s-neomics/data/incoming/organize/	dijnbs494	found_in_organize	14
/work/work/shared/s-neomics/data/incoming/organize/	dijnbs499	found_in_organize	19
/work/work/shared/s-neomics/data/incoming/organize/	dijnbs502	found_in_organize	23
/work/work/shared/s-neomics/data/incoming/organize/	dijnbs506	found_in_organize	27
/work/work/shared/s-neomics/data/incoming/organize/	dijnbs511	found_in_organize	35
/work/work/shared/s-neomics/data/incoming/organize/	dijnbs516	found_in_organize	39
/work/work/shared/s-neomics/data/incoming/organize/	dijnbs517	found_in_organize	9
/work/work/shared/s-neomics/data/incoming/organize/	dijnbs518	found_in_organize	9
/work/work/shared/s-neomics/data/incoming/organize/	dijnbs494,dijnbs496,dijnbs497,dijnbs498,dijnbs499,dijnbs500,dijnbs501,dijnbs502,dijnbs503,dijnbs504,dijnbs505,dijnbs506,dijnbs507,dijnbs508,dijnbs509,dijnbs510,dijnbs511,dijnbs512,dijnbs516	analysis_launched	5
/work/work/shared/s-neomics/data/incoming/organize/	dijnbs498,dijnbs499,dijnbs500,dijnbs501,dijnbs502,dijnbs503,dijnbs504,dijnbs505,dijnbs506,dijnbs507,dijnbs508,dijnbs509,dijnbs510,dijnbs511,dijnbs512,dijnbs516	analysis_launched	4
/work/work/shared/s-neomics/data/incoming/organize/	dijnbs499,dijnbs500,dijnbs501,dijnbs502,dijnbs503,dijnbs504,dijnbs505,dijnbs506,dijnbs507,dijnbs508,dijnbs509,dijnbs510,dijnbs511,dijnbs512,dijnbs516	analysis_launched	1
/work/work/shared/s-neomics/data/incoming/organize/	dijnbs501,dijnbs502,dijnbs503,dijnbs504,dijnbs505,dijnbs506,dijnbs507,dijnbs508,dijnbs509,dijnbs510,dijnbs511,dijnbs512,dijnbs516	analysis_launched	4
/work/work/shared/s-neomics/data/incoming/organize/	dijnbs504,dijnbs505,dijnbs506,dijnbs507,dijnbs508,dijnbs509,dijnbs510,dijnbs511,dijnbs512,dijnbs516	analysis_launched	4
/work/work/shared/s-neomics/data/incoming/organize/	dijnbs507,dijnbs508,dijnbs509,dijnbs510,dijnbs511,dijnbs512,dijnbs516	analysis_launched	4
/work/work/shared/s-neomics/data/incoming/organize/	dijnbs509,dijnbs510,dijnbs511,dijnbs512,dijnbs516	analysis_launched	1
/work/work/shared/s-neomics/data/incoming/organize/	dijnbs510,dijnbs511,dijnbs512,dijnbs516	analysis_launched	3
/work/work/shared/s-neomics/data/incoming/organize/	dijnbs512,dijnbs516	analysis_launched	1
/work/work/shared/s-neomics/data/incoming/organize/	dijnbs516	analysis_launched	3
/work/work/shared/s-neomics/data/incoming/organize/	dijnbs528,dijnbs529	analysis_launched	1
/work/work/shared/s-neomics/data/incoming/organize/	dijnbs528	found_in_organize	3
/work/work/shared/s-neomics/data/incoming/organize/	dijnbs529	found_in_organize	1
/work/work/shared/s-neomics/data/incoming/organize/	dijnbs519,dijnbs520,dijnbs521,dijnbs522,dijnbs530,dijnbs531,dijnbs536,dijnbs540	analysis_launched	1
/work/work/shared/s-neomics/data/incoming/organize/	dijnbs519	found_in_organize	1
/work/work/shared/s-neomics/data/incoming/organize/	dijnbs520	found_in_organize	5
/work/work/shared/s-neomics/data/incoming/organize/	dijnbs521	found_in_organize	6
/work/work/shared/s-neomics/data/incoming/organize/	dijnbs522	found_in_organize	6
/work/work/shared/s-neomics/data/incoming/organize/	dijnbs530	found_in_organize	16
/work/work/shared/s-neomics/data/incoming/organize/	dijnbs531	found_in_organize	20
/work/work/shared/s-neomics/data/incoming/organize/	dijnbs536	found_in_organize	26
/work/work/shared/s-neomics/data/incoming/organize/	dijnbs540	found_in_organize	36
/work/work/shared/s-neomics/data/incoming/organize/	dijnbs520,dijnbs521,dijnbs522,dijnbs523,dijnbs524,dijnbs525,dijnbs526,dijnbs527,dijnbs530,dijnbs531,dijnbs532,dijnbs533,dijnbs534,dijnbs535,dijnbs536,dijnbs537,dijnbs538,dijnbs539,dijnbs540,dijnbs541,dijnbs542,dijnbs543	analysis_launched	4
/work/work/shared/s-neomics/data/incoming/organize/	dijnbs523	found_in_organize	9
/work/work/shared/s-neomics/data/incoming/organize/	dijnbs524	found_in_organize	10
/work/work/shared/s-neomics/data/incoming/organize/	dijnbs525	found_in_organize	10
/work/work/shared/s-neomics/data/incoming/organize/	dijnbs526	found_in_organize	15
/work/work/shared/s-neomics/data/incoming/organize/	dijnbs527	found_in_organize	16
/work/work/shared/s-neomics/data/incoming/organize/	dijnbs532	found_in_organize	19
/work/work/shared/s-neomics/data/incoming/organize/	dijnbs533	found_in_organize	20
/work/work/shared/s-neomics/data/incoming/organize/	dijnbs534	found_in_organize	24
/work/work/shared/s-neomics/data/incoming/organize/	dijnbs535	found_in_organize	25
/work/work/shared/s-neomics/data/incoming/organize/	dijnbs537	found_in_organize	32
/work/work/shared/s-neomics/data/incoming/organize/	dijnbs538	found_in_organize	30
/work/work/shared/s-neomics/data/incoming/organize/	dijnbs539	found_in_organize	30
/work/work/shared/s-neomics/data/incoming/organize/	dijnbs541	found_in_organize	35
/work/work/shared/s-neomics/data/incoming/organize/	dijnbs542	found_in_organize	35
/work/work/shared/s-neomics/data/incoming/organize/	dijnbs543	found_in_organize	43
/work/work/shared/s-neomics/data/incoming/organize/	dijnbs522,dijnbs523,dijnbs524,dijnbs525,dijnbs526,dijnbs527,dijnbs530,dijnbs531,dijnbs532,dijnbs533,dijnbs534,dijnbs535,dijnbs536,dijnbs537,dijnbs538,dijnbs539,dijnbs540,dijnbs541,dijnbs542,dijnbs543	analysis_launched	1
/work/work/shared/s-neomics/data/incoming/organize/	dijnbs523,dijnbs524,dijnbs525,dijnbs526,dijnbs527,dijnbs530,dijnbs531,dijnbs532,dijnbs533,dijnbs534,dijnbs535,dijnbs536,dijnbs537,dijnbs538,dijnbs539,dijnbs540,dijnbs541,dijnbs542,dijnbs543	analysis_launched	4
/work/work/shared/s-neomics/data/incoming/organize/	dijnbs525,dijnbs526,dijnbs527,dijnbs530,dijnbs531,dijnbs532,dijnbs533,dijnbs534,dijnbs535,dijnbs536,dijnbs537,dijnbs538,dijnbs539,dijnbs540,dijnbs541,dijnbs542,dijnbs543	analysis_launched	1
/work/work/shared/s-neomics/data/incoming/organize/	dijnbs526,dijnbs527,dijnbs530,dijnbs531,dijnbs532,dijnbs533,dijnbs534,dijnbs535,dijnbs536,dijnbs537,dijnbs538,dijnbs539,dijnbs540,dijnbs541,dijnbs542,dijnbs543	analysis_launched	4
/work/work/shared/s-neomics/data/incoming/organize/	dijnbs530,dijnbs531,dijnbs532,dijnbs533,dijnbs534,dijnbs535,dijnbs536,dijnbs537,dijnbs538,dijnbs539,dijnbs540,dijnbs541,dijnbs542,dijnbs543	analysis_launched	1
/work/work/shared/s-neomics/data/incoming/organize/	dijnbs531,dijnbs532,dijnbs533,dijnbs534,dijnbs535,dijnbs536,dijnbs537,dijnbs538,dijnbs539,dijnbs540,dijnbs541,dijnbs542,dijnbs543	analysis_launched	4
/work/work/shared/s-neomics/data/incoming/organize/	dijnbs533,dijnbs534,dijnbs535,dijnbs536,dijnbs537,dijnbs538,dijnbs539,dijnbs540,dijnbs541,dijnbs542,dijnbs543	analysis_launched	1
/work/work/shared/s-neomics/data/incoming/organize/	dijnbs534,dijnbs535,dijnbs536,dijnbs537,dijnbs538,dijnbs539,dijnbs540,dijnbs541,dijnbs542,dijnbs543	analysis_launched	4
/work/work/shared/s-neomics/data/incoming/organize/	dijnbs535,dijnbs536,dijnbs537,dijnbs538,dijnbs539,dijnbs540,dijnbs541,dijnbs542,dijnbs543	analysis_launched	1
/work/work/shared/s-neomics/data/incoming/organize/	dijnbs537,dijnbs538,dijnbs539,dijnbs540,dijnbs541,dijnbs542,dijnbs543	analysis_launched	5
/work/work/shared/s-neomics/data/incoming/organize/	dijnbs540,dijnbs541,dijnbs542,dijnbs543	analysis_launched	5
/work/work/shared/s-neomics/data/incoming/organize/	dijnbs543	analysis_launched	6
/work/work/shared/s-neomics/data/incoming/organize/	dijnbs521,dijnbs524,dijnbs526,dijnbs527,dijnbs528,dijnbs537,dijnbs543	analysis_launched	1
/work/work/shared/s-neomics/data/incoming/organize/	dijnbs527,dijnbs528,dijnbs537,dijnbs543	analysis_launched	1
/work/work/shared/s-neomics/data/incoming/organize/	dijnbs549	analysis_launched	1
/work/work/shared/s-neomics/data/incoming/organize/	dijnbs549	found_in_organize	1
/work/work/shared/s-neomics/data/incoming/organize/	dijnbs547,dijnbs548,dijnbs552,dijnbs553,dijnbs554,dijnbs557,dijnbs559,dijnbs560,dijnbs561,dijnbs562,dijnbs563,dijnbs565,dijnbs567	analysis_launched	1
/work/work/shared/s-neomics/data/incoming/organize/	dijnbs547	found_in_organize	6
/work/work/shared/s-neomics/data/incoming/organize/	dijnbs548	found_in_organize	9
/work/work/shared/s-neomics/data/incoming/organize/	dijnbs552	found_in_organize	1
/work/work/shared/s-neomics/data/incoming/organize/	dijnbs553	found_in_organize	1
/work/work/shared/s-neomics/data/incoming/organize/	dijnbs554	found_in_organize	11
/work/work/shared/s-neomics/data/incoming/organize/	dijnbs557	found_in_organize	15
/work/work/shared/s-neomics/data/incoming/organize/	dijnbs559	found_in_organize	17
/work/work/shared/s-neomics/data/incoming/organize/	dijnbs560	found_in_organize	17
/work/work/shared/s-neomics/data/incoming/organize/	dijnbs561	found_in_organize	21
/work/work/shared/s-neomics/data/incoming/organize/	dijnbs562	found_in_organize	23
/work/work/shared/s-neomics/data/incoming/organize/	dijnbs563	found_in_organize	23
/work/work/shared/s-neomics/data/incoming/organize/	dijnbs565	found_in_organize	27
/work/work/shared/s-neomics/data/incoming/organize/	dijnbs567	found_in_organize	29
/work/work/shared/s-neomics/data/incoming/organize/	dijnbs544,dijnbs546,dijnbs547,dijnbs548,dijnbs554,dijnbs556,dijnbs557,dijnbs559,dijnbs560,dijnbs561,dijnbs562,dijnbs563,dijnbs565,dijnbs567	analysis_launched	4
/work/work/shared/s-neomics/data/incoming/organize/	dijnbs544	found_in_organize	4
/work/work/shared/s-neomics/data/incoming/organize/	dijnbs546	found_in_organize	5
/work/work/shared/s-neomics/data/incoming/organize/	dijnbs556	found_in_organize	10
/work/work/shared/s-neomics/data/incoming/organize/	dijnbs546,dijnbs547,dijnbs548,dijnbs554,dijnbs556,dijnbs557,dijnbs559,dijnbs560,dijnbs561,dijnbs562,dijnbs563,dijnbs565,dijnbs567	analysis_launched	1
/work/work/shared/s-neomics/data/incoming/organize/	dijnbs548,dijnbs554,dijnbs556,dijnbs557,dijnbs559,dijnbs560,dijnbs561,dijnbs562,dijnbs563,dijnbs565,dijnbs567	analysis_launched	3
/work/work/shared/s-neomics/data/incoming/organize/	dijnbs554,dijnbs556,dijnbs557,dijnbs559,dijnbs560,dijnbs561,dijnbs562,dijnbs563,dijnbs565,dijnbs567	analysis_launched	2
/work/work/shared/s-neomics/data/incoming/organize/	dijnbs557,dijnbs559,dijnbs560,dijnbs561,dijnbs562,dijnbs563,dijnbs565,dijnbs567	analysis_launched	4
/work/work/shared/s-neomics/data/incoming/organize/	dijnbs559,dijnbs560,dijnbs561,dijnbs562,dijnbs563,dijnbs565,dijnbs567	analysis_launched	2
/work/work/shared/s-neomics/data/incoming/organize/	dijnbs561,dijnbs562,dijnbs563,dijnbs565,dijnbs567	analysis_launched	4
/work/work/shared/s-neomics/data/incoming/organize/	dijnbs562,dijnbs563,dijnbs565,dijnbs567	analysis_launched	2
/work/work/shared/s-neomics/data/incoming/organize/	dijnbs565,dijnbs567	analysis_launched	4
/work/work/shared/s-neomics/data/incoming/organize/	dijnbs567	analysis_launched	2
/work/work/shared/s-neomics/data/incoming/organize/	dijnbs569,dijnbs570,dijnbs571,dijnbs572,dijnbs573	analysis_launched	1
/work/work/shared/s-neomics/data/incoming/organize/	dijnbs569	found_in_organize	1
/work/work/shared/s-neomics/data/incoming/organize/	dijnbs570	found_in_organize	10
/work/work/shared/s-neomics/data/incoming/organize/	dijnbs571	found_in_organize	1
/work/work/shared/s-neomics/data/incoming/organize/	dijnbs572	found_in_organize	1
/work/work/shared/s-neomics/data/incoming/organize/	dijnbs573	found_in_organize	10
/work/work/shared/s-neomics/data/incoming/organize/	dijnbs568,dijnbs570,dijnbs573,dijnbs574,dijnbs575,dijnbs576,dijnbs577	analysis_launched	9
/work/work/shared/s-neomics/data/incoming/organize/	dijnbs568	found_in_organize	9
/work/work/shared/s-neomics/data/incoming/organize/	dijnbs574	found_in_organize	13
/work/work/shared/s-neomics/data/incoming/organize/	dijnbs575	found_in_organize	14
/work/work/shared/s-neomics/data/incoming/organize/	dijnbs576	found_in_organize	14
/work/work/shared/s-neomics/data/incoming/organize/	dijnbs577	found_in_organize	18
/work/work/shared/s-neomics/data/incoming/organize/	dijnbs574,dijnbs575,dijnbs576,dijnbs577	analysis_launched	4
/work/work/shared/s-neomics/data/incoming/organize/	dijnbs575,dijnbs576,dijnbs577	analysis_launched	1
/work/work/shared/s-neomics/data/incoming/organize/	dijnbs577	analysis_launched	4
/work/work/shared/s-neomics/data/incoming/organize/	dijnbs578,dijnbs579,dijnbs580,dijnbs581,dijnbs582,dijnbs584,dijnbs585,dijnbs586,dijnbs588,dijnbs589,dijnbs592,dijnbs593,dijnbs594,dijnbs596	analysis_launched	1
/work/work/shared/s-neomics/data/incoming/organize/	dijnbs578	found_in_organize	1
/work/work/shared/s-neomics/data/incoming/organize/	dijnbs579	found_in_organize	1
/work/work/shared/s-neomics/data/incoming/organize/	dijnbs580	found_in_organize	1
/work/work/shared/s-neomics/data/incoming/organize/	dijnbs581	found_in_organize	7
/work/work/shared/s-neomics/data/incoming/organize/	dijnbs582	found_in_organize	7
/work/work/shared/s-neomics/data/incoming/organize/	dijnbs584	found_in_organize	13
/work/work/shared/s-neomics/data/incoming/organize/	dijnbs585	found_in_organize	13
/work/work/shared/s-neomics/data/incoming/organize/	dijnbs586	found_in_organize	17
/work/work/shared/s-neomics/data/incoming/organize/	dijnbs588	found_in_organize	18
/work/work/shared/s-neomics/data/incoming/organize/	dijnbs589	found_in_organize	19
/work/work/shared/s-neomics/data/incoming/organize/	dijnbs592	found_in_organize	24
/work/work/shared/s-neomics/data/incoming/organize/	dijnbs593	found_in_organize	29
/work/work/shared/s-neomics/data/incoming/organize/	dijnbs594	found_in_organize	29
/work/work/shared/s-neomics/data/incoming/organize/	dijnbs596	found_in_organize	35
/work/work/shared/s-neomics/data/incoming/organize/	dijnbs581,dijnbs582,dijnbs584,dijnbs585,dijnbs586,dijnbs588,dijnbs589,dijnbs590,dijnbs592,dijnbs593,dijnbs594,dijnbs595,dijnbs596,dijnbs598,dijnbs599	analysis_launched	1
/work/work/shared/s-neomics/data/incoming/organize/	dijnbs590	found_in_organize	22
/work/work/shared/s-neomics/data/incoming/organize/	dijnbs595	found_in_organize	29
/work/work/shared/s-neomics/data/incoming/organize/	dijnbs598	found_in_organize	34
/work/work/shared/s-neomics/data/incoming/organize/	dijnbs599	found_in_organize	35
/work/work/shared/s-neomics/data/incoming/organize/	dijnbs581,dijnbs582,dijnbs583,dijnbs584,dijnbs585,dijnbs586,dijnbs587,dijnbs588,dijnbs589,dijnbs590,dijnbs591,dijnbs592,dijnbs593,dijnbs594,dijnbs595,dijnbs596,dijnbs597,dijnbs598,dijnbs599,dijnbs600,dijnbs601	analysis_launched	5
/work/work/shared/s-neomics/data/incoming/organize/	dijnbs583	found_in_organize	5
/work/work/shared/s-neomics/data/incoming/organize/	dijnbs587	found_in_organize	16
/work/work/shared/s-neomics/data/incoming/organize/	dijnbs591	found_in_organize	22
/work/work/shared/s-neomics/data/incoming/organize/	dijnbs597	found_in_organize	33
/work/work/shared/s-neomics/data/incoming/organize/	dijnbs600	found_in_organize	34
/work/work/shared/s-neomics/data/incoming/organize/	dijnbs601	found_in_organize	34
/work/work/shared/s-neomics/data/incoming/organize/	dijnbs584,dijnbs585,dijnbs586,dijnbs587,dijnbs588,dijnbs589,dijnbs590,dijnbs591,dijnbs592,dijnbs593,dijnbs594,dijnbs595,dijnbs596,dijnbs597,dijnbs598,dijnbs599,dijnbs600,dijnbs601	analysis_launched	6
/work/work/shared/s-neomics/data/incoming/organize/	dijnbs586,dijnbs587,dijnbs588,dijnbs589,dijnbs590,dijnbs591,dijnbs592,dijnbs593,dijnbs594,dijnbs595,dijnbs596,dijnbs597,dijnbs598,dijnbs599,dijnbs600,dijnbs601	analysis_launched	1
/work/work/shared/s-neomics/data/incoming/organize/	dijnbs587,dijnbs588,dijnbs589,dijnbs590,dijnbs591,dijnbs592,dijnbs593,dijnbs594,dijnbs595,dijnbs596,dijnbs597,dijnbs598,dijnbs599,dijnbs600,dijnbs601	analysis_launched	4
/work/work/shared/s-neomics/data/incoming/organize/	dijnbs589,dijnbs590,dijnbs591,dijnbs592,dijnbs593,dijnbs594,dijnbs595,dijnbs596,dijnbs597,dijnbs598,dijnbs599,dijnbs600,dijnbs601	analysis_launched	1
/work/work/shared/s-neomics/data/incoming/organize/	dijnbs590,dijnbs591,dijnbs592,dijnbs593,dijnbs594,dijnbs595,dijnbs596,dijnbs597,dijnbs598,dijnbs599,dijnbs600,dijnbs601	analysis_launched	4
/work/work/shared/s-neomics/data/incoming/organize/	dijnbs591,dijnbs592,dijnbs593,dijnbs594,dijnbs595,dijnbs596,dijnbs597,dijnbs598,dijnbs599,dijnbs600,dijnbs601	analysis_launched	1
/work/work/shared/s-neomics/data/incoming/organize/	dijnbs593,dijnbs594,dijnbs595,dijnbs596,dijnbs597,dijnbs598,dijnbs599,dijnbs600,dijnbs601	analysis_launched	5
/work/work/shared/s-neomics/data/incoming/organize/	dijnbs595,dijnbs596,dijnbs597,dijnbs598,dijnbs599,dijnbs600,dijnbs601	analysis_launched	1
/work/work/shared/s-neomics/data/incoming/organize/	dijnbs596,dijnbs597,dijnbs598,dijnbs599,dijnbs600,dijnbs601	analysis_launched	5
/work/work/shared/s-neomics/data/incoming/organize/	dijnbs599,dijnbs600,dijnbs601	analysis_launched	1
/work/work/shared/s-neomics/data/analyse/emergency/incoming/organize/	dijnbs578,dijnbs579,dijnbs580,dijnbs581,dijnbs582,dijnbs583,dijnbs584,dijnbs585,dijnbs586,dijnbs587,dijnbs588,dijnbs589,dijnbs590,dijnbs591,dijnbs592,dijnbs593,dijnbs594,dijnbs595,dijnbs596,dijnbs597,dijnbs598,dijnbs599,dijnbs600,dijnbs601	analysis_launched	1
/work/work/shared/s-neomics/data/analyse/emergency/incoming/organize/	dijnbs578	found_in_organize	4
/work/work/shared/s-neomics/data/analyse/emergency/incoming/organize/	dijnbs579	found_in_organize	4
/work/work/shared/s-neomics/data/analyse/emergency/incoming/organize/	dijnbs580	found_in_organize	5
/work/work/shared/s-neomics/data/analyse/emergency/incoming/organize/	dijnbs581	found_in_organize	6
/work/work/shared/s-neomics/data/analyse/emergency/incoming/organize/	dijnbs582	found_in_organize	6
/work/work/shared/s-neomics/data/analyse/emergency/incoming/organize/	dijnbs583	found_in_organize	7
/work/work/shared/s-neomics/data/analyse/emergency/incoming/organize/	dijnbs584	found_in_organize	8
/work/work/shared/s-neomics/data/analyse/emergency/incoming/organize/	dijnbs585	found_in_organize	8
/work/work/shared/s-neomics/data/analyse/emergency/incoming/organize/	dijnbs586	found_in_organize	9
/work/work/shared/s-neomics/data/analyse/emergency/incoming/organize/	dijnbs587	found_in_organize	10
/work/work/shared/s-neomics/data/analyse/emergency/incoming/organize/	dijnbs588	found_in_organize	10
/work/work/shared/s-neomics/data/analyse/emergency/incoming/organize/	dijnbs589	found_in_organize	11
/work/work/shared/s-neomics/data/analyse/emergency/incoming/organize/	dijnbs590	found_in_organize	12
/work/work/shared/s-neomics/data/analyse/emergency/incoming/organize/	dijnbs591	found_in_organize	12
/work/work/shared/s-neomics/data/analyse/emergency/incoming/organize/	dijnbs592	found_in_organize	13
/work/work/shared/s-neomics/data/analyse/emergency/incoming/organize/	dijnbs593	found_in_organize	14
/work/work/shared/s-neomics/data/analyse/emergency/incoming/organize/	dijnbs594	found_in_organize	14
/work/work/shared/s-neomics/data/analyse/emergency/incoming/organize/	dijnbs595	found_in_organize	15
/work/work/shared/s-neomics/data/analyse/emergency/incoming/organize/	dijnbs596	found_in_organize	16
/work/work/shared/s-neomics/data/analyse/emergency/incoming/organize/	dijnbs597	found_in_organize	16
/work/work/shared/s-neomics/data/analyse/emergency/incoming/organize/	dijnbs598	found_in_organize	17
/work/work/shared/s-neomics/data/analyse/emergency/incoming/organize/	dijnbs599	found_in_organize	18
/work/work/shared/s-neomics/data/analyse/emergency/incoming/organize/	dijnbs600	found_in_organize	19
/work/work/shared/s-neomics/data/analyse/emergency/incoming/organize/	dijnbs601	found_in_organize	19
/work/work/shared/s-neomics/data/analyse/emergency/incoming/organize/	dijnbs581,dijnbs582,dijnbs583,dijnbs584,dijnbs585,dijnbs586,dijnbs587,dijnbs588,dijnbs589,dijnbs590,dijnbs591,dijnbs592,dijnbs593,dijnbs594,dijnbs595,dijnbs596,dijnbs597,dijnbs598,dijnbs599,dijnbs600,dijnbs601	analysis_launched	1
/work/work/shared/s-neomics/data/analyse/emergency/incoming/organize/	dijnbs584,dijnbs585,dijnbs586,dijnbs587,dijnbs588,dijnbs589,dijnbs590,dijnbs591,dijnbs592,dijnbs593,dijnbs594,dijnbs595,dijnbs596,dijnbs597,dijnbs598,dijnbs599,dijnbs600,dijnbs601	analysis_launched	1
/work/work/shared/s-neomics/data/analyse/emergency/incoming/organize/	dijnbs587,dijnbs588,dijnbs589,dijnbs590,dijnbs591,dijnbs592,dijnbs593,dijnbs594,dijnbs595,dijnbs596,dijnbs597,dijnbs598,dijnbs599,dijnbs600,dijnbs601	analysis_launched	1
/work/work/shared/s-neomics/data/analyse/emergency/incoming/organize/	dijnbs590,dijnbs591,dijnbs592,dijnbs593,dijnbs594,dijnbs595,dijnbs596,dijnbs597,dijnbs598,dijnbs599,dijnbs600,dijnbs601	analysis_launched	1
/work/work/shared/s-neomics/data/analyse/emergency/incoming/organize/	dijnbs593,dijnbs594,dijnbs595,dijnbs596,dijnbs597,dijnbs598,dijnbs599,dijnbs600,dijnbs601	analysis_launched	1
/work/work/shared/s-neomics/data/analyse/emergency/incoming/organize/	dijnbs596,dijnbs597,dijnbs598,dijnbs599,dijnbs600,dijnbs601	analysis_launched	1
/work/work/shared/s-neomics/data/analyse/emergency/incoming/organize/	dijnbs599,dijnbs600,dijnbs601	analysis_launched	1
/work/work/shared/s-neomics/data/analyse/emergency/incoming/organize/	dijnbs545,dijnbs550,dijnbs551,dijnbs555,dijnbs558,dijnbs564,dijnbs566	analysis_launched	1
/work/work/shared/s-neomics/data/analyse/emergency/incoming/organize/	dijnbs545	found_in_organize	2
/work/work/shared/s-neomics/data/analyse/emergency/incoming/organize/	dijnbs550	found_in_organize	2
/work/work/shared/s-neomics/data/analyse/emergency/incoming/organize/	dijnbs551	found_in_organize	2
/work/work/shared/s-neomics/data/analyse/emergency/incoming/organize/	dijnbs555	found_in_organize	5
/work/work/shared/s-neomics/data/analyse/emergency/incoming/organize/	dijnbs558	found_in_organize	5
/work/work/shared/s-neomics/data/analyse/emergency/incoming/organize/	dijnbs564	found_in_organize	5
/work/work/shared/s-neomics/data/analyse/emergency/incoming/organize/	dijnbs566	found_in_organize	8
/work/work/shared/s-neomics/data/analyse/emergency/incoming/organize/	dijnbs555,dijnbs558,dijnbs564,dijnbs566	analysis_launched	2
/work/work/shared/s-neomics/data/analyse/emergency/incoming/organize/	dijnbs566	analysis_launched	2
/work/work/shared/s-neomics/data/analyse/emergency/incoming/organize/	dijnbs545,dijnbs550,dijnbs551,dijnbs555,dijnbs558,dijnbs564,dijnbs566,dijnbs578,dijnbs579,dijnbs580,dijnbs581,dijnbs582,dijnbs583,dijnbs584,dijnbs585,dijnbs586,dijnbs587,dijnbs588,dijnbs589,dijnbs590,dijnbs591,dijnbs592,dijnbs593,dijnbs594,dijnbs595,dijnbs596,dijnbs597,dijnbs598,dijnbs599,dijnbs600,dijnbs601	analysis_launched	1
/work/work/shared/s-neomics/data/analyse/emergency/incoming/organize/	dijnbs555,dijnbs558,dijnbs564,dijnbs566,dijnbs578,dijnbs579,dijnbs580,dijnbs581,dijnbs582,dijnbs583,dijnbs584,dijnbs585,dijnbs586,dijnbs587,dijnbs588,dijnbs589,dijnbs590,dijnbs591,dijnbs592,dijnbs593,dijnbs594,dijnbs595,dijnbs596,dijnbs597,dijnbs598,dijnbs599,dijnbs600,dijnbs601	analysis_launched	1
/work/work/shared/s-neomics/data/analyse/emergency/incoming/organize/	dijnbs566,dijnbs578,dijnbs579,dijnbs580,dijnbs581,dijnbs582,dijnbs583,dijnbs584,dijnbs585,dijnbs586,dijnbs587,dijnbs588,dijnbs589,dijnbs590,dijnbs591,dijnbs592,dijnbs593,dijnbs594,dijnbs595,dijnbs596,dijnbs597,dijnbs598,dijnbs599,dijnbs600,dijnbs601	analysis_launched	1
/work/work/shared/s-neomics/data/analyse/emergency/incoming/organize/	dijnbs580,dijnbs581,dijnbs582,dijnbs583,dijnbs584,dijnbs585,dijnbs586,dijnbs587,dijnbs588,dijnbs589,dijnbs590,dijnbs591,dijnbs592,dijnbs593,dijnbs594,dijnbs595,dijnbs596,dijnbs597,dijnbs598,dijnbs599,dijnbs600,dijnbs601	analysis_launched	1
/work/work/shared/s-neomics/data/analyse/emergency/incoming/organize/	dijnbs583,dijnbs584,dijnbs585,dijnbs586,dijnbs587,dijnbs588,dijnbs589,dijnbs590,dijnbs591,dijnbs592,dijnbs593,dijnbs594,dijnbs595,dijnbs596,dijnbs597,dijnbs598,dijnbs599,dijnbs600,dijnbs601	analysis_launched	1
/work/work/shared/s-neomics/data/analyse/emergency/incoming/organize/	dijnbs586,dijnbs587,dijnbs588,dijnbs589,dijnbs590,dijnbs591,dijnbs592,dijnbs593,dijnbs594,dijnbs595,dijnbs596,dijnbs597,dijnbs598,dijnbs599,dijnbs600,dijnbs601	analysis_launched	1
/work/work/shared/s-neomics/data/analyse/emergency/incoming/organize/	dijnbs589,dijnbs590,dijnbs591,dijnbs592,dijnbs593,dijnbs594,dijnbs595,dijnbs596,dijnbs597,dijnbs598,dijnbs599,dijnbs600,dijnbs601	analysis_launched	1
/work/work/shared/s-neomics/data/analyse/emergency/incoming/organize/	dijnbs592,dijnbs593,dijnbs594,dijnbs595,dijnbs596,dijnbs597,dijnbs598,dijnbs599,dijnbs600,dijnbs601	analysis_launched	1
/work/work/shared/s-neomics/data/analyse/emergency/incoming/organize/	dijnbs595,dijnbs596,dijnbs597,dijnbs598,dijnbs599,dijnbs600,dijnbs601	analysis_launched	1
/work/work/shared/s-neomics/data/analyse/emergency/incoming/organize/	dijnbs598,dijnbs599,dijnbs600,dijnbs601	analysis_launched	1
/work/work/shared/s-neomics/data/analyse/emergency/incoming/organize/	dijnbs600,dijnbs601	analysis_launched	1
/work/work/shared/s-neomics/data/incoming/organize/	dijex10370,dijex10371,dijex10372,dijex10373,dijex10375,dijex10378,dijex10379,dijex10380,dijex10381,dijex10382,dijex10383,dijex10384,dijex10385,dijex10386,dijex10387,dijex10388,dijex10389,dijex10390,dijex10391,dijex10392,dijex10393,dijex10394,dijex10395,dijex10396,dijex10397,dijex10398,dijex10399,dijex10400,dijex10401,dijex10402,dijex10403,dijex10404,dijex10405,dijex10406,dijex10407,dijex10408,dijex10409	analysis_launched	1
/work/work/shared/s-neomics/data/incoming/organize/	dijex10370	found_in_organize	1
/work/work/shared/s-neomics/data/incoming/organize/	dijex10371	found_in_organize	1
/work/work/shared/s-neomics/data/incoming/organize/	dijex10372	found_in_organize	1
/work/work/shared/s-neomics/data/incoming/organize/	dijex10373	found_in_organize	1
/work/work/shared/s-neomics/data/incoming/organize/	dijex10375	found_in_organize	1
/work/work/shared/s-neomics/data/incoming/organize/	dijex10378	found_in_organize	1
/work/work/shared/s-neomics/data/incoming/organize/	dijex10379	found_in_organize	1
/work/work/shared/s-neomics/data/incoming/organize/	dijex10380	found_in_organize	1
/work/work/shared/s-neomics/data/incoming/organize/	dijex10381	found_in_organize	1
/work/work/shared/s-neomics/data/incoming/organize/	dijex10382	found_in_organize	1
/work/work/shared/s-neomics/data/incoming/organize/	dijex10383	found_in_organize	1
/work/work/shared/s-neomics/data/incoming/organize/	dijex10384	found_in_organize	1
/work/work/shared/s-neomics/data/incoming/organize/	dijex10385	found_in_organize	1
/work/work/shared/s-neomics/data/incoming/organize/	dijex10386	found_in_organize	1
/work/work/shared/s-neomics/data/incoming/organize/	dijex10387	found_in_organize	1
/work/work/shared/s-neomics/data/incoming/organize/	dijex10388	found_in_organize	1
/work/work/shared/s-neomics/data/incoming/organize/	dijex10389	found_in_organize	1
/work/work/shared/s-neomics/data/incoming/organize/	dijex10390	found_in_organize	1
/work/work/shared/s-neomics/data/incoming/organize/	dijex10391	found_in_organize	1
/work/work/shared/s-neomics/data/incoming/organize/	dijex10392	found_in_organize	1
/work/work/shared/s-neomics/data/incoming/organize/	dijex10393	found_in_organize	1
/work/work/shared/s-neomics/data/incoming/organize/	dijex10394	found_in_organize	1
/work/work/shared/s-neomics/data/incoming/organize/	dijex10395	found_in_organize	1
/work/work/shared/s-neomics/data/incoming/organize/	dijex10396	found_in_organize	1
/work/work/shared/s-neomics/data/incoming/organize/	dijex10397	found_in_organize	1
/work/work/shared/s-neomics/data/incoming/organize/	dijex10398	found_in_organize	1
/work/work/shared/s-neomics/data/incoming/organize/	dijex10399	found_in_organize	1
/work/work/shared/s-neomics/data/incoming/organize/	dijex10400	found_in_organize	1
/work/work/shared/s-neomics/data/incoming/organize/	dijex10401	found_in_organize	1
/work/work/shared/s-neomics/data/incoming/organize/	dijex10402	found_in_organize	1
/work/work/shared/s-neomics/data/incoming/organize/	dijex10403	found_in_organize	1
/work/work/shared/s-neomics/data/incoming/organize/	dijex10404	found_in_organize	1
/work/work/shared/s-neomics/data/incoming/organize/	dijex10405	found_in_organize	1
/work/work/shared/s-neomics/data/incoming/organize/	dijex10406	found_in_organize	1
/work/work/shared/s-neomics/data/incoming/organize/	dijex10407	found_in_organize	1
/work/work/shared/s-neomics/data/incoming/organize/	dijex10408	found_in_organize	1
/work/work/shared/s-neomics/data/incoming/organize/	dijex10409	found_in_organize	1
/work/work/shared/s-neomics/data/incoming/organize/	dijnbs602	analysis_launched	1
/work/work/shared/s-neomics/data/incoming/organize/	dijnbs602	found_in_organize	1
/work/work/shared/s-neomics/data/incoming/organize/	dijnbs623	analysis_launched	1
/work/work/shared/s-neomics/data/incoming/organize/	dijnbs623	found_in_organize	1
/work/work/shared/s-neomics/data/incoming/organize/	dijnbs619	analysis_launched	1
/work/work/shared/s-neomics/data/incoming/organize/	dijnbs619	found_in_organize	1
/work/work/shared/s-neomics/data/incoming/organize/	dijnbs603,dijnbs604,dijnbs605,dijnbs607,dijnbs611,dijnbs612,dijnbs617	analysis_launched	1
/work/work/shared/s-neomics/data/incoming/organize/	dijnbs603	found_in_organize	1
/work/work/shared/s-neomics/data/incoming/organize/	dijnbs604	found_in_organize	7
/work/work/shared/s-neomics/data/incoming/organize/	dijnbs605	found_in_organize	7
/work/work/shared/s-neomics/data/incoming/organize/	dijnbs607	found_in_organize	11
/work/work/shared/s-neomics/data/incoming/organize/	dijnbs611	found_in_organize	16
/work/work/shared/s-neomics/data/incoming/organize/	dijnbs612	found_in_organize	16
/work/work/shared/s-neomics/data/incoming/organize/	dijnbs617	found_in_organize	25
/work/work/shared/s-neomics/data/incoming/organize/	dijnbs604,dijnbs605,dijnbs607,dijnbs611,dijnbs612,dijnbs617	analysis_launched	1
/work/work/shared/s-neomics/data/incoming/organize/	dijnbs604,dijnbs605,dijnbs606,dijnbs607,dijnbs608,dijnbs609,dijnbs610,dijnbs611,dijnbs612,dijnbs613,dijnbs614,dijnbs615,dijnbs616,dijnbs617,dijnbs618,dijnbs624	analysis_launched	1
/work/work/shared/s-neomics/data/incoming/organize/	dijnbs606	found_in_organize	5
/work/work/shared/s-neomics/data/incoming/organize/	dijnbs608	found_in_organize	9
/work/work/shared/s-neomics/data/incoming/organize/	dijnbs609	found_in_organize	9
/work/work/shared/s-neomics/data/incoming/organize/	dijnbs610	found_in_organize	13
/work/work/shared/s-neomics/data/incoming/organize/	dijnbs613	found_in_organize	18
/work/work/shared/s-neomics/data/incoming/organize/	dijnbs614	found_in_organize	18
/work/work/shared/s-neomics/data/incoming/organize/	dijnbs615	found_in_organize	19
/work/work/shared/s-neomics/data/incoming/organize/	dijnbs616	found_in_organize	23
/work/work/shared/s-neomics/data/incoming/organize/	dijnbs618	found_in_organize	24
/work/work/shared/s-neomics/data/incoming/organize/	dijnbs624	found_in_organize	34
/work/work/shared/s-neomics/data/incoming/organize/	dijnbs604,dijnbs605,dijnbs606,dijnbs607,dijnbs608,dijnbs609,dijnbs610,dijnbs611,dijnbs612,dijnbs613,dijnbs614,dijnbs615,dijnbs616,dijnbs617,dijnbs618,dijnbs624,dijnbs625,dijnbs627,dijnbs628,dijnbs629,dijnbs630	analysis_launched	1
/work/work/shared/s-neomics/data/incoming/organize/	dijnbs625	found_in_organize	35
/work/work/shared/s-neomics/data/incoming/organize/	dijnbs627	found_in_organize	40
/work/work/shared/s-neomics/data/incoming/organize/	dijnbs628	found_in_organize	41
/work/work/shared/s-neomics/data/incoming/organize/	dijnbs629	found_in_organize	45
/work/work/shared/s-neomics/data/incoming/organize/	dijnbs630	found_in_organize	46
/work/work/shared/s-neomics/data/incoming/organize/	dijnbs604,dijnbs605,dijnbs606,dijnbs607,dijnbs608,dijnbs609,dijnbs610,dijnbs611,dijnbs612,dijnbs613,dijnbs614,dijnbs615,dijnbs616,dijnbs617,dijnbs618,dijnbs622,dijnbs624,dijnbs625,dijnbs627,dijnbs628,dijnbs629,dijnbs630,dijnbs632	analysis_launched	1
/work/work/shared/s-neomics/data/incoming/organize/	dijnbs622	found_in_organize	27
/work/work/shared/s-neomics/data/incoming/organize/	dijnbs632	found_in_organize	49
/work/work/shared/s-neomics/data/incoming/organize/	dijnbs604,dijnbs605,dijnbs606,dijnbs607,dijnbs608,dijnbs609,dijnbs610,dijnbs611,dijnbs612,dijnbs613,dijnbs614,dijnbs615,dijnbs616,dijnbs617,dijnbs618,dijnbs620,dijnbs622,dijnbs624,dijnbs625,dijnbs627,dijnbs628,dijnbs629,dijnbs630,dijnbs631,dijnbs632	analysis_launched	2
/work/work/shared/s-neomics/data/incoming/organize/	dijnbs620	found_in_organize	24
/work/work/shared/s-neomics/data/incoming/organize/	dijnbs631	found_in_organize	48
/work/work/shared/s-neomics/data/incoming/organize/	dijnbs607,dijnbs608,dijnbs609,dijnbs610,dijnbs611,dijnbs612,dijnbs613,dijnbs614,dijnbs615,dijnbs616,dijnbs617,dijnbs618,dijnbs620,dijnbs622,dijnbs624,dijnbs625,dijnbs627,dijnbs628,dijnbs629,dijnbs630,dijnbs631,dijnbs632	analysis_launched	1
/work/work/shared/s-neomics/data/incoming/organize/	dijnbs607,dijnbs608,dijnbs609,dijnbs610,dijnbs611,dijnbs612,dijnbs613,dijnbs614,dijnbs615,dijnbs616,dijnbs617,dijnbs618,dijnbs620,dijnbs621,dijnbs622,dijnbs624,dijnbs625,dijnbs626,dijnbs627,dijnbs628,dijnbs629,dijnbs630,dijnbs631,dijnbs632	analysis_launched	3
/work/work/shared/s-neomics/data/incoming/organize/	dijnbs621	found_in_organize	22
/work/work/shared/s-neomics/data/incoming/organize/	dijnbs626	found_in_organize	34
/work/work/shared/s-neomics/data/incoming/organize/	dijnbs610,dijnbs611,dijnbs612,dijnbs613,dijnbs614,dijnbs615,dijnbs616,dijnbs617,dijnbs618,dijnbs620,dijnbs621,dijnbs622,dijnbs624,dijnbs625,dijnbs626,dijnbs627,dijnbs628,dijnbs629,dijnbs630,dijnbs631,dijnbs632	analysis_launched	4
/work/work/shared/s-neomics/data/incoming/organize/	dijnbs611,dijnbs612,dijnbs613,dijnbs614,dijnbs615,dijnbs616,dijnbs617,dijnbs618,dijnbs620,dijnbs621,dijnbs622,dijnbs624,dijnbs625,dijnbs626,dijnbs627,dijnbs628,dijnbs629,dijnbs630,dijnbs631,dijnbs632	analysis_launched	1
/work/work/shared/s-neomics/data/incoming/organize/	dijnbs613,dijnbs614,dijnbs615,dijnbs616,dijnbs617,dijnbs618,dijnbs620,dijnbs621,dijnbs622,dijnbs624,dijnbs625,dijnbs626,dijnbs627,dijnbs628,dijnbs629,dijnbs630,dijnbs631,dijnbs632	analysis_launched	4
/work/work/shared/s-neomics/data/incoming/organize/	dijnbs615,dijnbs616,dijnbs617,dijnbs618,dijnbs620,dijnbs621,dijnbs622,dijnbs624,dijnbs625,dijnbs626,dijnbs627,dijnbs628,dijnbs629,dijnbs630,dijnbs631,dijnbs632	analysis_launched	1
/work/work/shared/s-neomics/data/incoming/organize/	dijnbs616,dijnbs617,dijnbs618,dijnbs620,dijnbs621,dijnbs622,dijnbs624,dijnbs625,dijnbs626,dijnbs627,dijnbs628,dijnbs629,dijnbs630,dijnbs631,dijnbs632	analysis_launched	4
/work/work/shared/s-neomics/data/incoming/organize/	dijnbs618,dijnbs620,dijnbs621,dijnbs622,dijnbs624,dijnbs625,dijnbs626,dijnbs627,dijnbs628,dijnbs629,dijnbs630,dijnbs631,dijnbs632	analysis_launched	1
/work/work/shared/s-neomics/data/incoming/organize/	dijnbs620,dijnbs621,dijnbs622,dijnbs624,dijnbs625,dijnbs626,dijnbs627,dijnbs628,dijnbs629,dijnbs630,dijnbs631,dijnbs632	analysis_launched	3
/work/work/shared/s-neomics/data/incoming/organize/	dijnbs621,dijnbs622,dijnbs624,dijnbs625,dijnbs626,dijnbs627,dijnbs628,dijnbs629,dijnbs630,dijnbs631,dijnbs632	analysis_launched	1
/work/work/shared/s-neomics/data/incoming/organize/	dijnbs622,dijnbs624,dijnbs625,dijnbs626,dijnbs627,dijnbs628,dijnbs629,dijnbs630,dijnbs631,dijnbs632	analysis_launched	1
/work/work/shared/s-neomics/data/incoming/organize/	dijnbs624,dijnbs625,dijnbs626,dijnbs627,dijnbs628,dijnbs629,dijnbs630,dijnbs631,dijnbs632	analysis_launched	5
/work/work/shared/s-neomics/data/incoming/organize/	dijnbs625,dijnbs626,dijnbs627,dijnbs628,dijnbs629,dijnbs630,dijnbs631,dijnbs632	analysis_launched	2
/work/work/shared/s-neomics/data/incoming/organize/	dijnbs626,dijnbs627,dijnbs628,dijnbs629,dijnbs630,dijnbs631,dijnbs632	analysis_launched	4
/work/work/shared/s-neomics/data/incoming/organize/	dijnbs627,dijnbs628,dijnbs629,dijnbs630,dijnbs631,dijnbs632	analysis_launched	1
/work/work/shared/s-neomics/data/incoming/organize/	dijnbs628,dijnbs629,dijnbs630,dijnbs631,dijnbs632	analysis_launched	1
/work/work/shared/s-neomics/data/incoming/organize/	dijnbs629,dijnbs630,dijnbs631,dijnbs632	analysis_launched	4
/work/work/shared/s-neomics/data/incoming/organize/	dijnbs630,dijnbs631,dijnbs632	analysis_launched	1
/work/work/shared/s-neomics/data/incoming/organize/	dijnbs631,dijnbs632	analysis_launched	4
/work/work/shared/s-neomics/data/incoming/organize/	dijnbs641,dijnbs650	analysis_launched	1
/work/work/shared/s-neomics/data/incoming/organize/	dijnbs641	found_in_organize	1
/work/work/shared/s-neomics/data/incoming/organize/	dijnbs650	found_in_organize	1
/work/work/shared/s-neomics/data/incoming/organize/	dijnbs642	analysis_launched	1
/work/work/shared/s-neomics/data/incoming/organize/	dijnbs642	found_in_organize	1
/work/work/shared/s-neomics/data/incoming/organize/	dijnbs633,dijnbs634,dijnbs635,dijnbs636,dijnbs637,dijnbs638,dijnbs639,dijnbs640,dijnbs643,dijnbs644,dijnbs645,dijnbs646,dijnbs647,dijnbs648,dijnbs649,dijnbs651,dijnbs652,dijnbs654,dijnbs655,dijnbs656,dijnbs657	analysis_launched	1
/work/work/shared/s-neomics/data/incoming/organize/	dijnbs633	found_in_organize	1
/work/work/shared/s-neomics/data/incoming/organize/	dijnbs634	found_in_organize	1
/work/work/shared/s-neomics/data/incoming/organize/	dijnbs635	found_in_organize	1
/work/work/shared/s-neomics/data/incoming/organize/	dijnbs636	found_in_organize	6
/work/work/shared/s-neomics/data/incoming/organize/	dijnbs637	found_in_organize	10
/work/work/shared/s-neomics/data/incoming/organize/	dijnbs638	found_in_organize	10
/work/work/shared/s-neomics/data/incoming/organize/	dijnbs639	found_in_organize	13
/work/work/shared/s-neomics/data/incoming/organize/	dijnbs640	found_in_organize	16
/work/work/shared/s-neomics/data/incoming/organize/	dijnbs643	found_in_organize	16
/work/work/shared/s-neomics/data/incoming/organize/	dijnbs644	found_in_organize	18
/work/work/shared/s-neomics/data/incoming/organize/	dijnbs645	found_in_organize	22
/work/work/shared/s-neomics/data/incoming/organize/	dijnbs646	found_in_organize	22
/work/work/shared/s-neomics/data/incoming/organize/	dijnbs647	found_in_organize	23
/work/work/shared/s-neomics/data/incoming/organize/	dijnbs648	found_in_organize	27
/work/work/shared/s-neomics/data/incoming/organize/	dijnbs649	found_in_organize	28
/work/work/shared/s-neomics/data/incoming/organize/	dijnbs651	found_in_organize	29
/work/work/shared/s-neomics/data/incoming/organize/	dijnbs652	found_in_organize	33
/work/work/shared/s-neomics/data/incoming/organize/	dijnbs654	found_in_organize	34
/work/work/shared/s-neomics/data/incoming/organize/	dijnbs655	found_in_organize	35
/work/work/shared/s-neomics/data/incoming/organize/	dijnbs656	found_in_organize	38
/work/work/shared/s-neomics/data/incoming/organize/	dijnbs657	found_in_organize	41
/work/work/shared/s-neomics/data/incoming/organize/	dijnbs636,dijnbs637,dijnbs638,dijnbs639,dijnbs640,dijnbs643,dijnbs644,dijnbs645,dijnbs646,dijnbs647,dijnbs648,dijnbs649,dijnbs651,dijnbs652,dijnbs654,dijnbs655,dijnbs656,dijnbs657	analysis_launched	2
/work/work/shared/s-neomics/data/incoming/organize/	dijnbs586,dijnbs636,dijnbs637,dijnbs638,dijnbs639,dijnbs640,dijnbs643,dijnbs644,dijnbs645,dijnbs646,dijnbs647,dijnbs648,dijnbs649,dijnbs651,dijnbs652,dijnbs653,dijnbs654,dijnbs655,dijnbs656,dijnbs657	analysis_launched	3
/work/work/shared/s-neomics/data/incoming/organize/	dijnbs653	found_in_organize	3
/work/work/shared/s-neomics/data/incoming/organize/	dijnbs637,dijnbs638,dijnbs639,dijnbs640,dijnbs643,dijnbs644,dijnbs645,dijnbs646,dijnbs647,dijnbs648,dijnbs649,dijnbs651,dijnbs652,dijnbs654,dijnbs655,dijnbs656,dijnbs657	analysis_launched	4
/work/work/shared/s-neomics/data/incoming/organize/	dijnbs639,dijnbs640,dijnbs643,dijnbs644,dijnbs645,dijnbs646,dijnbs647,dijnbs648,dijnbs649,dijnbs651,dijnbs652,dijnbs654,dijnbs655,dijnbs656,dijnbs657	analysis_launched	3
/work/work/shared/s-neomics/data/incoming/organize/	dijnbs640,dijnbs643,dijnbs644,dijnbs645,dijnbs646,dijnbs647,dijnbs648,dijnbs649,dijnbs651,dijnbs652,dijnbs654,dijnbs655,dijnbs656,dijnbs657	analysis_launched	3
/work/work/shared/s-neomics/data/incoming/organize/	dijnbs644,dijnbs645,dijnbs646,dijnbs647,dijnbs648,dijnbs649,dijnbs651,dijnbs652,dijnbs654,dijnbs655,dijnbs656,dijnbs657	analysis_launched	2
/work/work/shared/s-neomics/data/incoming/organize/	dijnbs645,dijnbs646,dijnbs647,dijnbs648,dijnbs649,dijnbs651,dijnbs652,dijnbs654,dijnbs655,dijnbs656,dijnbs657	analysis_launched	4
/work/work/shared/s-neomics/data/incoming/organize/	dijnbs647,dijnbs648,dijnbs649,dijnbs651,dijnbs652,dijnbs654,dijnbs655,dijnbs656,dijnbs657	analysis_launched	1
/work/work/shared/s-neomics/data/incoming/organize/	dijnbs648,dijnbs649,dijnbs651,dijnbs652,dijnbs654,dijnbs655,dijnbs656,dijnbs657	analysis_launched	4
/work/work/shared/s-neomics/data/incoming/organize/	dijnbs649,dijnbs651,dijnbs652,dijnbs654,dijnbs655,dijnbs656,dijnbs657	analysis_launched	1
/work/work/shared/s-neomics/data/incoming/organize/	dijnbs651,dijnbs652,dijnbs654,dijnbs655,dijnbs656,dijnbs657	analysis_launched	1
/work/work/shared/s-neomics/data/incoming/organize/	dijnbs652,dijnbs654,dijnbs655,dijnbs656,dijnbs657	analysis_launched	4
/work/work/shared/s-neomics/data/incoming/organize/	dijnbs654,dijnbs655,dijnbs656,dijnbs657	analysis_launched	1
/work/work/shared/s-neomics/data/incoming/organize/	dijnbs655,dijnbs656,dijnbs657	analysis_launched	1
/work/work/shared/s-neomics/data/incoming/organize/	dijnbs656,dijnbs657	analysis_launched	3
/work/work/shared/s-neomics/data/incoming/organize/	dijnbs657	analysis_launched	3
/work/work/shared/s-neomics/data/incoming/organize/	dijnbs658,dijnbs659,dijnbs660,dijnbs661,dijnbs662,dijnbs663,dijnbs664,dijnbs665,dijnbs666,dijnbs667	analysis_launched	1
/work/work/shared/s-neomics/data/incoming/organize/	dijnbs658	found_in_organize	1
/work/work/shared/s-neomics/data/incoming/organize/	dijnbs659	found_in_organize	1
/work/work/shared/s-neomics/data/incoming/organize/	dijnbs660	found_in_organize	1
/work/work/shared/s-neomics/data/incoming/organize/	dijnbs661	found_in_organize	10
/work/work/shared/s-neomics/data/incoming/organize/	dijnbs662	found_in_organize	10
/work/work/shared/s-neomics/data/incoming/organize/	dijnbs663	found_in_organize	10
/work/work/shared/s-neomics/data/incoming/organize/	dijnbs664	found_in_organize	16
/work/work/shared/s-neomics/data/incoming/organize/	dijnbs665	found_in_organize	16
/work/work/shared/s-neomics/data/incoming/organize/	dijnbs666	found_in_organize	16
/work/work/shared/s-neomics/data/incoming/organize/	dijnbs667	found_in_organize	21
/work/work/shared/s-neomics/data/incoming/organize/	dijnbs661,dijnbs662,dijnbs663,dijnbs664,dijnbs665,dijnbs666,dijnbs667	analysis_launched	9
/work/work/shared/s-neomics/data/incoming/organize/	dijnbs664,dijnbs665,dijnbs666,dijnbs667	analysis_launched	6
/work/work/shared/s-neomics/data/incoming/organize/	dijnbs667	analysis_launched	5
/work/work/shared/s-neomics/data/incoming/organize/	dijnbs668,dijnbs669,dijnbs670,dijnbs671,dijnbs672	analysis_launched	1
/work/work/shared/s-neomics/data/incoming/organize/	dijnbs668	found_in_organize	1
/work/work/shared/s-neomics/data/incoming/organize/	dijnbs669	found_in_organize	1
/work/work/shared/s-neomics/data/incoming/organize/	dijnbs670	found_in_organize	1
/work/work/shared/s-neomics/data/incoming/organize/	dijnbs671	found_in_organize	11
/work/work/shared/s-neomics/data/incoming/organize/	dijnbs672	found_in_organize	11
/work/work/shared/s-neomics/data/incoming/organize/	dijnbs671,dijnbs672,dijnbs673,dijnbs674,dijnbs675,dijnbs676,dijnbs677	analysis_launched	10
/work/work/shared/s-neomics/data/incoming/organize/	dijnbs673	found_in_organize	10
/work/work/shared/s-neomics/data/incoming/organize/	dijnbs674	found_in_organize	15
/work/work/shared/s-neomics/data/incoming/organize/	dijnbs675	found_in_organize	15
/work/work/shared/s-neomics/data/incoming/organize/	dijnbs676	found_in_organize	15
/work/work/shared/s-neomics/data/incoming/organize/	dijnbs677	found_in_organize	20
/work/work/shared/s-neomics/data/incoming/organize/	dijnbs674,dijnbs675,dijnbs676,dijnbs677	analysis_launched	5
/work/work/shared/s-neomics/data/incoming/organize/	dijnbs677	analysis_launched	5
/work/work/shared/s-neomics/data/incoming/organize/	dijnbs680,dijnbs682,dijnbs684,dijnbs685,dijnbs687	analysis_launched	1
/work/work/shared/s-neomics/data/incoming/organize/	dijnbs680	found_in_organize	1
/work/work/shared/s-neomics/data/incoming/organize/	dijnbs682	found_in_organize	1
/work/work/shared/s-neomics/data/incoming/organize/	dijnbs684	found_in_organize	1
/work/work/shared/s-neomics/data/incoming/organize/	dijnbs685	found_in_organize	21
/work/work/shared/s-neomics/data/incoming/organize/	dijnbs687	found_in_organize	28
/work/work/shared/s-neomics/data/incoming/organize/	dijnbs678,dijnbs679,dijnbs681,dijnbs683,dijnbs685,dijnbs686,dijnbs687,dijnbs688	analysis_launched	2
/work/work/shared/s-neomics/data/incoming/organize/	dijnbs678	found_in_organize	10
/work/work/shared/s-neomics/data/incoming/organize/	dijnbs679	found_in_organize	10
/work/work/shared/s-neomics/data/incoming/organize/	dijnbs681	found_in_organize	10
/work/work/shared/s-neomics/data/incoming/organize/	dijnbs683	found_in_organize	20
/work/work/shared/s-neomics/data/incoming/organize/	dijnbs686	found_in_organize	20
/work/work/shared/s-neomics/data/incoming/organize/	dijnbs688	found_in_organize	27
/work/work/shared/s-neomics/data/incoming/organize/	dijnbs678,dijnbs679,dijnbs681,dijnbs683,dijnbs685,dijnbs686,dijnbs687,dijnbs688,dijnbs693,dijnbs694,dijnbs695,dijnbs696	analysis_launched	1
/work/work/shared/s-neomics/data/incoming/organize/	dijnbs693	found_in_organize	32
/work/work/shared/s-neomics/data/incoming/organize/	dijnbs694	found_in_organize	33
/work/work/shared/s-neomics/data/incoming/organize/	dijnbs695	found_in_organize	33
/work/work/shared/s-neomics/data/incoming/organize/	dijnbs696	found_in_organize	34
/work/work/shared/s-neomics/data/incoming/organize/	dijen2244,dijen2245,dijen2246,dijnbs678,dijnbs679,dijnbs681,dijnbs683,dijnbs685,dijnbs686,dijnbs687,dijnbs688,dijnbs689,dijnbs691,dijnbs692,dijnbs693,dijnbs694,dijnbs695,dijnbs696	analysis_launched	2
/work/work/shared/s-neomics/data/incoming/organize/	dijen2244	found_in_organize	50
/work/work/shared/s-neomics/data/incoming/organize/	dijen2245	found_in_organize	50
/work/work/shared/s-neomics/data/incoming/organize/	dijen2246	found_in_organize	50
/work/work/shared/s-neomics/data/incoming/organize/	dijnbs689	found_in_organize	24
/work/work/shared/s-neomics/data/incoming/organize/	dijnbs691	found_in_organize	30
/work/work/shared/s-neomics/data/incoming/organize/	dijnbs692	found_in_organize	31
/work/work/shared/s-neomics/data/incoming/organize/	dijen2244,dijen2245,dijen2246,dijnbs678,dijnbs679,dijnbs681,dijnbs683,dijnbs685,dijnbs686,dijnbs687,dijnbs688,dijnbs689,dijnbs690,dijnbs691,dijnbs692,dijnbs693,dijnbs694,dijnbs695,dijnbs696	analysis_launched	5
/work/work/shared/s-neomics/data/incoming/organize/	dijnbs690	found_in_organize	27
/work/work/shared/s-neomics/data/incoming/organize/	dijen2244,dijen2245,dijen2246,dijnbs683,dijnbs685,dijnbs686,dijnbs687,dijnbs688,dijnbs689,dijnbs690,dijnbs691,dijnbs692,dijnbs693,dijnbs694,dijnbs695,dijnbs696	analysis_launched	10
/work/work/shared/s-neomics/data/incoming/organize/	dijen2244,dijen2245,dijen2246,dijnbs687,dijnbs688,dijnbs689,dijnbs690,dijnbs691,dijnbs692,dijnbs693,dijnbs694,dijnbs695,dijnbs696	analysis_launched	7
/work/work/shared/s-neomics/data/incoming/organize/	dijen2244,dijen2245,dijen2246,dijnbs690,dijnbs691,dijnbs692,dijnbs693,dijnbs694,dijnbs695,dijnbs696	analysis_launched	5
/work/work/shared/s-neomics/data/incoming/organize/	dijen2244,dijen2245,dijen2246,dijnbs691,dijnbs692,dijnbs693,dijnbs694,dijnbs695,dijnbs696	analysis_launched	1
/work/work/shared/s-neomics/data/incoming/organize/	dijen2244,dijen2245,dijen2246,dijnbs692,dijnbs693,dijnbs694,dijnbs695,dijnbs696	analysis_launched	1
/work/work/shared/s-neomics/data/incoming/organize/	dijen2244,dijen2245,dijen2246,dijnbs694,dijnbs695,dijnbs696	analysis_launched	1
/work/work/shared/s-neomics/data/incoming/organize/	dijen2244,dijen2245,dijen2246,dijnbs696	analysis_launched	1
/work/work/shared/s-neomics/data/incoming/organize/	dijen2244,dijen2245,dijen2246	analysis_launched	17
/work/work/shared/s-neomics/data/incoming/organize/	dijex10410,dijex10411,dijex10412,dijex10413,dijex10414,dijex10415,dijex10416,dijex10417,dijex10418,dijex10419,dijex10420,dijex10421,dijex10422,dijex10423,dijex10424,dijex10425,dijex10426,dijex10427,dijex10428,dijex10429,dijex10430,dijex10431,dijex10432,dijex10433,dijex10434,dijex10435,dijex10436,dijex10437,dijex10438,dijex10439,dijex10440,dijex10441,dijex10442,dijex10443,dijex10444,dijex10445,dijex10446,dijex10447,dijex10448,dijex10449	analysis_launched	1
/work/work/shared/s-neomics/data/incoming/organize/	dijex10410	found_in_organize	1
/work/work/shared/s-neomics/data/incoming/organize/	dijex10411	found_in_organize	1
/work/work/shared/s-neomics/data/incoming/organize/	dijex10412	found_in_organize	1
/work/work/shared/s-neomics/data/incoming/organize/	dijex10413	found_in_organize	1
/work/work/shared/s-neomics/data/incoming/organize/	dijex10414	found_in_organize	1
/work/work/shared/s-neomics/data/incoming/organize/	dijex10415	found_in_organize	1
/work/work/shared/s-neomics/data/incoming/organize/	dijex10416	found_in_organize	2
/work/work/shared/s-neomics/data/incoming/organize/	dijex10417	found_in_organize	2
/work/work/shared/s-neomics/data/incoming/organize/	dijex10418	found_in_organize	2
/work/work/shared/s-neomics/data/incoming/organize/	dijex10419	found_in_organize	3
/work/work/shared/s-neomics/data/incoming/organize/	dijex10420	found_in_organize	3
/work/work/shared/s-neomics/data/incoming/organize/	dijex10421	found_in_organize	3
/work/work/shared/s-neomics/data/incoming/organize/	dijex10422	found_in_organize	4
/work/work/shared/s-neomics/data/incoming/organize/	dijex10423	found_in_organize	4
/work/work/shared/s-neomics/data/incoming/organize/	dijex10424	found_in_organize	4
/work/work/shared/s-neomics/data/incoming/organize/	dijex10425	found_in_organize	7
/work/work/shared/s-neomics/data/incoming/organize/	dijex10426	found_in_organize	5
/work/work/shared/s-neomics/data/incoming/organize/	dijex10427	found_in_organize	5
/work/work/shared/s-neomics/data/incoming/organize/	dijex10428	found_in_organize	5
/work/work/shared/s-neomics/data/incoming/organize/	dijex10429	found_in_organize	6
/work/work/shared/s-neomics/data/incoming/organize/	dijex10430	found_in_organize	6
/work/work/shared/s-neomics/data/incoming/organize/	dijex10431	found_in_organize	6
/work/work/shared/s-neomics/data/incoming/organize/	dijex10432	found_in_organize	6
/work/work/shared/s-neomics/data/incoming/organize/	dijex10433	found_in_organize	6
/work/work/shared/s-neomics/data/incoming/organize/	dijex10434	found_in_organize	6
/work/work/shared/s-neomics/data/incoming/organize/	dijex10435	found_in_organize	8
/work/work/shared/s-neomics/data/incoming/organize/	dijex10436	found_in_organize	7
/work/work/shared/s-neomics/data/incoming/organize/	dijex10437	found_in_organize	7
/work/work/shared/s-neomics/data/incoming/organize/	dijex10438	found_in_organize	7
/work/work/shared/s-neomics/data/incoming/organize/	dijex10439	found_in_organize	8
/work/work/shared/s-neomics/data/incoming/organize/	dijex10440	found_in_organize	8
/work/work/shared/s-neomics/data/incoming/organize/	dijex10441	found_in_organize	8
/work/work/shared/s-neomics/data/incoming/organize/	dijex10442	found_in_organize	8
/work/work/shared/s-neomics/data/incoming/organize/	dijex10443	found_in_organize	8
/work/work/shared/s-neomics/data/incoming/organize/	dijex10444	found_in_organize	9
/work/work/shared/s-neomics/data/incoming/organize/	dijex10445	found_in_organize	9
/work/work/shared/s-neomics/data/incoming/organize/	dijex10446	found_in_organize	9
/work/work/shared/s-neomics/data/incoming/organize/	dijex10447	found_in_organize	9
/work/work/shared/s-neomics/data/incoming/organize/	dijex10448	found_in_organize	7
/work/work/shared/s-neomics/data/incoming/organize/	dijex10449	found_in_organize	7
/work/work/shared/s-neomics/data/incoming/organize/	dijex10416,dijex10417,dijex10418,dijex10419,dijex10420,dijex10421,dijex10422,dijex10423,dijex10424,dijex10425,dijex10426,dijex10427,dijex10428,dijex10429,dijex10430,dijex10431,dijex10432,dijex10433,dijex10434,dijex10435,dijex10436,dijex10437,dijex10438,dijex10439,dijex10440,dijex10441,dijex10442,dijex10443,dijex10444,dijex10445,dijex10446,dijex10447,dijex10448,dijex10449,dijnbs697	analysis_launched	1
/work/work/shared/s-neomics/data/incoming/organize/	dijnbs697	found_in_organize	1
/work/work/shared/s-neomics/data/incoming/organize/	dijex10419,dijex10420,dijex10421,dijex10422,dijex10423,dijex10424,dijex10425,dijex10426,dijex10427,dijex10428,dijex10429,dijex10430,dijex10431,dijex10432,dijex10433,dijex10434,dijex10435,dijex10436,dijex10437,dijex10438,dijex10439,dijex10440,dijex10441,dijex10442,dijex10443,dijex10444,dijex10445,dijex10446,dijex10447,dijex10448,dijex10449	analysis_launched	1
/work/work/shared/s-neomics/data/incoming/organize/	dijex10422,dijex10423,dijex10424,dijex10425,dijex10426,dijex10427,dijex10428,dijex10429,dijex10430,dijex10431,dijex10432,dijex10433,dijex10434,dijex10435,dijex10436,dijex10437,dijex10438,dijex10439,dijex10440,dijex10441,dijex10442,dijex10443,dijex10444,dijex10445,dijex10446,dijex10447,dijex10448,dijex10449	analysis_launched	1
/work/work/shared/s-neomics/data/incoming/organize/	dijex10425,dijex10426,dijex10427,dijex10428,dijex10429,dijex10430,dijex10431,dijex10432,dijex10433,dijex10434,dijex10435,dijex10436,dijex10437,dijex10438,dijex10439,dijex10440,dijex10441,dijex10442,dijex10443,dijex10444,dijex10445,dijex10446,dijex10447,dijex10448,dijex10449	analysis_launched	1
/work/work/shared/s-neomics/data/incoming/organize/	dijex10425,dijex10429,dijex10430,dijex10431,dijex10432,dijex10433,dijex10434,dijex10435,dijex10436,dijex10437,dijex10438,dijex10439,dijex10440,dijex10441,dijex10442,dijex10443,dijex10444,dijex10445,dijex10446,dijex10447,dijex10448,dijex10449	analysis_launched	1
/work/work/shared/s-neomics/data/incoming/organize/	dijex10425,dijex10435,dijex10436,dijex10437,dijex10438,dijex10439,dijex10440,dijex10441,dijex10442,dijex10443,dijex10444,dijex10445,dijex10446,dijex10447,dijex10448,dijex10449	analysis_launched	1
/work/work/shared/s-neomics/data/incoming/organize/	dijex10435,dijex10439,dijex10440,dijex10441,dijex10442,dijex10443,dijex10444,dijex10445,dijex10446,dijex10447	analysis_launched	1
/work/work/shared/s-neomics/data/incoming/organize/	dijex10444,dijex10445,dijex10446,dijex10447	analysis_launched	1
/work/work/shared/s-neomics/data/incoming/organize/	dijen2250,dijen2251,dijen2252,dijnbs698	analysis_launched	1
/work/work/shared/s-neomics/data/incoming/organize/	dijen2250	found_in_organize	6
/work/work/shared/s-neomics/data/incoming/organize/	dijen2251	found_in_organize	6
/work/work/shared/s-neomics/data/incoming/organize/	dijen2252	found_in_organize	6
/work/work/shared/s-neomics/data/incoming/organize/	dijnbs698	found_in_organize	1
/work/work/shared/s-neomics/data/incoming/organize/	dijen2250,dijen2251,dijen2252	analysis_launched	5
/work/work/shared/s-neomics/data/incoming/organize/	dijex10070,dijex10071,dijex10072,dijex10082,dijex10083,dijex10084,dijex10085,dijex10086,dijex10087,dijex10179,dijex10180,dijex10181,dijex10450,dijex10451,dijex10452,dijex10454,dijex10455,dijex10456,dijex10457,dijex10458,dijex10459,dijex10460,dijex10461,dijex10462,dijex10463,dijex10464,dijex10465,dijex10466,dijex10467,dijex10468,dijex10469	analysis_launched	1
/work/work/shared/s-neomics/data/incoming/organize/	dijex10070	found_in_organize	6
/work/work/shared/s-neomics/data/incoming/organize/	dijex10071	found_in_organize	6
/work/work/shared/s-neomics/data/incoming/organize/	dijex10072	found_in_organize	6
/work/work/shared/s-neomics/data/incoming/organize/	dijex10082	found_in_organize	7
/work/work/shared/s-neomics/data/incoming/organize/	dijex10083	found_in_organize	7
/work/work/shared/s-neomics/data/incoming/organize/	dijex10084	found_in_organize	7
/work/work/shared/s-neomics/data/incoming/organize/	dijex10085	found_in_organize	8
/work/work/shared/s-neomics/data/incoming/organize/	dijex10086	found_in_organize	8
/work/work/shared/s-neomics/data/incoming/organize/	dijex10087	found_in_organize	8
/work/work/shared/s-neomics/data/incoming/organize/	dijex10179	found_in_organize	9
/work/work/shared/s-neomics/data/incoming/organize/	dijex10180	found_in_organize	9
/work/work/shared/s-neomics/data/incoming/organize/	dijex10181	found_in_organize	9
/work/work/shared/s-neomics/data/incoming/organize/	dijex10450	found_in_organize	1
/work/work/shared/s-neomics/data/incoming/organize/	dijex10451	found_in_organize	1
/work/work/shared/s-neomics/data/incoming/organize/	dijex10452	found_in_organize	1
/work/work/shared/s-neomics/data/incoming/organize/	dijex10454	found_in_organize	13
/work/work/shared/s-neomics/data/incoming/organize/	dijex10455	found_in_organize	10
/work/work/shared/s-neomics/data/incoming/organize/	dijex10456	found_in_organize	10
/work/work/shared/s-neomics/data/incoming/organize/	dijex10457	found_in_organize	10
/work/work/shared/s-neomics/data/incoming/organize/	dijex10458	found_in_organize	11
/work/work/shared/s-neomics/data/incoming/organize/	dijex10459	found_in_organize	11
/work/work/shared/s-neomics/data/incoming/organize/	dijex10460	found_in_organize	11
/work/work/shared/s-neomics/data/incoming/organize/	dijex10461	found_in_organize	13
/work/work/shared/s-neomics/data/incoming/organize/	dijex10462	found_in_organize	13
/work/work/shared/s-neomics/data/incoming/organize/	dijex10463	found_in_organize	14
/work/work/shared/s-neomics/data/incoming/organize/	dijex10464	found_in_organize	14
/work/work/shared/s-neomics/data/incoming/organize/	dijex10465	found_in_organize	12
/work/work/shared/s-neomics/data/incoming/organize/	dijex10466	found_in_organize	12
/work/work/shared/s-neomics/data/incoming/organize/	dijex10467	found_in_organize	12
/work/work/shared/s-neomics/data/incoming/organize/	dijex10468	found_in_organize	14
/work/work/shared/s-neomics/data/incoming/organize/	dijex10469	found_in_organize	15
/work/work/shared/s-neomics/data/incoming/organize/	dijen2253,dijex10070,dijex10071,dijex10072,dijex10082,dijex10083,dijex10084,dijex10085,dijex10086,dijex10087,dijex10179,dijex10180,dijex10181,dijex10454,dijex10455,dijex10456,dijex10457,dijex10458,dijex10459,dijex10460,dijex10461,dijex10462,dijex10463,dijex10464,dijex10465,dijex10466,dijex10467,dijex10468,dijex10469	analysis_launched	1
/work/work/shared/s-neomics/data/incoming/organize/	dijen2253	found_in_organize	1
/work/work/shared/s-neomics/data/incoming/organize/	dijex10070,dijex10071,dijex10072,dijex10082,dijex10083,dijex10084,dijex10085,dijex10086,dijex10087,dijex10179,dijex10180,dijex10181,dijex10454,dijex10455,dijex10456,dijex10457,dijex10458,dijex10459,dijex10460,dijex10461,dijex10462,dijex10463,dijex10464,dijex10465,dijex10466,dijex10467,dijex10468,dijex10469	analysis_launched	2
/work/work/shared/s-neomics/data/incoming/organize/	dijex10070,dijex10071,dijex10072,dijex10082,dijex10083,dijex10084,dijex10085,dijex10086,dijex10087,dijex10179,dijex10180,dijex10181,dijex10455,dijex10456,dijex10457,dijex10458,dijex10459,dijex10460,dijex10465,dijex10466,dijex10467,dijex10454,dijex10461,dijex10462,dijex10463,dijex10464,dijex10468,dijex10469	analysis_launched	2
/work/work/shared/s-neomics/data/incoming/organize/	dijex10082,dijex10083,dijex10084,dijex10085,dijex10086,dijex10087,dijex10179,dijex10180,dijex10181,dijex10455,dijex10456,dijex10457,dijex10458,dijex10459,dijex10460,dijex10465,dijex10466,dijex10467,dijex10454,dijex10461,dijex10462,dijex10463,dijex10464,dijex10468,dijex10469	analysis_launched	1
/work/work/shared/s-neomics/data/incoming/organize/	dijex10085,dijex10086,dijex10087,dijex10179,dijex10180,dijex10181,dijex10455,dijex10456,dijex10457,dijex10458,dijex10459,dijex10460,dijex10465,dijex10466,dijex10467,dijex10454,dijex10461,dijex10462,dijex10463,dijex10464,dijex10468,dijex10469	analysis_launched	1
/work/work/shared/s-neomics/data/incoming/organize/	dijex10179,dijex10180,dijex10181,dijex10455,dijex10456,dijex10457,dijex10458,dijex10459,dijex10460,dijex10465,dijex10466,dijex10467,dijex10454,dijex10461,dijex10462,dijex10463,dijex10464,dijex10468,dijex10469	analysis_launched	1
/work/work/shared/s-neomics/data/incoming/organize/	dijex10455,dijex10456,dijex10457,dijex10458,dijex10459,dijex10460,dijex10465,dijex10466,dijex10467,dijex10454,dijex10461,dijex10462,dijex10463,dijex10464,dijex10468,dijex10469	analysis_launched	1
/work/work/shared/s-neomics/data/incoming/organize/	dijex10458,dijex10459,dijex10460,dijex10465,dijex10466,dijex10467,dijex10454,dijex10461,dijex10462,dijex10463,dijex10464,dijex10468,dijex10469	analysis_launched	1
/work/work/shared/s-neomics/data/incoming/organize/	dijex10465,dijex10466,dijex10467,dijex10454,dijex10461,dijex10462,dijex10463,dijex10464,dijex10468,dijex10469	analysis_launched	1
/work/work/shared/s-neomics/data/incoming/organize/	dijex10454,dijex10461,dijex10462,dijex10463,dijex10464,dijex10468,dijex10469	analysis_launched	1
/work/work/shared/s-neomics/data/incoming/organize/	dijex10463,dijex10464,dijex10468,dijex10469	analysis_launched	1
/work/work/shared/s-neomics/data/incoming/organize/	dijex10469	analysis_launched	1
/work/work/shared/s-neomics/data/incoming/organize/	dijex10479,dijex10480,dijex10481,dijex10482,dijex10483,dijex10484,dijex10485,dijex10486,dijex10487,dijex10488,dijex10489,dijex10490,dijex10491,dijex10492,dijex10493,dijex10494,dijex10495,dijex10496,dijex10497,dijex10498,dijex10499,dijex10500,dijex10501,dijex10502	analysis_launched	1
/work/work/shared/s-neomics/data/incoming/organize/	dijex10479	found_in_organize	1
/work/work/shared/s-neomics/data/incoming/organize/	dijex10480	found_in_organize	1
/work/work/shared/s-neomics/data/incoming/organize/	dijex10481	found_in_organize	1
/work/work/shared/s-neomics/data/incoming/organize/	dijex10482	found_in_organize	1
/work/work/shared/s-neomics/data/incoming/organize/	dijex10483	found_in_organize	1
/work/work/shared/s-neomics/data/incoming/organize/	dijex10484	found_in_organize	1
/work/work/shared/s-neomics/data/incoming/organize/	dijex10485	found_in_organize	2
/work/work/shared/s-neomics/data/incoming/organize/	dijex10486	found_in_organize	2
/work/work/shared/s-neomics/data/incoming/organize/	dijex10487	found_in_organize	2
/work/work/shared/s-neomics/data/incoming/organize/	dijex10488	found_in_organize	2
/work/work/shared/s-neomics/data/incoming/organize/	dijex10489	found_in_organize	2
/work/work/shared/s-neomics/data/incoming/organize/	dijex10490	found_in_organize	2
/work/work/shared/s-neomics/data/incoming/organize/	dijex10491	found_in_organize	14
/work/work/shared/s-neomics/data/incoming/organize/	dijex10492	found_in_organize	14
/work/work/shared/s-neomics/data/incoming/organize/	dijex10493	found_in_organize	14
/work/work/shared/s-neomics/data/incoming/organize/	dijex10494	found_in_organize	14
/work/work/shared/s-neomics/data/incoming/organize/	dijex10495	found_in_organize	13
/work/work/shared/s-neomics/data/incoming/organize/	dijex10496	found_in_organize	13
/work/work/shared/s-neomics/data/incoming/organize/	dijex10497	found_in_organize	13
/work/work/shared/s-neomics/data/incoming/organize/	dijex10498	found_in_organize	14
/work/work/shared/s-neomics/data/incoming/organize/	dijex10499	found_in_organize	14
/work/work/shared/s-neomics/data/incoming/organize/	dijex10500	found_in_organize	13
/work/work/shared/s-neomics/data/incoming/organize/	dijex10501	found_in_organize	13
/work/work/shared/s-neomics/data/incoming/organize/	dijex10502	found_in_organize	13
/work/work/shared/s-neomics/data/incoming/organize/	dijex10485,dijex10486,dijex10487,dijex10488,dijex10489,dijex10490,dijex10491,dijex10492,dijex10493,dijex10494,dijex10495,dijex10496,dijex10497,dijex10498,dijex10499,dijex10500,dijex10501,dijex10502	analysis_launched	1
/work/work/shared/s-neomics/data/incoming/organize/	dijex10491,dijex10492,dijex10493,dijex10494,dijex10495,dijex10496,dijex10497,dijex10498,dijex10499,dijex10500,dijex10501,dijex10502,dijnbs699,dijnbs700	analysis_launched	1
/work/work/shared/s-neomics/data/incoming/organize/	dijnbs699	found_in_organize	1
/work/work/shared/s-neomics/data/incoming/organize/	dijnbs700	found_in_organize	1
/work/work/shared/s-neomics/data/incoming/organize/	dijex10491,dijex10492,dijex10493,dijex10494,dijex10495,dijex10496,dijex10497,dijex10498,dijex10499,dijex10500,dijex10501,dijex10502	analysis_launched	10
/work/work/shared/s-neomics/data/incoming/organize/	dijex10491,dijex10492,dijex10493,dijex10494,dijex10498,dijex10499	analysis_launched	1
/work/work/shared/s-neomics/data/incoming/organize/	dijen2254,dijen2255,dijen2257,dijnbs701	analysis_launched	1
/work/work/shared/s-neomics/data/incoming/organize/	dijen2254	found_in_organize	2
/work/work/shared/s-neomics/data/incoming/organize/	dijen2255	found_in_organize	2
/work/work/shared/s-neomics/data/incoming/organize/	dijen2257	found_in_organize	4
/work/work/shared/s-neomics/data/incoming/organize/	dijnbs701	found_in_organize	1
/work/work/shared/s-neomics/data/incoming/organize/	dijen2256,dijen2257	analysis_launched	1
/work/work/shared/s-neomics/data/incoming/organize/	dijen2256	found_in_organize	1
/work/work/shared/s-neomics/data/incoming/organize/	dijen2255,dijen2257,dijnbs702,dijnbs703	analysis_launched	1
/work/work/shared/s-neomics/data/incoming/organize/	dijnbs702	found_in_organize	1
/work/work/shared/s-neomics/data/incoming/organize/	dijnbs703	found_in_organize	1
/work/work/shared/s-neomics/data/incoming/organize/	dijen2257	analysis_launched	1
/work/work/shared/s-neomics/data/incoming/organize/	dijen2254	analysis_launched	1