/work/work/shared/s-neomics/data/analyse/PED0666	PED0666	no_dispatch	23
/work/work/shared/s-neomics/data/analyse/PED20036	dijnbs089	dispatch_ok	467
/work/work/shared/s-neomics/data/analyse/PED20036	PED20036	analysis_not_ended	12
/work/work/shared/s-neomics/data/analyse/PED20036	PED20036	no_archive_log	12
/work/work/shared/s-neomics/data/analyse/PED20031	dijnbs084	dispatch_ok	465
/work/work/shared/s-neomics/data/analyse/PED20031	PED20031	analysis_not_ended	21
/work/work/shared/s-neomics/data/analyse/PED20031	PED20031	no_archive_log	21
/work/work/shared/s-neomics/data/analyse/PED20032	dijnbs085	dispatch_ok	465
/work/work/shared/s-neomics/data/analyse/PED20032	PED20032	analysis_not_ended	18
/work/work/shared/s-neomics/data/analyse/PED20032	PED20032	no_archive_log	18
/work/work/shared/s-neomics/data/analyse/PED20009	dijnbs082	dispatch_ok	462
/work/work/shared/s-neomics/data/analyse/PED20009	PED20009	analysis_not_ended	24
/work/work/shared/s-neomics/data/analyse/PED20009	PED20009	no_archive_log	24
/work/work/shared/s-neomics/data/analyse/PED20017	dijnbs083	dispatch_ok	461
/work/work/shared/s-neomics/data/analyse/PED20017	PED20017	analysis_not_ended	22
/work/work/shared/s-neomics/data/analyse/PED20017	PED20017	no_archive_log	22
/work/work/shared/s-neomics/data/analyse/PED20033	dijnbs086	dispatch_ok	460
/work/work/shared/s-neomics/data/analyse/PED20033	PED20033	analysis_not_ended	28
/work/work/shared/s-neomics/data/analyse/PED20033	PED20033	no_archive_log	28
/work/work/shared/s-neomics/data/analyse/PED20034	dijnbs087	dispatch_ok	458
/work/work/shared/s-neomics/data/analyse/PED20034	PED20034	analysis_not_ended	27
/work/work/shared/s-neomics/data/analyse/PED20034	PED20034	no_archive_log	27
/work/work/shared/s-neomics/data/analyse/PED20035	dijnbs088	dispatch_ok	457
/work/work/shared/s-neomics/data/analyse/PED20035	PED20035	analysis_not_ended	25
/work/work/shared/s-neomics/data/analyse/PED20035	PED20035	no_archive_log	25
/work/work/shared/s-neomics/data/analyse/PED20037	dijnbs090	dispatch_ok	456
/work/work/shared/s-neomics/data/analyse/PED20037	PED20037	analysis_not_ended	34
/work/work/shared/s-neomics/data/analyse/PED20037	PED20037	no_archive_log	34
/work/work/shared/s-neomics/data/analyse/PED20036	PED20036	analysis_ok	455
/work/work/shared/s-neomics/data/analyse/PED20036	PED20036	archive_in_progress	1
/work/work/shared/s-neomics/data/analyse/PED20036	PED20036	archive_success	454
/work/work/shared/s-neomics/data/analyse/PED20036	dijnbs089	archive_success	454
/work/work/shared/s-neomics/data/analyse/PED20038	dijnbs091	dispatch_ok	454
/work/work/shared/s-neomics/data/analyse/PED20038	PED20038	analysis_not_ended	35
/work/work/shared/s-neomics/data/analyse/PED20038	PED20038	no_archive_log	35
/work/work/shared/s-neomics/data/analyse/PED20041	dijnbs093	dispatch_ok	453
/work/work/shared/s-neomics/data/analyse/PED20041	PED20041	analysis_not_ended	33
/work/work/shared/s-neomics/data/analyse/PED20041	PED20041	no_archive_log	33
/work/work/shared/s-neomics/data/analyse/PED20040	dijnbs094	dispatch_ok	453
/work/work/shared/s-neomics/data/analyse/PED20040	PED20040	analysis_not_ended	34
/work/work/shared/s-neomics/data/analyse/PED20040	PED20040	no_archive_log	34
/work/work/shared/s-neomics/data/analyse/PED20042	dijnbs095	dispatch_ok	450
/work/work/shared/s-neomics/data/analyse/PED20042	PED20042	analysis_not_ended	33
/work/work/shared/s-neomics/data/analyse/PED20042	PED20042	no_archive_log	33
/work/work/shared/s-neomics/data/analyse/PED20043	dijnbs096	dispatch_ok	450
/work/work/shared/s-neomics/data/analyse/PED20043	PED20043	analysis_not_ended	34
/work/work/shared/s-neomics/data/analyse/PED20043	PED20043	no_archive_log	34
/work/work/shared/s-neomics/data/analyse/PED20044	dijnbs097	dispatch_ok	449
/work/work/shared/s-neomics/data/analyse/PED20044	PED20044	analysis_not_ended	32
/work/work/shared/s-neomics/data/analyse/PED20044	PED20044	no_archive_log	32
/work/work/shared/s-neomics/data/analyse/PED20032	PED20032	analysis_ok	447
/work/work/shared/s-neomics/data/analyse/PED20032	PED20032	archive_in_progress	2
/work/work/shared/s-neomics/data/analyse/PED20045	dijnbs098	dispatch_ok	446
/work/work/shared/s-neomics/data/analyse/PED20045	PED20045	analysis_not_ended	30
/work/work/shared/s-neomics/data/analyse/PED20045	PED20045	no_archive_log	30
/work/work/shared/s-neomics/data/analyse/PED20046	dijnbs099	dispatch_ok	446
/work/work/shared/s-neomics/data/analyse/PED20046	PED20046	analysis_not_ended	45
/work/work/shared/s-neomics/data/analyse/PED20046	PED20046	no_archive_log	45
/work/work/shared/s-neomics/data/analyse/PED20047	dijnbs100	dispatch_ok	446
/work/work/shared/s-neomics/data/analyse/PED20047	PED20047	analysis_not_ended	30
/work/work/shared/s-neomics/data/analyse/PED20047	PED20047	no_archive_log	31
/work/work/shared/s-neomics/data/analyse/PED20032	PED20032	archive_success	445
/work/work/shared/s-neomics/data/analyse/PED20032	dijnbs085	archive_success	445
/work/work/shared/s-neomics/data/analyse/PED20031	PED20031	analysis_ok	444
/work/work/shared/s-neomics/data/analyse/PED20031	PED20031	archive_in_progress	2
/work/work/shared/s-neomics/data/analyse/PED20048	dijnbs101	dispatch_ok	443
/work/work/shared/s-neomics/data/analyse/PED20048	PED20048	analysis_not_ended	27
/work/work/shared/s-neomics/data/analyse/PED20048	PED20048	no_archive_log	28
/work/work/shared/s-neomics/data/analyse/PED20031	PED20031	archive_success	442
/work/work/shared/s-neomics/data/analyse/PED20031	dijnbs084	archive_success	442
/work/work/shared/s-neomics/data/analyse/PED20049	dijnbs102	dispatch_ok	442
/work/work/shared/s-neomics/data/analyse/PED20049	PED20049	analysis_not_ended	27
/work/work/shared/s-neomics/data/analyse/PED20049	PED20049	no_archive_log	27
/work/work/shared/s-neomics/data/analyse/PED20050	dijnbs103	dispatch_ok	442
/work/work/shared/s-neomics/data/analyse/PED20050	PED20050	analysis_not_ended	28
/work/work/shared/s-neomics/data/analyse/PED20050	PED20050	no_archive_log	28
/work/work/shared/s-neomics/data/analyse/PED20017	PED20017	analysis_ok	439
/work/work/shared/s-neomics/data/analyse/PED20017	PED20017	archive_in_progress	3
/work/work/shared/s-neomics/data/analyse/PED20051	dijnbs104	dispatch_ok	439
/work/work/shared/s-neomics/data/analyse/PED20051	PED20051	analysis_not_ended	31
/work/work/shared/s-neomics/data/analyse/PED20051	PED20051	no_archive_log	31
/work/work/shared/s-neomics/data/analyse/PED20052	dijnbs105	dispatch_ok	439
/work/work/shared/s-neomics/data/analyse/PED20052	PED20052	analysis_not_ended	33
/work/work/shared/s-neomics/data/analyse/PED20052	PED20052	no_archive_log	33
/work/work/shared/s-neomics/data/analyse/PED20009	PED20009	analysis_ok	438
/work/work/shared/s-neomics/data/analyse/PED20009	PED20009	archive_in_progress	3
/work/work/shared/s-neomics/data/analyse/PED20017	PED20017	archive_success	436
/work/work/shared/s-neomics/data/analyse/PED20017	dijnbs083	archive_success	436
/work/work/shared/s-neomics/data/analyse/PED20009	PED20009	archive_success	435
/work/work/shared/s-neomics/data/analyse/PED20009	dijnbs082	archive_success	435
/work/work/shared/s-neomics/data/analyse/PED20033	PED20033	analysis_ok	432
/work/work/shared/s-neomics/data/analyse/PED20033	PED20033	archive_in_progress	2
/work/work/shared/s-neomics/data/analyse/PED20035	PED20035	analysis_ok	432
/work/work/shared/s-neomics/data/analyse/PED20035	PED20035	archive_in_progress	2
/work/work/shared/s-neomics/data/analyse/PED20034	PED20034	analysis_ok	431
/work/work/shared/s-neomics/data/analyse/PED20034	PED20034	archive_in_progress	2
/work/work/shared/s-neomics/data/analyse/PED20033	PED20033	archive_success	430
/work/work/shared/s-neomics/data/analyse/PED20033	dijnbs086	archive_success	430
/work/work/shared/s-neomics/data/analyse/PED20035	PED20035	archive_success	430
/work/work/shared/s-neomics/data/analyse/PED20035	dijnbs088	archive_success	430
/work/work/shared/s-neomics/data/analyse/PED20034	PED20034	archive_success	429
/work/work/shared/s-neomics/data/analyse/PED20034	dijnbs087	archive_success	429
/work/work/shared/s-neomics/data/analyse/PED20037	PED20037	analysis_ok	422
/work/work/shared/s-neomics/data/analyse/PED20037	PED20037	archive_in_progress	2
/work/work/shared/s-neomics/data/analyse/PED20037	PED20037	archive_success	420
/work/work/shared/s-neomics/data/analyse/PED20037	dijnbs090	archive_success	420
/work/work/shared/s-neomics/data/analyse/PED20041	PED20041	analysis_ok	420
/work/work/shared/s-neomics/data/analyse/PED20041	PED20041	archive_in_progress	2
/work/work/shared/s-neomics/data/analyse/PED20038	PED20038	analysis_ok	419
/work/work/shared/s-neomics/data/analyse/PED20038	PED20038	archive_in_progress	2
/work/work/shared/s-neomics/data/analyse/PED20040	PED20040	analysis_ok	419
/work/work/shared/s-neomics/data/analyse/PED20040	PED20040	archive_in_progress	2
/work/work/shared/s-neomics/data/analyse/PED20041	PED20041	archive_success	418
/work/work/shared/s-neomics/data/analyse/PED20041	dijnbs093	archive_success	418
/work/work/shared/s-neomics/data/analyse/PED20038	PED20038	archive_success	417
/work/work/shared/s-neomics/data/analyse/PED20038	dijnbs091	archive_success	417
/work/work/shared/s-neomics/data/analyse/PED20040	PED20040	archive_success	417
/work/work/shared/s-neomics/data/analyse/PED20040	dijnbs094	archive_success	417
/work/work/shared/s-neomics/data/analyse/PED20042	PED20042	analysis_ok	417
/work/work/shared/s-neomics/data/analyse/PED20042	PED20042	archive_in_progress	2
/work/work/shared/s-neomics/data/analyse/PED20044	PED20044	analysis_ok	417
/work/work/shared/s-neomics/data/analyse/PED20044	PED20044	archive_in_progress	2
/work/work/shared/s-neomics/data/analyse/PED20043	PED20043	analysis_ok	416
/work/work/shared/s-neomics/data/analyse/PED20043	PED20043	archive_in_progress	2
/work/work/shared/s-neomics/data/analyse/PED20045	PED20045	analysis_ok	416
/work/work/shared/s-neomics/data/analyse/PED20045	PED20045	archive_in_progress	1
/work/work/shared/s-neomics/data/analyse/PED20047	PED20047	analysis_ok	416
/work/work/shared/s-neomics/data/analyse/PED20048	PED20048	analysis_ok	416
/work/work/shared/s-neomics/data/analyse/PED20042	PED20042	archive_success	415
/work/work/shared/s-neomics/data/analyse/PED20042	dijnbs095	archive_success	415
/work/work/shared/s-neomics/data/analyse/PED20044	PED20044	archive_success	415
/work/work/shared/s-neomics/data/analyse/PED20044	dijnbs097	archive_success	415
/work/work/shared/s-neomics/data/analyse/PED20045	PED20045	archive_success	415
/work/work/shared/s-neomics/data/analyse/PED20045	dijnbs098	archive_success	415
/work/work/shared/s-neomics/data/analyse/PED20047	PED20047	archive_in_progress	2
/work/work/shared/s-neomics/data/analyse/PED20048	PED20048	archive_in_progress	2
/work/work/shared/s-neomics/data/analyse/PED20049	PED20049	analysis_ok	415
/work/work/shared/s-neomics/data/analyse/PED20049	PED20049	archive_in_progress	2
/work/work/shared/s-neomics/data/analyse/PED20043	PED20043	archive_success	414
/work/work/shared/s-neomics/data/analyse/PED20043	dijnbs096	archive_success	414
/work/work/shared/s-neomics/data/analyse/PED20050	PED20050	analysis_ok	414
/work/work/shared/s-neomics/data/analyse/PED20050	PED20050	archive_in_progress	2
/work/work/shared/s-neomics/data/analyse/PED20047	PED20047	archive_success	413
/work/work/shared/s-neomics/data/analyse/PED20047	dijnbs100	archive_success	413
/work/work/shared/s-neomics/data/analyse/PED20048	PED20048	archive_success	413
/work/work/shared/s-neomics/data/analyse/PED20048	dijnbs101	archive_success	413
/work/work/shared/s-neomics/data/analyse/PED20049	PED20049	archive_success	413
/work/work/shared/s-neomics/data/analyse/PED20049	dijnbs102	archive_success	413
/work/work/shared/s-neomics/data/analyse/PED20050	PED20050	archive_success	412
/work/work/shared/s-neomics/data/analyse/PED20050	dijnbs103	archive_success	412
/work/work/shared/s-neomics/data/analyse/PED20051	PED20051	analysis_ok	408
/work/work/shared/s-neomics/data/analyse/PED20051	PED20051	archive_in_progress	2
/work/work/shared/s-neomics/data/analyse/PED20051	PED20051	archive_success	406
/work/work/shared/s-neomics/data/analyse/PED20051	dijnbs104	archive_success	406
/work/work/shared/s-neomics/data/analyse/PED20052	PED20052	analysis_ok	406
/work/work/shared/s-neomics/data/analyse/PED20052	PED20052	archive_in_progress	3
/work/work/shared/s-neomics/data/analyse/PED20052	PED20052	archive_success	403
/work/work/shared/s-neomics/data/analyse/PED20052	dijnbs105	archive_success	403
/work/work/shared/s-neomics/data/analyse/PED20046	PED20046	analysis_ok	401
/work/work/shared/s-neomics/data/analyse/PED20046	PED20046	archive_in_progress	2
/work/work/shared/s-neomics/data/analyse/PED20046	PED20046	archive_success	399
/work/work/shared/s-neomics/data/analyse/PED20046	dijnbs099	archive_success	399
/work/work/shared/s-neomics/data/analyse/PED20064	dijnbs117	dispatch_ok	280
/work/work/shared/s-neomics/data/analyse/PED20064	PED20064	analysis_not_ended	30
/work/work/shared/s-neomics/data/analyse/PED20064	PED20064	no_archive_log	30
/work/work/shared/s-neomics/data/analyse/PED20073	dijnbs126	dispatch_ok	649
/work/work/shared/s-neomics/data/analyse/PED20073	PED20073	analysis_not_ended	17
/work/work/shared/s-neomics/data/analyse/PED20073	PED20073	no_archive_log	17
/work/work/shared/s-neomics/data/analyse/PED20053	dijnbs106	dispatch_ok	648
/work/work/shared/s-neomics/data/analyse/PED20053	PED20053	analysis_not_ended	20
/work/work/shared/s-neomics/data/analyse/PED20053	PED20053	no_archive_log	20
/work/work/shared/s-neomics/data/analyse/PED20054	dijnbs107	dispatch_ok	644
/work/work/shared/s-neomics/data/analyse/PED20054	PED20054	analysis_not_ended	21
/work/work/shared/s-neomics/data/analyse/PED20054	PED20054	no_archive_log	21
/work/work/shared/s-neomics/data/analyse/PED20055	dijnbs108	dispatch_ok	644
/work/work/shared/s-neomics/data/analyse/PED20055	PED20055	analysis_not_ended	17
/work/work/shared/s-neomics/data/analyse/PED20055	PED20055	no_archive_log	17
/work/work/shared/s-neomics/data/analyse/PED20056	dijnbs109	dispatch_ok	644
/work/work/shared/s-neomics/data/analyse/PED20056	PED20056	analysis_not_ended	23
/work/work/shared/s-neomics/data/analyse/PED20056	PED20056	no_archive_log	23
/work/work/shared/s-neomics/data/analyse/PED20057	dijnbs110	dispatch_ok	640
/work/work/shared/s-neomics/data/analyse/PED20057	PED20057	analysis_not_ended	22
/work/work/shared/s-neomics/data/analyse/PED20057	PED20057	no_archive_log	22
/work/work/shared/s-neomics/data/analyse/PED20058	dijnbs111	dispatch_ok	640
/work/work/shared/s-neomics/data/analyse/PED20058	PED20058	analysis_not_ended	26
/work/work/shared/s-neomics/data/analyse/PED20058	PED20058	no_archive_log	26
/work/work/shared/s-neomics/data/analyse/PED20059	dijnbs112	dispatch_ok	640
/work/work/shared/s-neomics/data/analyse/PED20059	PED20059	analysis_not_ended	25
/work/work/shared/s-neomics/data/analyse/PED20059	PED20059	no_archive_log	25
/work/work/shared/s-neomics/data/analyse/PED20060	dijnbs113	dispatch_ok	637
/work/work/shared/s-neomics/data/analyse/PED20060	PED20060	analysis_not_ended	29
/work/work/shared/s-neomics/data/analyse/PED20060	PED20060	no_archive_log	29
/work/work/shared/s-neomics/data/analyse/PED20061	dijnbs114	dispatch_ok	637
/work/work/shared/s-neomics/data/analyse/PED20061	PED20061	analysis_not_ended	37
/work/work/shared/s-neomics/data/analyse/PED20061	PED20061	no_archive_log	37
/work/work/shared/s-neomics/data/analyse/PED20062	dijnbs115	dispatch_ok	637
/work/work/shared/s-neomics/data/analyse/PED20062	PED20062	analysis_not_ended	30
/work/work/shared/s-neomics/data/analyse/PED20062	PED20062	no_archive_log	30
/work/work/shared/s-neomics/data/analyse/PED20063	dijnbs116	dispatch_ok	634
/work/work/shared/s-neomics/data/analyse/PED20063	PED20063	analysis_not_ended	31
/work/work/shared/s-neomics/data/analyse/PED20063	PED20063	no_archive_log	31
/work/work/shared/s-neomics/data/analyse/PED20064	PED20064	analysis_ok	700
/work/work/shared/s-neomics/data/analyse/PED20064	PED20064	archive_in_progress	3
/work/work/shared/s-neomics/data/analyse/PED20065	dijnbs118	dispatch_ok	633
/work/work/shared/s-neomics/data/analyse/PED20065	PED20065	analysis_not_ended	33
/work/work/shared/s-neomics/data/analyse/PED20065	PED20065	no_archive_log	33
/work/work/shared/s-neomics/data/analyse/PED20064	PED20064	archive_success	632
/work/work/shared/s-neomics/data/analyse/PED20064	dijnbs117	archive_success	632
/work/work/shared/s-neomics/data/analyse/PED20073	PED20073	analysis_ok	632
/work/work/shared/s-neomics/data/analyse/PED20073	PED20073	archive_in_progress	1
/work/work/shared/s-neomics/data/analyse/PED20066	dijnbs119	dispatch_ok	632
/work/work/shared/s-neomics/data/analyse/PED20066	PED20066	analysis_not_ended	32
/work/work/shared/s-neomics/data/analyse/PED20066	PED20066	no_archive_log	34
/work/work/shared/s-neomics/data/analyse/PED20073	PED20073	archive_success	631
/work/work/shared/s-neomics/data/analyse/PED20073	dijnbs126	archive_success	631
/work/work/shared/s-neomics/data/analyse/PED20067	dijnbs120	dispatch_ok	631
/work/work/shared/s-neomics/data/analyse/PED20067	PED20067	analysis_not_ended	33
/work/work/shared/s-neomics/data/analyse/PED20067	PED20067	no_archive_log	34
/work/work/shared/s-neomics/data/analyse/PED20069	dijnbs122	dispatch_ok	630
/work/work/shared/s-neomics/data/analyse/PED20069	PED20069	analysis_not_ended	30
/work/work/shared/s-neomics/data/analyse/PED20069	PED20069	no_archive_log	30
/work/work/shared/s-neomics/data/analyse/PED20053	PED20053	analysis_ok	628
/work/work/shared/s-neomics/data/analyse/PED20053	PED20053	archive_in_progress	1
/work/work/shared/s-neomics/data/analyse/PED20070	dijnbs123	dispatch_ok	628
/work/work/shared/s-neomics/data/analyse/PED20070	PED20070	analysis_not_ended	28
/work/work/shared/s-neomics/data/analyse/PED20070	PED20070	no_archive_log	28
/work/work/shared/s-neomics/data/analyse/PED20053	PED20053	archive_success	627
/work/work/shared/s-neomics/data/analyse/PED20053	dijnbs106	archive_success	627
/work/work/shared/s-neomics/data/analyse/PED20055	PED20055	analysis_ok	627
/work/work/shared/s-neomics/data/analyse/PED20055	PED20055	archive_in_progress	2
/work/work/shared/s-neomics/data/analyse/PED20071	dijnbs124	dispatch_ok	627
/work/work/shared/s-neomics/data/analyse/PED20071	PED20071	analysis_not_ended	27
/work/work/shared/s-neomics/data/analyse/PED20071	PED20071	no_archive_log	28
/work/work/shared/s-neomics/data/analyse/PED20055	PED20055	archive_success	625
/work/work/shared/s-neomics/data/analyse/PED20055	dijnbs108	archive_success	625
/work/work/shared/s-neomics/data/analyse/PED20054	PED20054	analysis_ok	623
/work/work/shared/s-neomics/data/analyse/PED20054	PED20054	archive_in_progress	2
/work/work/shared/s-neomics/data/analyse/PED20072	dijnbs125	dispatch_ok	623
/work/work/shared/s-neomics/data/analyse/PED20072	PED20072	analysis_not_ended	25
/work/work/shared/s-neomics/data/analyse/PED20072	PED20072	no_archive_log	26
/work/work/shared/s-neomics/data/analyse/PED20074	dijnbs127	dispatch_ok	623
/work/work/shared/s-neomics/data/analyse/PED20074	PED20074	analysis_not_ended	61
/work/work/shared/s-neomics/data/analyse/PED20074	PED20074	no_archive_log	62
/work/work/shared/s-neomics/data/analyse/PED20075	dijnbs128	dispatch_ok	623
/work/work/shared/s-neomics/data/analyse/PED20075	PED20075	analysis_not_ended	25
/work/work/shared/s-neomics/data/analyse/PED20075	PED20075	no_archive_log	27
/work/work/shared/s-neomics/data/analyse/PED20054	PED20054	archive_success	621
/work/work/shared/s-neomics/data/analyse/PED20054	dijnbs107	archive_success	621
/work/work/shared/s-neomics/data/analyse/PED20056	PED20056	analysis_ok	621
/work/work/shared/s-neomics/data/analyse/PED20056	PED20056	archive_in_progress	2
/work/work/shared/s-neomics/data/analyse/PED20076	dijnbs129	dispatch_ok	620
/work/work/shared/s-neomics/data/analyse/PED20076	PED20076	analysis_not_ended	54
/work/work/shared/s-neomics/data/analyse/PED20076	PED20076	no_archive_log	55
/work/work/shared/s-neomics/data/analyse/PED20056	PED20056	archive_success	619
/work/work/shared/s-neomics/data/analyse/PED20056	dijnbs109	archive_success	619
/work/work/shared/s-neomics/data/analyse/PED20057	PED20057	analysis_ok	618
/work/work/shared/s-neomics/data/analyse/PED20057	PED20057	archive_in_progress	2
/work/work/shared/s-neomics/data/analyse/PED20057	PED20057	archive_success	616
/work/work/shared/s-neomics/data/analyse/PED20057	dijnbs110	archive_success	616
/work/work/shared/s-neomics/data/analyse/PED20059	PED20059	analysis_ok	615
/work/work/shared/s-neomics/data/analyse/PED20059	PED20059	archive_in_progress	2
/work/work/shared/s-neomics/data/analyse/PED20058	PED20058	analysis_ok	614
/work/work/shared/s-neomics/data/analyse/PED20058	PED20058	archive_in_progress	2
/work/work/shared/s-neomics/data/analyse/PED20059	PED20059	archive_success	613
/work/work/shared/s-neomics/data/analyse/PED20059	dijnbs112	archive_success	613
/work/work/shared/s-neomics/data/analyse/PED20058	PED20058	archive_success	612
/work/work/shared/s-neomics/data/analyse/PED20058	dijnbs111	archive_success	612
/work/work/shared/s-neomics/data/analyse/PED20060	PED20060	analysis_ok	608
/work/work/shared/s-neomics/data/analyse/PED20060	PED20060	archive_in_progress	2
/work/work/shared/s-neomics/data/analyse/PED20062	PED20062	analysis_ok	607
/work/work/shared/s-neomics/data/analyse/PED20062	PED20062	archive_in_progress	2
/work/work/shared/s-neomics/data/analyse/PED20060	PED20060	archive_success	606
/work/work/shared/s-neomics/data/analyse/PED20060	dijnbs113	archive_success	606
/work/work/shared/s-neomics/data/analyse/PED20062	PED20062	archive_success	605
/work/work/shared/s-neomics/data/analyse/PED20062	dijnbs115	archive_success	605
/work/work/shared/s-neomics/data/analyse/PED20063	PED20063	analysis_ok	603
/work/work/shared/s-neomics/data/analyse/PED20063	PED20063	archive_in_progress	2
/work/work/shared/s-neomics/data/analyse/PED20063	PED20063	archive_success	601
/work/work/shared/s-neomics/data/analyse/PED20063	dijnbs116	archive_success	601
/work/work/shared/s-neomics/data/analyse/PED20061	PED20061	analysis_ok	600
/work/work/shared/s-neomics/data/analyse/PED20061	PED20061	archive_in_progress	3
/work/work/shared/s-neomics/data/analyse/PED20065	PED20065	analysis_ok	600
/work/work/shared/s-neomics/data/analyse/PED20065	PED20065	archive_in_progress	2
/work/work/shared/s-neomics/data/analyse/PED20066	PED20066	analysis_ok	600
/work/work/shared/s-neomics/data/analyse/PED20069	PED20069	analysis_ok	600
/work/work/shared/s-neomics/data/analyse/PED20069	PED20069	archive_in_progress	1
/work/work/shared/s-neomics/data/analyse/PED20070	PED20070	analysis_ok	600
/work/work/shared/s-neomics/data/analyse/PED20070	PED20070	archive_in_progress	3
/work/work/shared/s-neomics/data/analyse/PED20071	PED20071	analysis_ok	600
/work/work/shared/s-neomics/data/analyse/PED20069	PED20069	archive_success	599
/work/work/shared/s-neomics/data/analyse/PED20069	dijnbs122	archive_success	599
/work/work/shared/s-neomics/data/analyse/PED20071	PED20071	archive_in_progress	3
/work/work/shared/s-neomics/data/analyse/PED20065	PED20065	archive_success	598
/work/work/shared/s-neomics/data/analyse/PED20065	dijnbs118	archive_success	598
/work/work/shared/s-neomics/data/analyse/PED20066	PED20066	archive_in_progress	2
/work/work/shared/s-neomics/data/analyse/PED20067	PED20067	analysis_ok	598
/work/work/shared/s-neomics/data/analyse/PED20072	PED20072	analysis_ok	598
/work/work/shared/s-neomics/data/analyse/PED20075	PED20075	analysis_ok	598
/work/work/shared/s-neomics/data/analyse/PED20061	PED20061	archive_success	597
/work/work/shared/s-neomics/data/analyse/PED20061	dijnbs114	archive_success	597
/work/work/shared/s-neomics/data/analyse/PED20067	PED20067	archive_in_progress	5
/work/work/shared/s-neomics/data/analyse/PED20070	PED20070	archive_success	597
/work/work/shared/s-neomics/data/analyse/PED20070	dijnbs123	archive_success	597
/work/work/shared/s-neomics/data/analyse/PED20072	PED20072	archive_in_progress	2
/work/work/shared/s-neomics/data/analyse/PED20066	PED20066	archive_success	596
/work/work/shared/s-neomics/data/analyse/PED20066	dijnbs119	archive_success	596
/work/work/shared/s-neomics/data/analyse/PED20071	PED20071	archive_success	596
/work/work/shared/s-neomics/data/analyse/PED20071	dijnbs124	archive_success	596
/work/work/shared/s-neomics/data/analyse/PED20075	PED20075	archive_in_progress	2
/work/work/shared/s-neomics/data/analyse/PED20072	PED20072	archive_success	595
/work/work/shared/s-neomics/data/analyse/PED20072	dijnbs125	archive_success	595
/work/work/shared/s-neomics/data/analyse/PED20075	PED20075	archive_success	594
/work/work/shared/s-neomics/data/analyse/PED20075	dijnbs128	archive_success	594
/work/work/shared/s-neomics/data/analyse/PED20067	PED20067	archive_success	592
/work/work/shared/s-neomics/data/analyse/PED20067	dijnbs120	archive_success	592
/work/work/shared/s-neomics/data/analyse/PED20076	PED20076	analysis_ok	566
/work/work/shared/s-neomics/data/analyse/PED20076	PED20076	archive_in_progress	1
/work/work/shared/s-neomics/data/analyse/PED20076	PED20076	archive_success	565
/work/work/shared/s-neomics/data/analyse/PED20076	dijnbs129	archive_success	565
/work/work/shared/s-neomics/data/analyse/PED20074	PED20074	analysis_ok	562
/work/work/shared/s-neomics/data/analyse/PED20074	PED20074	archive_in_progress	2
/work/work/shared/s-neomics/data/analyse/PED20074	PED20074	archive_success	560
/work/work/shared/s-neomics/data/analyse/PED20074	dijnbs127	archive_success	560
/work/work/shared/s-neomics/data/analyse/PED20077	dijnbs130	dispatch_ok	382
/work/work/shared/s-neomics/data/analyse/PED20077	PED20077	analysis_not_ended	33
/work/work/shared/s-neomics/data/analyse/PED20077	PED20077	no_archive_log	33
/work/work/shared/s-neomics/data/analyse/PED20078	dijnbs131	dispatch_ok	382
/work/work/shared/s-neomics/data/analyse/PED20078	PED20078	analysis_not_ended	38
/work/work/shared/s-neomics/data/analyse/PED20078	PED20078	no_archive_log	38
/work/work/shared/s-neomics/data/analyse/PED20079	dijnbs132	dispatch_ok	382
/work/work/shared/s-neomics/data/analyse/PED20079	PED20079	analysis_not_ended	40
/work/work/shared/s-neomics/data/analyse/PED20079	PED20079	no_archive_log	40
/work/work/shared/s-neomics/data/analyse/PED20080	dijnbs133	dispatch_ok	377
/work/work/shared/s-neomics/data/analyse/PED20080	PED20080	analysis_not_ended	40
/work/work/shared/s-neomics/data/analyse/PED20080	PED20080	no_archive_log	40
/work/work/shared/s-neomics/data/analyse/PED20081	dijnbs134	dispatch_ok	377
/work/work/shared/s-neomics/data/analyse/PED20081	PED20081	analysis_not_ended	45
/work/work/shared/s-neomics/data/analyse/PED20081	PED20081	no_archive_log	45
/work/work/shared/s-neomics/data/analyse/PED20082	dijnbs135	dispatch_ok	377
/work/work/shared/s-neomics/data/analyse/PED20082	PED20082	analysis_not_ended	28
/work/work/shared/s-neomics/data/analyse/PED20082	PED20082	no_archive_log	28
/work/work/shared/s-neomics/data/analyse/PED20083	dijnbs136	dispatch_ok	376
/work/work/shared/s-neomics/data/analyse/PED20083	PED20083	analysis_not_ended	46
/work/work/shared/s-neomics/data/analyse/PED20083	PED20083	no_archive_log	46
/work/work/shared/s-neomics/data/analyse/PED20084	dijnbs137	dispatch_ok	376
/work/work/shared/s-neomics/data/analyse/PED20084	PED20084	analysis_not_ended	42
/work/work/shared/s-neomics/data/analyse/PED20084	PED20084	no_archive_log	42
/work/work/shared/s-neomics/data/analyse/PED20085	dijnbs138	dispatch_ok	376
/work/work/shared/s-neomics/data/analyse/PED20085	PED20085	analysis_not_ended	27
/work/work/shared/s-neomics/data/analyse/PED20085	PED20085	no_archive_log	27
/work/work/shared/s-neomics/data/analyse/PED20087	dijnbs141	dispatch_ok	375
/work/work/shared/s-neomics/data/analyse/PED20087	PED20087	analysis_not_ended	93
/work/work/shared/s-neomics/data/analyse/PED20087	PED20087	no_archive_log	94
/work/work/shared/s-neomics/data/analyse/PED20088	dijnbs142	dispatch_ok	375
/work/work/shared/s-neomics/data/analyse/PED20088	PED20088	analysis_not_ended	46
/work/work/shared/s-neomics/data/analyse/PED20088	PED20088	no_archive_log	46
/work/work/shared/s-neomics/data/analyse/PED20089	dijnbs143	dispatch_ok	374
/work/work/shared/s-neomics/data/analyse/PED20089	PED20089	analysis_not_ended	44
/work/work/shared/s-neomics/data/analyse/PED20089	PED20089	no_archive_log	44
/work/work/shared/s-neomics/data/analyse/PED20090	dijnbs144	dispatch_ok	373
/work/work/shared/s-neomics/data/analyse/PED20090	PED20090	analysis_not_ended	42
/work/work/shared/s-neomics/data/analyse/PED20090	PED20090	no_archive_log	43
/work/work/shared/s-neomics/data/analyse/PED20091	dijnbs145	dispatch_ok	373
/work/work/shared/s-neomics/data/analyse/PED20091	PED20091	analysis_not_ended	42
/work/work/shared/s-neomics/data/analyse/PED20091	PED20091	no_archive_log	42
/work/work/shared/s-neomics/data/analyse/PED20092	dijnbs146	dispatch_ok	373
/work/work/shared/s-neomics/data/analyse/PED20092	PED20092	analysis_not_ended	42
/work/work/shared/s-neomics/data/analyse/PED20092	PED20092	no_archive_log	42
/work/work/shared/s-neomics/data/analyse/PED20093	dijnbs147	dispatch_ok	372
/work/work/shared/s-neomics/data/analyse/PED20093	PED20093	analysis_not_ended	52
/work/work/shared/s-neomics/data/analyse/PED20093	PED20093	no_archive_log	53
/work/work/shared/s-neomics/data/analyse/PED20094	dijnbs148	dispatch_ok	372
/work/work/shared/s-neomics/data/analyse/PED20094	PED20094	analysis_not_ended	45
/work/work/shared/s-neomics/data/analyse/PED20094	PED20094	no_archive_log	45
/work/work/shared/s-neomics/data/analyse/PED20095	dijnbs149	dispatch_ok	372
/work/work/shared/s-neomics/data/analyse/PED20095	PED20095	analysis_not_ended	49
/work/work/shared/s-neomics/data/analyse/PED20095	PED20095	no_archive_log	52
/work/work/shared/s-neomics/data/analyse/PED20079	PED20079	analysis_ok	683
/work/work/shared/s-neomics/data/analyse/PED20079	PED20079	archive_success	681
/work/work/shared/s-neomics/data/analyse/PED20079	dijnbs132	archive_success	371
/work/work/shared/s-neomics/data/analyse/PED20096	dijnbs150	dispatch_ok	370
/work/work/shared/s-neomics/data/analyse/PED20096	PED20096	analysis_not_ended	42
/work/work/shared/s-neomics/data/analyse/PED20096	PED20096	no_archive_log	42
/work/work/shared/s-neomics/data/analyse/PED20068	dijnbs152	dispatch_ok	370
/work/work/shared/s-neomics/data/analyse/PED20068	PED20068	analysis_not_ended	45
/work/work/shared/s-neomics/data/analyse/PED20068	PED20068	no_archive_log	45
/work/work/shared/s-neomics/data/analyse/PED20064	dijnbs117,dijnbs153	dispatch_ok	369
/work/work/shared/s-neomics/data/analyse/PED20064	dijnbs153	archive_success	369
/work/work/shared/s-neomics/data/analyse/PED20078	PED20078	analysis_ok	685
/work/work/shared/s-neomics/data/analyse/PED20078	PED20078	archive_in_progress	2
/work/work/shared/s-neomics/data/analyse/PED20078	PED20078	archive_success	683
/work/work/shared/s-neomics/data/analyse/PED20078	dijnbs131	archive_success	366
/work/work/shared/s-neomics/data/analyse/PED20077	PED20077	analysis_ok	702
/work/work/shared/s-neomics/data/analyse/PED20077	PED20077	archive_success	701
/work/work/shared/s-neomics/data/analyse/PED20077	dijnbs130	archive_success	365
/work/work/shared/s-neomics/data/analyse/PED20081	PED20081	analysis_ok	669
/work/work/shared/s-neomics/data/analyse/PED20081	PED20081	archive_success	667
/work/work/shared/s-neomics/data/analyse/PED20081	dijnbs134	archive_success	365
/work/work/shared/s-neomics/data/analyse/PED20084	PED20084	analysis_ok	671
/work/work/shared/s-neomics/data/analyse/PED20084	PED20084	archive_success	670
/work/work/shared/s-neomics/data/analyse/PED20084	dijnbs137	archive_success	365
/work/work/shared/s-neomics/data/analyse/PED20082	PED20082	analysis_ok	702
/work/work/shared/s-neomics/data/analyse/PED20082	PED20082	archive_success	700
/work/work/shared/s-neomics/data/analyse/PED20082	dijnbs135	archive_success	362
/work/work/shared/s-neomics/data/analyse/PED20085	PED20085	analysis_ok	702
/work/work/shared/s-neomics/data/analyse/PED20085	PED20085	archive_success	701
/work/work/shared/s-neomics/data/analyse/PED20085	dijnbs138	archive_success	361
/work/work/shared/s-neomics/data/analyse/PED20080	PED20080	analysis_ok	678
/work/work/shared/s-neomics/data/analyse/PED20080	PED20080	archive_success	676
/work/work/shared/s-neomics/data/analyse/PED20080	dijnbs133	archive_success	360
/work/work/shared/s-neomics/data/analyse/PED20083	PED20083	analysis_ok	667
/work/work/shared/s-neomics/data/analyse/PED20083	PED20083	archive_success	665
/work/work/shared/s-neomics/data/analyse/PED20083	dijnbs136	archive_success	360
/work/work/shared/s-neomics/data/analyse/PED20089	PED20089	analysis_ok	663
/work/work/shared/s-neomics/data/analyse/PED20089	PED20089	archive_in_progress	3
/work/work/shared/s-neomics/data/analyse/PED20087	PED20087	analysis_ok	616
/work/work/shared/s-neomics/data/analyse/PED20087	PED20087	archive_success	614
/work/work/shared/s-neomics/data/analyse/PED20087	dijnbs141	archive_success	359
/work/work/shared/s-neomics/data/analyse/PED20088	PED20088	analysis_ok	662
/work/work/shared/s-neomics/data/analyse/PED20088	PED20088	archive_success	660
/work/work/shared/s-neomics/data/analyse/PED20088	dijnbs142	archive_success	359
/work/work/shared/s-neomics/data/analyse/PED20089	PED20089	archive_success	660
/work/work/shared/s-neomics/data/analyse/PED20089	dijnbs143	archive_success	359
/work/work/shared/s-neomics/data/analyse/PED20090	PED20090	analysis_ok	661
/work/work/shared/s-neomics/data/analyse/PED20090	PED20090	archive_success	658
/work/work/shared/s-neomics/data/analyse/PED20090	dijnbs144	archive_success	359
/work/work/shared/s-neomics/data/analyse/PED20091	PED20091	analysis_ok	661
/work/work/shared/s-neomics/data/analyse/PED20091	PED20091	archive_success	660
/work/work/shared/s-neomics/data/analyse/PED20091	dijnbs145	archive_success	359
/work/work/shared/s-neomics/data/analyse/PED20092	PED20092	analysis_ok	661
/work/work/shared/s-neomics/data/analyse/PED20092	PED20092	archive_success	660
/work/work/shared/s-neomics/data/analyse/PED20092	dijnbs146	archive_success	359
/work/work/shared/s-neomics/data/analyse/PED20094	PED20094	analysis_ok	653
/work/work/shared/s-neomics/data/analyse/PED20094	PED20094	archive_success	649
/work/work/shared/s-neomics/data/analyse/PED20094	dijnbs148	archive_success	358
/work/work/shared/s-neomics/data/analyse/PED20096	PED20096	analysis_ok	651
/work/work/shared/s-neomics/data/analyse/PED20096	PED20096	archive_success	649
/work/work/shared/s-neomics/data/analyse/PED20096	dijnbs150	archive_success	355
/work/work/shared/s-neomics/data/analyse/PED20068	PED20068	analysis_ok	648
/work/work/shared/s-neomics/data/analyse/PED20068	PED20068	archive_success	646
/work/work/shared/s-neomics/data/analyse/PED20068	dijnbs152	archive_success	354
/work/work/shared/s-neomics/data/analyse/PED20095	PED20095	analysis_ok	649
/work/work/shared/s-neomics/data/analyse/PED20093	PED20093	analysis_ok	646
/work/work/shared/s-neomics/data/analyse/PED20093	PED20093	archive_success	644
/work/work/shared/s-neomics/data/analyse/PED20093	dijnbs147	archive_success	346
/work/work/shared/s-neomics/data/analyse/PED20095	PED20095	archive_success	646
/work/work/shared/s-neomics/data/analyse/PED20095	dijnbs149	archive_success	346
/work/work/shared/s-neomics/data/analyse/PED20086	dijnbs139	dispatch_ok	346
/work/work/shared/s-neomics/data/analyse/PED20086	PED20086	analysis_not_ended	35
/work/work/shared/s-neomics/data/analyse/PED20086	PED20086	no_archive_log	35
/work/work/shared/s-neomics/data/analyse/PED20086	PED20086	analysis_ok	690
/work/work/shared/s-neomics/data/analyse/PED20086	PED20086	archive_success	578
/work/work/shared/s-neomics/data/analyse/PED20086	dijnbs139	archive_success	337
/work/work/shared/s-neomics/data/analyse/PED20085	dijnbs193	dispatch_ok	353
/work/work/shared/s-neomics/data/analyse/PED20077	dijnbs185	dispatch_ok	353
/work/work/shared/s-neomics/data/analyse/PED20082	dijnbs190	dispatch_ok	353
/work/work/shared/s-neomics/data/analyse/PED20122	dijnbs182	dispatch_ok	346
/work/work/shared/s-neomics/data/analyse/PED20122	PED20122	analysis_not_ended	22
/work/work/shared/s-neomics/data/analyse/PED20122	PED20122	no_archive_log	22
/work/work/shared/s-neomics/data/analyse/PED20123	dijnbs183	dispatch_ok	346
/work/work/shared/s-neomics/data/analyse/PED20123	PED20123	analysis_not_ended	22
/work/work/shared/s-neomics/data/analyse/PED20123	PED20123	no_archive_log	22
/work/work/shared/s-neomics/data/analyse/PED20124	dijnbs184	dispatch_ok	346
/work/work/shared/s-neomics/data/analyse/PED20124	PED20124	analysis_not_ended	22
/work/work/shared/s-neomics/data/analyse/PED20124	PED20124	no_archive_log	22
/work/work/shared/s-neomics/data/analyse/PED20085	PED20085	archive_in_progress	1
/work/work/shared/s-neomics/data/analyse/PED20078	dijnbs186	dispatch_ok	341
/work/work/shared/s-neomics/data/analyse/PED20079	dijnbs187	dispatch_ok	341
/work/work/shared/s-neomics/data/analyse/PED20080	dijnbs188	dispatch_ok	341
/work/work/shared/s-neomics/data/analyse/PED20085	dijnbs193	archive_success	340
/work/work/shared/s-neomics/data/analyse/PED20082	PED20082	archive_in_progress	2
/work/work/shared/s-neomics/data/analyse/PED20082	dijnbs190	archive_success	338
/work/work/shared/s-neomics/data/analyse/PED20077	PED20077	archive_in_progress	1
/work/work/shared/s-neomics/data/analyse/PED20081	dijnbs189	dispatch_ok	337
/work/work/shared/s-neomics/data/analyse/PED20083	dijnbs191	dispatch_ok	337
/work/work/shared/s-neomics/data/analyse/PED20084	dijnbs192	dispatch_ok	337
/work/work/shared/s-neomics/data/analyse/PED20077	dijnbs185	archive_success	336
/work/work/shared/s-neomics/data/analyse/PED20087	dijnbs195	dispatch_ok	334
/work/work/shared/s-neomics/data/analyse/PED20088	dijnbs196	dispatch_ok	333
/work/work/shared/s-neomics/data/analyse/PED20089	dijnbs197	dispatch_ok	333
/work/work/shared/s-neomics/data/analyse/PED20090	dijnbs198	dispatch_ok	330
/work/work/shared/s-neomics/data/analyse/PED20091	dijnbs199	dispatch_ok	330
/work/work/shared/s-neomics/data/analyse/PED20092	dijnbs200	dispatch_ok	330
/work/work/shared/s-neomics/data/analyse/PED20093	dijnbs201	dispatch_ok	326
/work/work/shared/s-neomics/data/analyse/PED20094	dijnbs202	dispatch_ok	326
/work/work/shared/s-neomics/data/analyse/PED20095	dijnbs203	dispatch_ok	326
/work/work/shared/s-neomics/data/analyse/PED20122	PED20122	analysis_ok	324
/work/work/shared/s-neomics/data/analyse/PED20122	PED20122	archive_in_progress	3
/work/work/shared/s-neomics/data/analyse/PED20123	PED20123	analysis_ok	324
/work/work/shared/s-neomics/data/analyse/PED20123	PED20123	archive_in_progress	3
/work/work/shared/s-neomics/data/analyse/PED20124	PED20124	analysis_ok	324
/work/work/shared/s-neomics/data/analyse/PED20124	PED20124	archive_in_progress	2
/work/work/shared/s-neomics/data/analyse/PED20096	dijnbs204	dispatch_ok	323
/work/work/shared/s-neomics/data/analyse/PED20068	dijnbs205	dispatch_ok	323
/work/work/shared/s-neomics/data/analyse/PED20124	PED20124	archive_success	322
/work/work/shared/s-neomics/data/analyse/PED20124	dijnbs184	archive_success	322
/work/work/shared/s-neomics/data/analyse/PED20122	PED20122	archive_success	321
/work/work/shared/s-neomics/data/analyse/PED20122	dijnbs182	archive_success	321
/work/work/shared/s-neomics/data/analyse/PED20123	PED20123	archive_success	321
/work/work/shared/s-neomics/data/analyse/PED20123	dijnbs183	archive_success	321
/work/work/shared/s-neomics/data/analyse/PED20080	PED20080	archive_in_progress	2
/work/work/shared/s-neomics/data/analyse/PED20078	dijnbs186	archive_success	317
/work/work/shared/s-neomics/data/analyse/PED20080	dijnbs188	archive_success	316
/work/work/shared/s-neomics/data/analyse/PED20079	PED20079	archive_in_progress	2
/work/work/shared/s-neomics/data/analyse/PED20079	dijnbs187	archive_success	310
/work/work/shared/s-neomics/data/analyse/PED20083	PED20083	archive_in_progress	2
/work/work/shared/s-neomics/data/analyse/PED20084	PED20084	archive_in_progress	1
/work/work/shared/s-neomics/data/analyse/PED20083	dijnbs191	archive_success	305
/work/work/shared/s-neomics/data/analyse/PED20084	dijnbs192	archive_success	305
/work/work/shared/s-neomics/data/analyse/PED20081	PED20081	archive_in_progress	2
/work/work/shared/s-neomics/data/analyse/PED20088	PED20088	archive_in_progress	2
/work/work/shared/s-neomics/data/analyse/PED20081	dijnbs189	archive_success	302
/work/work/shared/s-neomics/data/analyse/PED20091	PED20091	archive_in_progress	1
/work/work/shared/s-neomics/data/analyse/PED20092	PED20092	archive_in_progress	1
/work/work/shared/s-neomics/data/analyse/PED20088	dijnbs196	archive_success	301
/work/work/shared/s-neomics/data/analyse/PED20089	dijnbs197	archive_success	301
/work/work/shared/s-neomics/data/analyse/PED20090	PED20090	archive_in_progress	2
/work/work/shared/s-neomics/data/analyse/PED20091	dijnbs199	archive_success	301
/work/work/shared/s-neomics/data/analyse/PED20092	dijnbs200	archive_success	301
/work/work/shared/s-neomics/data/analyse/PED20095	PED20095	archive_in_progress	1
/work/work/shared/s-neomics/data/analyse/PED20093	PED20093	archive_in_progress	2
/work/work/shared/s-neomics/data/analyse/PED20095	dijnbs203	archive_success	300
/work/work/shared/s-neomics/data/analyse/PED20090	dijnbs198	archive_success	299
/work/work/shared/s-neomics/data/analyse/PED20093	dijnbs201	archive_success	298
/work/work/shared/s-neomics/data/analyse/PED20096	PED20096	archive_in_progress	2
/work/work/shared/s-neomics/data/analyse/PED20094	PED20094	archive_in_progress	4
/work/work/shared/s-neomics/data/analyse/PED20096	dijnbs204	archive_success	294
/work/work/shared/s-neomics/data/analyse/PED20068	PED20068	archive_in_progress	2
/work/work/shared/s-neomics/data/analyse/PED20068	dijnbs205	archive_success	292
/work/work/shared/s-neomics/data/analyse/PED20094	dijnbs202	archive_success	291
/work/work/shared/s-neomics/data/analyse/PED20087	PED20087	archive_in_progress	2
/work/work/shared/s-neomics/data/analyse/PED20086	dijnbs194	dispatch_ok	256
/work/work/shared/s-neomics/data/analyse/PED20087	dijnbs195	archive_success	255
/work/work/shared/s-neomics/data/analyse/PED20086	PED20086	archive_in_progress	3
/work/work/shared/s-neomics/data/analyse/PED20086	dijnbs194	archive_success	241
/work/work/shared/s-neomics/data/analyse/PED20101	dijnbs158	dispatch_ok	182
/work/work/shared/s-neomics/data/analyse/PED20101	PED20101	analysis_not_ended	15
/work/work/shared/s-neomics/data/analyse/PED20101	PED20101	no_archive_log	15
/work/work/shared/s-neomics/data/analyse/PED20099	dijnbs156	dispatch_ok	181
/work/work/shared/s-neomics/data/analyse/PED20099	PED20099	analysis_not_ended	15
/work/work/shared/s-neomics/data/analyse/PED20099	PED20099	no_archive_log	15
/work/work/shared/s-neomics/data/analyse/PED20100	dijnbs157	dispatch_ok	181
/work/work/shared/s-neomics/data/analyse/PED20100	PED20100	analysis_not_ended	15
/work/work/shared/s-neomics/data/analyse/PED20100	PED20100	no_archive_log	15
/work/work/shared/s-neomics/data/analyse/PED20115	dijnbs174,dijnbs176	dispatch_ok	176
/work/work/shared/s-neomics/data/analyse/PED20115	PED20115	analysis_not_ended	16
/work/work/shared/s-neomics/data/analyse/PED20115	PED20115	no_archive_log	16
/work/work/shared/s-neomics/data/analyse/PED20097	dijnbs154	dispatch_ok	176
/work/work/shared/s-neomics/data/analyse/PED20097	PED20097	analysis_not_ended	21
/work/work/shared/s-neomics/data/analyse/PED20097	PED20097	no_archive_log	21
/work/work/shared/s-neomics/data/analyse/PED20098	dijnbs155	dispatch_ok	171
/work/work/shared/s-neomics/data/analyse/PED20098	PED20098	analysis_not_ended	23
/work/work/shared/s-neomics/data/analyse/PED20098	PED20098	no_archive_log	23
/work/work/shared/s-neomics/data/analyse/PED20102	dijnbs159	dispatch_ok	171
/work/work/shared/s-neomics/data/analyse/PED20102	PED20102	analysis_not_ended	23
/work/work/shared/s-neomics/data/analyse/PED20102	PED20102	no_archive_log	23
/work/work/shared/s-neomics/data/analyse/PED20103	dijnbs160	dispatch_ok	171
/work/work/shared/s-neomics/data/analyse/PED20103	PED20103	analysis_not_ended	23
/work/work/shared/s-neomics/data/analyse/PED20103	PED20103	no_archive_log	23
/work/work/shared/s-neomics/data/analyse/PED20101	PED20101	analysis_ok	167
/work/work/shared/s-neomics/data/analyse/PED20101	PED20101	archive_in_progress	2
/work/work/shared/s-neomics/data/analyse/PED20104	dijnbs161	dispatch_ok	167
/work/work/shared/s-neomics/data/analyse/PED20104	PED20104	analysis_not_ended	24
/work/work/shared/s-neomics/data/analyse/PED20104	PED20104	no_archive_log	24
/work/work/shared/s-neomics/data/analyse/PED20099	PED20099	analysis_ok	166
/work/work/shared/s-neomics/data/analyse/PED20099	PED20099	archive_in_progress	2
/work/work/shared/s-neomics/data/analyse/PED20100	PED20100	analysis_ok	166
/work/work/shared/s-neomics/data/analyse/PED20100	PED20100	archive_in_progress	2
/work/work/shared/s-neomics/data/analyse/PED20105	dijnbs162	dispatch_ok	166
/work/work/shared/s-neomics/data/analyse/PED20105	PED20105	analysis_not_ended	20
/work/work/shared/s-neomics/data/analyse/PED20105	PED20105	no_archive_log	20
/work/work/shared/s-neomics/data/analyse/PED20106	dijnbs163	dispatch_ok	166
/work/work/shared/s-neomics/data/analyse/PED20106	PED20106	analysis_not_ended	29
/work/work/shared/s-neomics/data/analyse/PED20106	PED20106	no_archive_log	29
/work/work/shared/s-neomics/data/analyse/PED20101	PED20101	archive_fail	168
/work/work/shared/s-neomics/data/analyse/PED20099	PED20099	archive_fail	167
/work/work/shared/s-neomics/data/analyse/PED20100	PED20100	archive_fail	167
/work/work/shared/s-neomics/data/analyse/PED20107	dijnbs164	dispatch_ok	163
/work/work/shared/s-neomics/data/analyse/PED20107	PED20107	analysis_not_ended	27
/work/work/shared/s-neomics/data/analyse/PED20107	PED20107	no_archive_log	27
/work/work/shared/s-neomics/data/analyse/PED20108	dijnbs165	dispatch_ok	163
/work/work/shared/s-neomics/data/analyse/PED20108	PED20108	analysis_not_ended	28
/work/work/shared/s-neomics/data/analyse/PED20108	PED20108	no_archive_log	28
/work/work/shared/s-neomics/data/analyse/PED20109	dijnbs166	dispatch_ok	163
/work/work/shared/s-neomics/data/analyse/PED20109	PED20109	analysis_not_ended	28
/work/work/shared/s-neomics/data/analyse/PED20109	PED20109	no_archive_log	28
/work/work/shared/s-neomics/data/analyse/PED20115	PED20115	analysis_ok	160
/work/work/shared/s-neomics/data/analyse/PED20115	PED20115	archive_in_progress	4
/work/work/shared/s-neomics/data/analyse/PED20110	dijnbs167	dispatch_ok	158
/work/work/shared/s-neomics/data/analyse/PED20110	PED20110	analysis_not_ended	26
/work/work/shared/s-neomics/data/analyse/PED20110	PED20110	no_archive_log	26
/work/work/shared/s-neomics/data/analyse/PED20111	dijnbs168	dispatch_ok	158
/work/work/shared/s-neomics/data/analyse/PED20111	PED20111	analysis_not_ended	26
/work/work/shared/s-neomics/data/analyse/PED20111	PED20111	no_archive_log	26
/work/work/shared/s-neomics/data/analyse/PED20112	dijnbs169	dispatch_ok	158
/work/work/shared/s-neomics/data/analyse/PED20112	PED20112	analysis_not_ended	26
/work/work/shared/s-neomics/data/analyse/PED20112	PED20112	no_archive_log	26
/work/work/shared/s-neomics/data/analyse/PED20115	PED20115	archive_fail	159
/work/work/shared/s-neomics/data/analyse/PED20097	PED20097	analysis_ok	155
/work/work/shared/s-neomics/data/analyse/PED20097	PED20097	archive_in_progress	2
/work/work/shared/s-neomics/data/analyse/PED20097	PED20097	archive_fail	156
/work/work/shared/s-neomics/data/analyse/PED20113	dijnbs172	dispatch_ok	153
/work/work/shared/s-neomics/data/analyse/PED20113	PED20113	analysis_not_ended	21
/work/work/shared/s-neomics/data/analyse/PED20113	PED20113	no_archive_log	23
/work/work/shared/s-neomics/data/analyse/PED20114	dijnbs173	dispatch_ok	153
/work/work/shared/s-neomics/data/analyse/PED20114	PED20114	analysis_not_ended	21
/work/work/shared/s-neomics/data/analyse/PED20114	PED20114	no_archive_log	21
/work/work/shared/s-neomics/data/analyse/PED20117	dijnbs175	dispatch_ok	153
/work/work/shared/s-neomics/data/analyse/PED20117	PED20117	analysis_not_ended	21
/work/work/shared/s-neomics/data/analyse/PED20117	PED20117	no_archive_log	23
/work/work/shared/s-neomics/data/analyse/PED20116	dijnbs177	dispatch_ok	149
/work/work/shared/s-neomics/data/analyse/PED20116	PED20116	analysis_not_ended	23
/work/work/shared/s-neomics/data/analyse/PED20116	PED20116	no_archive_log	23
/work/work/shared/s-neomics/data/analyse/PED20118	dijnbs178	dispatch_ok	149
/work/work/shared/s-neomics/data/analyse/PED20118	PED20118	analysis_not_ended	24
/work/work/shared/s-neomics/data/analyse/PED20118	PED20118	no_archive_log	24
/work/work/shared/s-neomics/data/analyse/PED20039	dijnbs170	dispatch_ok	149
/work/work/shared/s-neomics/data/analyse/PED20039	PED20039	analysis_not_ended	24
/work/work/shared/s-neomics/data/analyse/PED20039	PED20039	no_archive_log	24
/work/work/shared/s-neomics/data/analyse/PED20098	PED20098	analysis_ok	148
/work/work/shared/s-neomics/data/analyse/PED20098	PED20098	archive_in_progress	2
/work/work/shared/s-neomics/data/analyse/PED20102	PED20102	analysis_ok	148
/work/work/shared/s-neomics/data/analyse/PED20102	PED20102	archive_in_progress	1
/work/work/shared/s-neomics/data/analyse/PED20103	PED20103	analysis_ok	148
/work/work/shared/s-neomics/data/analyse/PED20103	PED20103	archive_in_progress	2
/work/work/shared/s-neomics/data/analyse/PED20102	PED20102	archive_fail	149
/work/work/shared/s-neomics/data/analyse/PED20098	PED20098	archive_fail	148
/work/work/shared/s-neomics/data/analyse/PED20103	PED20103	archive_fail	148
/work/work/shared/s-neomics/data/analyse/PED20105	PED20105	analysis_ok	146
/work/work/shared/s-neomics/data/analyse/PED20105	PED20105	archive_in_progress	2
/work/work/shared/s-neomics/data/analyse/PED20105	PED20105	archive_fail	146
/work/work/shared/s-neomics/data/analyse/PED20104	PED20104	analysis_ok	143
/work/work/shared/s-neomics/data/analyse/PED20104	PED20104	archive_in_progress	2
/work/work/shared/s-neomics/data/analyse/PED20104	PED20104	archive_fail	143
/work/work/shared/s-neomics/data/analyse/PED20106	PED20106	analysis_ok	137
/work/work/shared/s-neomics/data/analyse/PED20106	PED20106	archive_in_progress	2
/work/work/shared/s-neomics/data/analyse/PED20107	PED20107	analysis_ok	136
/work/work/shared/s-neomics/data/analyse/PED20107	PED20107	archive_in_progress	3
/work/work/shared/s-neomics/data/analyse/PED20106	PED20106	archive_fail	137
/work/work/shared/s-neomics/data/analyse/PED20108	PED20108	analysis_ok	135
/work/work/shared/s-neomics/data/analyse/PED20108	PED20108	archive_in_progress	2
/work/work/shared/s-neomics/data/analyse/PED20109	PED20109	analysis_ok	135
/work/work/shared/s-neomics/data/analyse/PED20109	PED20109	archive_in_progress	2
/work/work/shared/s-neomics/data/analyse/PED20107	PED20107	archive_fail	135
/work/work/shared/s-neomics/data/analyse/PED20108	PED20108	archive_fail	135
/work/work/shared/s-neomics/data/analyse/PED20109	PED20109	archive_fail	135
/work/work/shared/s-neomics/data/analyse/PED20110	PED20110	analysis_ok	132
/work/work/shared/s-neomics/data/analyse/PED20110	PED20110	archive_in_progress	2
/work/work/shared/s-neomics/data/analyse/PED20111	PED20111	analysis_ok	132
/work/work/shared/s-neomics/data/analyse/PED20111	PED20111	archive_in_progress	2
/work/work/shared/s-neomics/data/analyse/PED20112	PED20112	analysis_ok	132
/work/work/shared/s-neomics/data/analyse/PED20112	PED20112	archive_in_progress	2
/work/work/shared/s-neomics/data/analyse/PED20113	PED20113	analysis_ok	132
/work/work/shared/s-neomics/data/analyse/PED20114	PED20114	analysis_ok	132
/work/work/shared/s-neomics/data/analyse/PED20114	PED20114	archive_in_progress	3
/work/work/shared/s-neomics/data/analyse/PED20117	PED20117	analysis_ok	132
/work/work/shared/s-neomics/data/analyse/PED20110	PED20110	archive_fail	132
/work/work/shared/s-neomics/data/analyse/PED20111	PED20111	archive_fail	132
/work/work/shared/s-neomics/data/analyse/PED20112	PED20112	archive_fail	132
/work/work/shared/s-neomics/data/analyse/PED20113	PED20113	archive_in_progress	3
/work/work/shared/s-neomics/data/analyse/PED20117	PED20117	archive_in_progress	2
/work/work/shared/s-neomics/data/analyse/PED20114	PED20114	archive_fail	131
/work/work/shared/s-neomics/data/analyse/PED20117	PED20117	archive_fail	130
/work/work/shared/s-neomics/data/analyse/PED20113	PED20113	archive_fail	129
/work/work/shared/s-neomics/data/analyse/PED20116	PED20116	analysis_ok	126
/work/work/shared/s-neomics/data/analyse/PED20116	PED20116	archive_in_progress	2
/work/work/shared/s-neomics/data/analyse/PED20118	PED20118	analysis_ok	125
/work/work/shared/s-neomics/data/analyse/PED20118	PED20118	archive_in_progress	2
/work/work/shared/s-neomics/data/analyse/PED20039	PED20039	analysis_ok	125
/work/work/shared/s-neomics/data/analyse/PED20039	PED20039	archive_in_progress	2
/work/work/shared/s-neomics/data/analyse/PED20116	PED20116	archive_fail	126
/work/work/shared/s-neomics/data/analyse/PED20118	PED20118	archive_fail	125
/work/work/shared/s-neomics/data/analyse/PED20039	PED20039	archive_fail	125
/work/work/shared/s-neomics/data/analyse/PED20086	dijnbs171	dispatch_ok	123
/work/work/shared/s-neomics/data/analyse/PED20086	PED20086	archive_fail	111
/work/work/shared/s-neomics/data/analyse/PED20125	dijnbs207	dispatch_ok	88
/work/work/shared/s-neomics/data/analyse/PED20125	PED20125	analysis_not_ended	14
/work/work/shared/s-neomics/data/analyse/PED20125	PED20125	no_archive_log	14
/work/work/shared/s-neomics/data/analyse/PED20126	dijnbs208	dispatch_ok	88
/work/work/shared/s-neomics/data/analyse/PED20126	PED20126	analysis_not_ended	20
/work/work/shared/s-neomics/data/analyse/PED20126	PED20126	no_archive_log	20
/work/work/shared/s-neomics/data/analyse/PED20128	dijnbs210	dispatch_ok	88
/work/work/shared/s-neomics/data/analyse/PED20128	PED20128	analysis_not_ended	20
/work/work/shared/s-neomics/data/analyse/PED20128	PED20128	no_archive_log	20
/work/work/shared/s-neomics/data/analyse/PED20119	dijnbs179	dispatch_ok	81
/work/work/shared/s-neomics/data/analyse/PED20119	PED20119	analysis_not_ended	14
/work/work/shared/s-neomics/data/analyse/PED20119	PED20119	no_archive_log	14
/work/work/shared/s-neomics/data/analyse/PED20064	dijnbs206	dispatch_ok	81
/work/work/shared/s-neomics/data/analyse/PED20127	dijnbs209	dispatch_ok	81
/work/work/shared/s-neomics/data/analyse/PED20127	PED20127	analysis_not_ended	15
/work/work/shared/s-neomics/data/analyse/PED20127	PED20127	no_archive_log	15
/work/work/shared/s-neomics/data/analyse/PED20129	dijnbs211	dispatch_ok	77
/work/work/shared/s-neomics/data/analyse/PED20129	PED20129	analysis_not_ended	18
/work/work/shared/s-neomics/data/analyse/PED20129	PED20129	no_archive_log	18
/work/work/shared/s-neomics/data/analyse/PED20130	dijnbs212	dispatch_ok	1785
/work/work/shared/s-neomics/data/analyse/PED20130	PED20130	analysis_not_ended	89
/work/work/shared/s-neomics/data/analyse/PED20130	PED20130	no_archive_log	91
/work/work/shared/s-neomics/data/analyse/PED20131	dijnbs213	dispatch_ok	76
/work/work/shared/s-neomics/data/analyse/PED20131	PED20131	analysis_not_ended	23
/work/work/shared/s-neomics/data/analyse/PED20131	PED20131	no_archive_log	23
/work/work/shared/s-neomics/data/analyse/PED20125	PED20125	analysis_ok	74
/work/work/shared/s-neomics/data/analyse/PED20125	PED20125	archive_in_progress	1
/work/work/shared/s-neomics/data/analyse/PED20125	PED20125	archive_fail	51
/work/work/shared/s-neomics/data/analyse/PED20132	dijnbs214	dispatch_ok	72
/work/work/shared/s-neomics/data/analyse/PED20132	PED20132	analysis_not_ended	21
/work/work/shared/s-neomics/data/analyse/PED20132	PED20132	no_archive_log	21
/work/work/shared/s-neomics/data/analyse/PED20133	dijnbs215	dispatch_ok	72
/work/work/shared/s-neomics/data/analyse/PED20133	PED20133	analysis_not_ended	18
/work/work/shared/s-neomics/data/analyse/PED20133	PED20133	no_archive_log	18
/work/work/shared/s-neomics/data/analyse/PED20126	PED20126	analysis_ok	68
/work/work/shared/s-neomics/data/analyse/PED20126	PED20126	archive_in_progress	1
/work/work/shared/s-neomics/data/analyse/PED20128	PED20128	analysis_ok	68
/work/work/shared/s-neomics/data/analyse/PED20128	PED20128	archive_in_progress	1
/work/work/shared/s-neomics/data/analyse/PED20134	dijnbs216	dispatch_ok	68
/work/work/shared/s-neomics/data/analyse/PED20134	PED20134	analysis_not_ended	17
/work/work/shared/s-neomics/data/analyse/PED20134	PED20134	no_archive_log	17
/work/work/shared/s-neomics/data/analyse/PED20135	dijnbs217	dispatch_ok	68
/work/work/shared/s-neomics/data/analyse/PED20135	PED20135	analysis_not_ended	23
/work/work/shared/s-neomics/data/analyse/PED20135	PED20135	no_archive_log	23
/work/work/shared/s-neomics/data/analyse/PED20126	PED20126	archive_fail	68
/work/work/shared/s-neomics/data/analyse/PED20128	PED20128	archive_fail	68
/work/work/shared/s-neomics/data/analyse/PED20119	PED20119	analysis_ok	67
/work/work/shared/s-neomics/data/analyse/PED20119	PED20119	archive_in_progress	2
/work/work/shared/s-neomics/data/analyse/PED20127	PED20127	analysis_ok	66
/work/work/shared/s-neomics/data/analyse/PED20127	PED20127	archive_in_progress	1
/work/work/shared/s-neomics/data/analyse/PED20119	PED20119	archive_fail	66
/work/work/shared/s-neomics/data/analyse/PED20064	PED20064	archive_fail	66
/work/work/shared/s-neomics/data/analyse/PED20127	PED20127	archive_fail	66
/work/work/shared/s-neomics/data/analyse/PED20136	dijnbs218	dispatch_ok	64
/work/work/shared/s-neomics/data/analyse/PED20136	PED20136	analysis_not_ended	37
/work/work/shared/s-neomics/data/analyse/PED20136	PED20136	no_archive_log	37
/work/work/shared/s-neomics/data/analyse/PED20137	dijnbs219	dispatch_ok	64
/work/work/shared/s-neomics/data/analyse/PED20137	PED20137	analysis_not_ended	28
/work/work/shared/s-neomics/data/analyse/PED20137	PED20137	no_archive_log	28
/work/work/shared/s-neomics/data/analyse/PED20138	dijnbs220	dispatch_ok	62
/work/work/shared/s-neomics/data/analyse/PED20138	PED20138	analysis_not_ended	26
/work/work/shared/s-neomics/data/analyse/PED20138	PED20138	no_archive_log	26
/work/work/shared/s-neomics/data/analyse/PED20139	dijnbs221	dispatch_ok	60
/work/work/shared/s-neomics/data/analyse/PED20139	PED20139	analysis_not_ended	25
/work/work/shared/s-neomics/data/analyse/PED20139	PED20139	no_archive_log	25
/work/work/shared/s-neomics/data/analyse/PED20140	dijnbs222	dispatch_ok	60
/work/work/shared/s-neomics/data/analyse/PED20140	PED20140	analysis_not_ended	25
/work/work/shared/s-neomics/data/analyse/PED20140	PED20140	no_archive_log	25
/work/work/shared/s-neomics/data/analyse/PED20141	dijnbs223	dispatch_ok	60
/work/work/shared/s-neomics/data/analyse/PED20141	PED20141	analysis_not_ended	33
/work/work/shared/s-neomics/data/analyse/PED20141	PED20141	no_archive_log	33
/work/work/shared/s-neomics/data/analyse/PED20129	PED20129	analysis_ok	59
/work/work/shared/s-neomics/data/analyse/PED20129	PED20129	archive_in_progress	1
/work/work/shared/s-neomics/data/analyse/PED20129	PED20129	archive_fail	59
/work/work/shared/s-neomics/data/analyse/PED20142	dijnbs224	dispatch_ok	57
/work/work/shared/s-neomics/data/analyse/PED20142	PED20142	analysis_not_ended	22
/work/work/shared/s-neomics/data/analyse/PED20142	PED20142	no_archive_log	23
/work/work/shared/s-neomics/data/analyse/PED20143	dijnbs225	dispatch_ok	57
/work/work/shared/s-neomics/data/analyse/PED20143	PED20143	analysis_not_ended	22
/work/work/shared/s-neomics/data/analyse/PED20143	PED20143	no_archive_log	23
/work/work/shared/s-neomics/data/analyse/PED20144	dijnbs226	dispatch_ok	56
/work/work/shared/s-neomics/data/analyse/PED20144	PED20144	analysis_not_ended	27
/work/work/shared/s-neomics/data/analyse/PED20144	PED20144	no_archive_log	27
/work/work/shared/s-neomics/data/analyse/PED20133	PED20133	analysis_ok	54
/work/work/shared/s-neomics/data/analyse/PED20133	PED20133	archive_in_progress	2
/work/work/shared/s-neomics/data/analyse/PED20145	dijnbs227	dispatch_ok	54
/work/work/shared/s-neomics/data/analyse/PED20145	PED20145	analysis_not_ended	22
/work/work/shared/s-neomics/data/analyse/PED20145	PED20145	no_archive_log	22
/work/work/shared/s-neomics/data/analyse/PED20146	dijnbs228	dispatch_ok	54
/work/work/shared/s-neomics/data/analyse/PED20146	PED20146	analysis_not_ended	25
/work/work/shared/s-neomics/data/analyse/PED20146	PED20146	no_archive_log	25
/work/work/shared/s-neomics/data/analyse/PED20131	PED20131	analysis_ok	53
/work/work/shared/s-neomics/data/analyse/PED20131	PED20131	archive_in_progress	1
/work/work/shared/s-neomics/data/analyse/PED20147	dijnbs229	dispatch_ok	53
/work/work/shared/s-neomics/data/analyse/PED20147	PED20147	analysis_not_ended	24
/work/work/shared/s-neomics/data/analyse/PED20147	PED20147	no_archive_log	24
/work/work/shared/s-neomics/data/analyse/PED20131	PED20131	archive_success	52
/work/work/shared/s-neomics/data/analyse/PED20131	dijnbs213	archive_success	52
/work/work/shared/s-neomics/data/analyse/PED20133	PED20133	archive_fail	53
/work/work/shared/s-neomics/data/analyse/PED20132	PED20132	analysis_ok	51
/work/work/shared/s-neomics/data/analyse/PED20132	PED20132	archive_in_progress	2
/work/work/shared/s-neomics/data/analyse/PED20134	PED20134	analysis_ok	51
/work/work/shared/s-neomics/data/analyse/PED20134	PED20134	archive_in_progress	2
/work/work/shared/s-neomics/data/analyse/PED20132	PED20132	archive_fail	49
/work/work/shared/s-neomics/data/analyse/PED20134	PED20134	archive_fail	49
/work/work/shared/s-neomics/data/analyse/PED20135	PED20135	analysis_ok	45
/work/work/shared/s-neomics/data/analyse/PED20135	PED20135	archive_in_progress	2
/work/work/shared/s-neomics/data/analyse/PED20135	PED20135	archive_fail	43
/work/work/shared/s-neomics/data/analyse/PED20137	PED20137	analysis_ok	36
/work/work/shared/s-neomics/data/analyse/PED20137	PED20137	archive_in_progress	2
/work/work/shared/s-neomics/data/analyse/PED20138	PED20138	analysis_ok	36
/work/work/shared/s-neomics/data/analyse/PED20138	PED20138	archive_in_progress	2
/work/work/shared/s-neomics/data/analyse/PED20139	PED20139	analysis_ok	35
/work/work/shared/s-neomics/data/analyse/PED20139	PED20139	archive_in_progress	1
/work/work/shared/s-neomics/data/analyse/PED20140	PED20140	analysis_ok	35
/work/work/shared/s-neomics/data/analyse/PED20140	PED20140	archive_in_progress	2
/work/work/shared/s-neomics/data/analyse/PED20142	PED20142	analysis_ok	35
/work/work/shared/s-neomics/data/analyse/PED20143	PED20143	analysis_ok	35
/work/work/shared/s-neomics/data/analyse/PED20137	PED20137	archive_fail	34
/work/work/shared/s-neomics/data/analyse/PED20138	PED20138	archive_fail	34
/work/work/shared/s-neomics/data/analyse/PED20139	PED20139	archive_fail	34
/work/work/shared/s-neomics/data/analyse/PED20142	PED20142	archive_in_progress	1
/work/work/shared/s-neomics/data/analyse/PED20143	PED20143	archive_in_progress	1
/work/work/shared/s-neomics/data/analyse/PED20140	PED20140	archive_fail	33
/work/work/shared/s-neomics/data/analyse/PED20142	PED20142	archive_fail	33
/work/work/shared/s-neomics/data/analyse/PED20143	PED20143	archive_fail	33
/work/work/shared/s-neomics/data/analyse/PED20145	PED20145	analysis_ok	32
/work/work/shared/s-neomics/data/analyse/PED20145	PED20145	archive_in_progress	1
/work/work/shared/s-neomics/data/analyse/PED20145	PED20145	archive_fail	31
/work/work/shared/s-neomics/data/analyse/PED20144	PED20144	analysis_ok	29
/work/work/shared/s-neomics/data/analyse/PED20144	PED20144	archive_in_progress	1
/work/work/shared/s-neomics/data/analyse/PED20146	PED20146	analysis_ok	29
/work/work/shared/s-neomics/data/analyse/PED20146	PED20146	archive_in_progress	2
/work/work/shared/s-neomics/data/analyse/PED20147	PED20147	analysis_ok	29
/work/work/shared/s-neomics/data/analyse/PED20147	PED20147	archive_in_progress	1
/work/work/shared/s-neomics/data/analyse/PED20144	PED20144	archive_fail	28
/work/work/shared/s-neomics/data/analyse/PED20147	PED20147	archive_fail	28
/work/work/shared/s-neomics/data/analyse/PED20136	PED20136	analysis_ok	27
/work/work/shared/s-neomics/data/analyse/PED20136	PED20136	archive_in_progress	1
/work/work/shared/s-neomics/data/analyse/PED20141	PED20141	analysis_ok	27
/work/work/shared/s-neomics/data/analyse/PED20141	PED20141	archive_in_progress	1
/work/work/shared/s-neomics/data/analyse/PED20146	PED20146	archive_fail	27
/work/work/shared/s-neomics/data/analyse/PED20136	PED20136	archive_fail	26
/work/work/shared/s-neomics/data/analyse/PED20141	PED20141	archive_fail	26
/work/work/shared/s-neomics/data/analyse/PED20125	PED20125	archive_success	23
/work/work/shared/s-neomics/data/analyse/PED20125	dijnbs207	archive_success	23
/work/work/shared/s-neomics/data/analyse/PED20130	PED20130	analysis_failed	1
/work/work/shared/s-neomics/data/analyse/PED20130	PED20130	analysis_ok	1695
/work/work/shared/s-neomics/data/analyse/PED20130	PED20130	archive_in_progress	16
/work/work/shared/s-neomics/data/analyse/PED20130	PED20130	archive_fail	646
/work/work/shared/s-neomics/data/analyse/PED20150	dijnbs232	dispatch_ok	385
/work/work/shared/s-neomics/data/analyse/PED20150	PED20150	analysis_not_ended	22
/work/work/shared/s-neomics/data/analyse/PED20150	PED20150	no_archive_log	22
/work/work/shared/s-neomics/data/analyse/PED20151	dijnbs233	dispatch_ok	384
/work/work/shared/s-neomics/data/analyse/PED20151	PED20151	analysis_not_ended	20
/work/work/shared/s-neomics/data/analyse/PED20151	PED20151	no_archive_log	20
/work/work/shared/s-neomics/data/analyse/PED20152	dijnbs234	dispatch_ok	384
/work/work/shared/s-neomics/data/analyse/PED20152	PED20152	analysis_not_ended	22
/work/work/shared/s-neomics/data/analyse/PED20152	PED20152	no_archive_log	22
/work/work/shared/s-neomics/data/analyse/PED20120	dijnbs180	dispatch_ok	379
/work/work/shared/s-neomics/data/analyse/PED20120	PED20120	analysis_not_ended	23
/work/work/shared/s-neomics/data/analyse/PED20120	PED20120	no_archive_log	23
/work/work/shared/s-neomics/data/analyse/PED20121	dijnbs181	dispatch_ok	379
/work/work/shared/s-neomics/data/analyse/PED20121	PED20121	analysis_not_ended	18
/work/work/shared/s-neomics/data/analyse/PED20121	PED20121	no_archive_log	18
/work/work/shared/s-neomics/data/analyse/PED20148	dijnbs230	dispatch_ok	379
/work/work/shared/s-neomics/data/analyse/PED20148	PED20148	analysis_not_ended	22
/work/work/shared/s-neomics/data/analyse/PED20148	PED20148	no_archive_log	22
/work/work/shared/s-neomics/data/analyse/PED20149	dijnbs231	dispatch_ok	375
/work/work/shared/s-neomics/data/analyse/PED20149	PED20149	analysis_not_ended	24
/work/work/shared/s-neomics/data/analyse/PED20149	PED20149	no_archive_log	24
/work/work/shared/s-neomics/data/analyse/PED20153	dijnbs235	dispatch_ok	375
/work/work/shared/s-neomics/data/analyse/PED20153	PED20153	analysis_not_ended	28
/work/work/shared/s-neomics/data/analyse/PED20153	PED20153	no_archive_log	28
/work/work/shared/s-neomics/data/analyse/PED20154	dijnbs236	dispatch_ok	375
/work/work/shared/s-neomics/data/analyse/PED20154	PED20154	analysis_not_ended	29
/work/work/shared/s-neomics/data/analyse/PED20154	PED20154	no_archive_log	29
/work/work/shared/s-neomics/data/analyse/PED20155	dijnbs237	dispatch_ok	371
/work/work/shared/s-neomics/data/analyse/PED20155	PED20155	analysis_not_ended	27
/work/work/shared/s-neomics/data/analyse/PED20155	PED20155	no_archive_log	27
/work/work/shared/s-neomics/data/analyse/PED20156	dijnbs238	dispatch_ok	371
/work/work/shared/s-neomics/data/analyse/PED20156	PED20156	analysis_not_ended	31
/work/work/shared/s-neomics/data/analyse/PED20156	PED20156	no_archive_log	31
/work/work/shared/s-neomics/data/analyse/PED20157	dijnbs239	dispatch_ok	371
/work/work/shared/s-neomics/data/analyse/PED20157	PED20157	analysis_not_ended	32
/work/work/shared/s-neomics/data/analyse/PED20157	PED20157	no_archive_log	32
/work/work/shared/s-neomics/data/analyse/PED20158	dijnbs240	dispatch_ok	367
/work/work/shared/s-neomics/data/analyse/PED20158	PED20158	analysis_not_ended	29
/work/work/shared/s-neomics/data/analyse/PED20158	PED20158	no_archive_log	29
/work/work/shared/s-neomics/data/analyse/PED20159	dijnbs241	dispatch_ok	367
/work/work/shared/s-neomics/data/analyse/PED20159	PED20159	analysis_not_ended	29
/work/work/shared/s-neomics/data/analyse/PED20159	PED20159	no_archive_log	29
/work/work/shared/s-neomics/data/analyse/PED20160	dijnbs242	dispatch_ok	367
/work/work/shared/s-neomics/data/analyse/PED20160	PED20160	analysis_not_ended	66
/work/work/shared/s-neomics/data/analyse/PED20160	PED20160	no_archive_log	67
/work/work/shared/s-neomics/data/analyse/PED20151	PED20151	analysis_ok	364
/work/work/shared/s-neomics/data/analyse/PED20151	PED20151	archive_in_progress	2
/work/work/shared/s-neomics/data/analyse/PED20150	PED20150	analysis_ok	363
/work/work/shared/s-neomics/data/analyse/PED20150	PED20150	archive_in_progress	2
/work/work/shared/s-neomics/data/analyse/PED20161	dijnbs243	dispatch_ok	363
/work/work/shared/s-neomics/data/analyse/PED20161	PED20161	analysis_not_ended	62
/work/work/shared/s-neomics/data/analyse/PED20161	PED20161	no_archive_log	63
/work/work/shared/s-neomics/data/analyse/PED20162	dijnbs244	dispatch_ok	363
/work/work/shared/s-neomics/data/analyse/PED20162	PED20162	analysis_not_ended	26
/work/work/shared/s-neomics/data/analyse/PED20162	PED20162	no_archive_log	26
/work/work/shared/s-neomics/data/analyse/PED20163	dijnbs245	dispatch_ok	363
/work/work/shared/s-neomics/data/analyse/PED20163	PED20163	analysis_not_ended	26
/work/work/shared/s-neomics/data/analyse/PED20163	PED20163	no_archive_log	26
/work/work/shared/s-neomics/data/analyse/PED20151	PED20151	archive_fail	369
/work/work/shared/s-neomics/data/analyse/PED20152	PED20152	analysis_ok	362
/work/work/shared/s-neomics/data/analyse/PED20152	PED20152	archive_in_progress	1
/work/work/shared/s-neomics/data/analyse/PED20150	PED20150	archive_fail	368
/work/work/shared/s-neomics/data/analyse/PED20152	PED20152	archive_fail	368
/work/work/shared/s-neomics/data/analyse/PED20121	PED20121	analysis_ok	361
/work/work/shared/s-neomics/data/analyse/PED20121	PED20121	archive_in_progress	2
/work/work/shared/s-neomics/data/analyse/PED20121	PED20121	archive_fail	366
/work/work/shared/s-neomics/data/analyse/PED20164	dijnbs246	dispatch_ok	359
/work/work/shared/s-neomics/data/analyse/PED20164	PED20164	analysis_not_ended	23
/work/work/shared/s-neomics/data/analyse/PED20164	PED20164	no_archive_log	23
/work/work/shared/s-neomics/data/analyse/PED20165	dijnbs247	dispatch_ok	359
/work/work/shared/s-neomics/data/analyse/PED20165	PED20165	analysis_not_ended	25
/work/work/shared/s-neomics/data/analyse/PED20165	PED20165	no_archive_log	25
/work/work/shared/s-neomics/data/analyse/PED20166	dijnbs248	dispatch_ok	359
/work/work/shared/s-neomics/data/analyse/PED20166	PED20166	analysis_not_ended	25
/work/work/shared/s-neomics/data/analyse/PED20166	PED20166	no_archive_log	25
/work/work/shared/s-neomics/data/analyse/PED20148	PED20148	analysis_ok	357
/work/work/shared/s-neomics/data/analyse/PED20148	PED20148	archive_in_progress	2
/work/work/shared/s-neomics/data/analyse/PED20120	PED20120	analysis_ok	356
/work/work/shared/s-neomics/data/analyse/PED20120	PED20120	archive_in_progress	2
/work/work/shared/s-neomics/data/analyse/PED20148	PED20148	archive_fail	362
/work/work/shared/s-neomics/data/analyse/PED20167	dijnbs249	dispatch_ok	355
/work/work/shared/s-neomics/data/analyse/PED20167	PED20167	analysis_not_ended	25
/work/work/shared/s-neomics/data/analyse/PED20167	PED20167	no_archive_log	25
/work/work/shared/s-neomics/data/analyse/PED20120	PED20120	archive_fail	361
/work/work/shared/s-neomics/data/analyse/PED20149	PED20149	analysis_ok	351
/work/work/shared/s-neomics/data/analyse/PED20149	PED20149	archive_in_progress	1
/work/work/shared/s-neomics/data/analyse/PED20149	PED20149	archive_fail	357
/work/work/shared/s-neomics/data/analyse/PED20153	PED20153	analysis_ok	347
/work/work/shared/s-neomics/data/analyse/PED20153	PED20153	archive_in_progress	1
/work/work/shared/s-neomics/data/analyse/PED20153	PED20153	archive_fail	353
/work/work/shared/s-neomics/data/analyse/PED20154	PED20154	analysis_ok	346
/work/work/shared/s-neomics/data/analyse/PED20154	PED20154	archive_in_progress	2
/work/work/shared/s-neomics/data/analyse/PED20154	PED20154	archive_success	344
/work/work/shared/s-neomics/data/analyse/PED20154	dijnbs236	archive_success	344
/work/work/shared/s-neomics/data/analyse/PED20155	PED20155	analysis_ok	344
/work/work/shared/s-neomics/data/analyse/PED20155	PED20155	archive_in_progress	2
/work/work/shared/s-neomics/data/analyse/PED20155	PED20155	archive_fail	348
/work/work/shared/s-neomics/data/analyse/PED20156	PED20156	analysis_ok	340
/work/work/shared/s-neomics/data/analyse/PED20156	PED20156	archive_in_progress	1
/work/work/shared/s-neomics/data/analyse/PED20156	PED20156	archive_fail	345
/work/work/shared/s-neomics/data/analyse/PED20157	PED20157	analysis_ok	339
/work/work/shared/s-neomics/data/analyse/PED20157	PED20157	archive_in_progress	1
/work/work/shared/s-neomics/data/analyse/PED20157	PED20157	archive_fail	344
/work/work/shared/s-neomics/data/analyse/PED20158	PED20158	analysis_ok	338
/work/work/shared/s-neomics/data/analyse/PED20158	PED20158	archive_in_progress	2
/work/work/shared/s-neomics/data/analyse/PED20159	PED20159	analysis_ok	338
/work/work/shared/s-neomics/data/analyse/PED20159	PED20159	archive_in_progress	2
/work/work/shared/s-neomics/data/analyse/PED20162	PED20162	analysis_ok	337
/work/work/shared/s-neomics/data/analyse/PED20162	PED20162	archive_in_progress	2
/work/work/shared/s-neomics/data/analyse/PED20163	PED20163	analysis_ok	337
/work/work/shared/s-neomics/data/analyse/PED20163	PED20163	archive_in_progress	2
/work/work/shared/s-neomics/data/analyse/PED20158	PED20158	archive_fail	342
/work/work/shared/s-neomics/data/analyse/PED20159	PED20159	archive_fail	342
/work/work/shared/s-neomics/data/analyse/PED20164	PED20164	analysis_ok	336
/work/work/shared/s-neomics/data/analyse/PED20164	PED20164	archive_in_progress	2
/work/work/shared/s-neomics/data/analyse/PED20162	PED20162	archive_fail	341
/work/work/shared/s-neomics/data/analyse/PED20163	PED20163	archive_fail	341
/work/work/shared/s-neomics/data/analyse/PED20164	PED20164	archive_fail	340
/work/work/shared/s-neomics/data/analyse/PED20165	PED20165	analysis_ok	334
/work/work/shared/s-neomics/data/analyse/PED20165	PED20165	archive_in_progress	2
/work/work/shared/s-neomics/data/analyse/PED20166	PED20166	analysis_ok	334
/work/work/shared/s-neomics/data/analyse/PED20166	PED20166	archive_in_progress	2
/work/work/shared/s-neomics/data/analyse/PED20165	PED20165	archive_fail	338
/work/work/shared/s-neomics/data/analyse/PED20166	PED20166	archive_fail	338
/work/work/shared/s-neomics/data/analyse/PED20167	PED20167	analysis_ok	330
/work/work/shared/s-neomics/data/analyse/PED20167	PED20167	archive_in_progress	2
/work/work/shared/s-neomics/data/analyse/PED20167	PED20167	archive_fail	334
/work/work/shared/s-neomics/data/analyse/PED20160	PED20160	analysis_ok	301
/work/work/shared/s-neomics/data/analyse/PED20160	PED20160	archive_in_progress	2
/work/work/shared/s-neomics/data/analyse/PED20161	PED20161	analysis_ok	301
/work/work/shared/s-neomics/data/analyse/PED20161	PED20161	archive_in_progress	2
/work/work/shared/s-neomics/data/analyse/PED20160	PED20160	archive_fail	305
/work/work/shared/s-neomics/data/analyse/PED20161	PED20161	archive_fail	305
/work/work/shared/s-neomics/data/analyse/PED20168	dijnbs250	dispatch_ok	1152
/work/work/shared/s-neomics/data/analyse/PED20168	PED20168	analysis_not_ended	17
/work/work/shared/s-neomics/data/analyse/PED20168	PED20168	no_archive_log	17
/work/work/shared/s-neomics/data/analyse/PED20169	dijnbs251	dispatch_ok	1148
/work/work/shared/s-neomics/data/analyse/PED20169	PED20169	analysis_not_ended	12
/work/work/shared/s-neomics/data/analyse/PED20169	PED20169	no_archive_log	12
/work/work/shared/s-neomics/data/analyse/PED20170	dijnbs252	dispatch_ok	1147
/work/work/shared/s-neomics/data/analyse/PED20170	PED20170	analysis_not_ended	12
/work/work/shared/s-neomics/data/analyse/PED20170	PED20170	no_archive_log	12
/work/work/shared/s-neomics/data/analyse/PED20171	dijnbs253	dispatch_ok	1147
/work/work/shared/s-neomics/data/analyse/PED20171	PED20171	analysis_not_ended	10
/work/work/shared/s-neomics/data/analyse/PED20171	PED20171	no_archive_log	10
/work/work/shared/s-neomics/data/analyse/dijarn388-412	dijarn388-412	no_dispatch	5
/work/work/shared/s-neomics/data/analyse/PED20172	dijnbs254	dispatch_ok	1143
/work/work/shared/s-neomics/data/analyse/PED20172	PED20172	analysis_not_ended	14
/work/work/shared/s-neomics/data/analyse/PED20172	PED20172	no_archive_log	14
/work/work/shared/s-neomics/data/analyse/PED20173	dijnbs255	dispatch_ok	1143
/work/work/shared/s-neomics/data/analyse/PED20173	PED20173	analysis_not_ended	18
/work/work/shared/s-neomics/data/analyse/PED20173	PED20173	no_archive_log	18
/work/work/shared/s-neomics/data/analyse/PED20174	dijnbs256	dispatch_ok	1143
/work/work/shared/s-neomics/data/analyse/PED20174	PED20174	analysis_not_ended	17
/work/work/shared/s-neomics/data/analyse/PED20174	PED20174	no_archive_log	17
/work/work/shared/s-neomics/data/analyse/PED20171	PED20171	analysis_ok	1137
/work/work/shared/s-neomics/data/analyse/PED20171	PED20171	archive_in_progress	2
/work/work/shared/s-neomics/data/analyse/PED20169	PED20169	analysis_ok	1136
/work/work/shared/s-neomics/data/analyse/PED20169	PED20169	archive_in_progress	1
/work/work/shared/s-neomics/data/analyse/PED20175	dijnbs257	dispatch_ok	1136
/work/work/shared/s-neomics/data/analyse/PED20175	PED20175	analysis_not_ended	12
/work/work/shared/s-neomics/data/analyse/PED20175	PED20175	no_archive_log	12
/work/work/shared/s-neomics/data/analyse/PED20176	dijnbs258	dispatch_ok	1136
/work/work/shared/s-neomics/data/analyse/PED20176	PED20176	analysis_not_ended	10
/work/work/shared/s-neomics/data/analyse/PED20176	PED20176	no_archive_log	10
/work/work/shared/s-neomics/data/analyse/PED20177	dijnbs259	dispatch_ok	1136
/work/work/shared/s-neomics/data/analyse/PED20177	PED20177	analysis_not_ended	14
/work/work/shared/s-neomics/data/analyse/PED20177	PED20177	no_archive_log	14
/work/work/shared/s-neomics/data/analyse/PED20168	PED20168	analysis_ok	1135
/work/work/shared/s-neomics/data/analyse/PED20168	PED20168	archive_in_progress	1
/work/work/shared/s-neomics/data/analyse/PED20169	PED20169	archive_success	1135
/work/work/shared/s-neomics/data/analyse/PED20169	dijnbs251	archive_success	1135
/work/work/shared/s-neomics/data/analyse/PED20170	PED20170	analysis_ok	1135
/work/work/shared/s-neomics/data/analyse/PED20170	PED20170	archive_in_progress	2
/work/work/shared/s-neomics/data/analyse/PED20171	PED20171	archive_success	1135
/work/work/shared/s-neomics/data/analyse/PED20171	dijnbs253	archive_success	1135
/work/work/shared/s-neomics/data/analyse/PED20168	PED20168	archive_success	1134
/work/work/shared/s-neomics/data/analyse/PED20168	dijnbs250	archive_success	1134
/work/work/shared/s-neomics/data/analyse/PED20170	PED20170	archive_success	1133
/work/work/shared/s-neomics/data/analyse/PED20170	dijnbs252	archive_success	1133
/work/work/shared/s-neomics/data/analyse/PED20172	PED20172	analysis_ok	1129
/work/work/shared/s-neomics/data/analyse/PED20172	PED20172	archive_in_progress	1
/work/work/shared/s-neomics/data/analyse/PED20172	PED20172	archive_success	1128
/work/work/shared/s-neomics/data/analyse/PED20172	dijnbs254	archive_success	1128
/work/work/shared/s-neomics/data/analyse/PED20174	PED20174	analysis_ok	1126
/work/work/shared/s-neomics/data/analyse/PED20174	PED20174	archive_in_progress	2
/work/work/shared/s-neomics/data/analyse/PED20176	PED20176	analysis_ok	1126
/work/work/shared/s-neomics/data/analyse/PED20176	PED20176	archive_in_progress	2
/work/work/shared/s-neomics/data/analyse/PED20173	PED20173	analysis_ok	1125
/work/work/shared/s-neomics/data/analyse/PED20173	PED20173	archive_in_progress	1
/work/work/shared/s-neomics/data/analyse/PED20173	PED20173	archive_success	1124
/work/work/shared/s-neomics/data/analyse/PED20173	dijnbs255	archive_success	1124
/work/work/shared/s-neomics/data/analyse/PED20174	PED20174	archive_success	1124
/work/work/shared/s-neomics/data/analyse/PED20174	dijnbs256	archive_success	1124
/work/work/shared/s-neomics/data/analyse/PED20175	PED20175	analysis_ok	1124
/work/work/shared/s-neomics/data/analyse/PED20175	PED20175	archive_in_progress	1
/work/work/shared/s-neomics/data/analyse/PED20176	PED20176	archive_success	1124
/work/work/shared/s-neomics/data/analyse/PED20176	dijnbs258	archive_success	1124
/work/work/shared/s-neomics/data/analyse/PED20175	PED20175	archive_success	1123
/work/work/shared/s-neomics/data/analyse/PED20175	dijnbs257	archive_success	1123
/work/work/shared/s-neomics/data/analyse/PED20177	PED20177	analysis_ok	1122
/work/work/shared/s-neomics/data/analyse/PED20177	PED20177	archive_in_progress	1
/work/work/shared/s-neomics/data/analyse/PED20177	PED20177	archive_success	1121
/work/work/shared/s-neomics/data/analyse/PED20177	dijnbs259	archive_success	1121
/work/work/shared/s-neomics/data/analyse/PED20130	PED20130	archive_success	1045
/work/work/shared/s-neomics/data/analyse/PED20130	dijnbs212	archive_success	1045
/work/work/shared/s-neomics/data/analyse/PED20180	dijnbs262	dispatch_ok	933
/work/work/shared/s-neomics/data/analyse/PED20180	PED20180	analysis_not_ended	18
/work/work/shared/s-neomics/data/analyse/PED20180	PED20180	no_archive_log	18
/work/work/shared/s-neomics/data/analyse/PED20181	dijnbs263	dispatch_ok	933
/work/work/shared/s-neomics/data/analyse/PED20181	PED20181	analysis_not_ended	21
/work/work/shared/s-neomics/data/analyse/PED20181	PED20181	no_archive_log	21
/work/work/shared/s-neomics/data/analyse/PED20182	dijnbs264	dispatch_ok	933
/work/work/shared/s-neomics/data/analyse/PED20182	PED20182	analysis_not_ended	18
/work/work/shared/s-neomics/data/analyse/PED20182	PED20182	no_archive_log	18
/work/work/shared/s-neomics/data/analyse/PED20178	dijnbs260	dispatch_ok	927
/work/work/shared/s-neomics/data/analyse/PED20178	PED20178	analysis_not_ended	15
/work/work/shared/s-neomics/data/analyse/PED20178	PED20178	no_archive_log	15
/work/work/shared/s-neomics/data/analyse/PED20179	dijnbs261	dispatch_ok	927
/work/work/shared/s-neomics/data/analyse/PED20179	PED20179	analysis_not_ended	20
/work/work/shared/s-neomics/data/analyse/PED20179	PED20179	no_archive_log	20
/work/work/shared/s-neomics/data/analyse/PED20183	dijnbs265	dispatch_ok	927
/work/work/shared/s-neomics/data/analyse/PED20183	PED20183	analysis_not_ended	20
/work/work/shared/s-neomics/data/analyse/PED20183	PED20183	no_archive_log	20
/work/work/shared/s-neomics/data/analyse/PED20184	dijnbs266	dispatch_ok	922
/work/work/shared/s-neomics/data/analyse/PED20184	PED20184	analysis_not_ended	21
/work/work/shared/s-neomics/data/analyse/PED20184	PED20184	no_archive_log	21
/work/work/shared/s-neomics/data/analyse/PED20185	dijnbs267	dispatch_ok	922
/work/work/shared/s-neomics/data/analyse/PED20185	PED20185	analysis_not_ended	19
/work/work/shared/s-neomics/data/analyse/PED20185	PED20185	no_archive_log	19
/work/work/shared/s-neomics/data/analyse/PED20186	dijnbs268	dispatch_ok	922
/work/work/shared/s-neomics/data/analyse/PED20186	PED20186	analysis_not_ended	19
/work/work/shared/s-neomics/data/analyse/PED20186	PED20186	no_archive_log	19
/work/work/shared/s-neomics/data/analyse/PED20187	dijnbs269	dispatch_ok	918
/work/work/shared/s-neomics/data/analyse/PED20187	PED20187	analysis_not_ended	18
/work/work/shared/s-neomics/data/analyse/PED20187	PED20187	no_archive_log	18
/work/work/shared/s-neomics/data/analyse/PED20188	dijnbs270	dispatch_ok	918
/work/work/shared/s-neomics/data/analyse/PED20188	PED20188	analysis_not_ended	18
/work/work/shared/s-neomics/data/analyse/PED20188	PED20188	no_archive_log	18
/work/work/shared/s-neomics/data/analyse/PED20189	dijnbs271	dispatch_ok	918
/work/work/shared/s-neomics/data/analyse/PED20189	PED20189	analysis_not_ended	79
/work/work/shared/s-neomics/data/analyse/PED20189	PED20189	no_archive_log	80
/work/work/shared/s-neomics/data/analyse/PED20180	PED20180	analysis_ok	915
/work/work/shared/s-neomics/data/analyse/PED20180	PED20180	archive_in_progress	1
/work/work/shared/s-neomics/data/analyse/PED20182	PED20182	analysis_ok	915
/work/work/shared/s-neomics/data/analyse/PED20182	PED20182	archive_in_progress	2
/work/work/shared/s-neomics/data/analyse/PED20190	dijnbs272	dispatch_ok	915
/work/work/shared/s-neomics/data/analyse/PED20190	PED20190	analysis_not_ended	20
/work/work/shared/s-neomics/data/analyse/PED20190	PED20190	no_archive_log	20
/work/work/shared/s-neomics/data/analyse/PED20191	dijnbs273	dispatch_ok	915
/work/work/shared/s-neomics/data/analyse/PED20191	PED20191	analysis_not_ended	16
/work/work/shared/s-neomics/data/analyse/PED20191	PED20191	no_archive_log	16
/work/work/shared/s-neomics/data/analyse/PED20192	dijnbs274	dispatch_ok	915
/work/work/shared/s-neomics/data/analyse/PED20192	PED20192	analysis_not_ended	17
/work/work/shared/s-neomics/data/analyse/PED20192	PED20192	no_archive_log	17
/work/work/shared/s-neomics/data/analyse/PED20180	PED20180	archive_success	914
/work/work/shared/s-neomics/data/analyse/PED20180	dijnbs262	archive_success	914
/work/work/shared/s-neomics/data/analyse/PED20182	PED20182	archive_success	913
/work/work/shared/s-neomics/data/analyse/PED20182	dijnbs264	archive_success	913
/work/work/shared/s-neomics/data/analyse/PED20181	PED20181	analysis_ok	912
/work/work/shared/s-neomics/data/analyse/PED20181	PED20181	archive_in_progress	2
/work/work/shared/s-neomics/data/analyse/PED20178	PED20178	analysis_ok	912
/work/work/shared/s-neomics/data/analyse/PED20178	PED20178	archive_in_progress	2
/work/work/shared/s-neomics/data/analyse/PED20193	dijnbs275	dispatch_ok	912
/work/work/shared/s-neomics/data/analyse/PED20193	PED20193	analysis_not_ended	15
/work/work/shared/s-neomics/data/analyse/PED20193	PED20193	no_archive_log	15
/work/work/shared/s-neomics/data/analyse/PED20194	dijnbs276	dispatch_ok	912
/work/work/shared/s-neomics/data/analyse/PED20194	PED20194	analysis_not_ended	16
/work/work/shared/s-neomics/data/analyse/PED20194	PED20194	no_archive_log	16
/work/work/shared/s-neomics/data/analyse/PED20195	dijnbs277	dispatch_ok	912
/work/work/shared/s-neomics/data/analyse/PED20195	PED20195	analysis_not_ended	17
/work/work/shared/s-neomics/data/analyse/PED20195	PED20195	no_archive_log	17
/work/work/shared/s-neomics/data/analyse/PED20181	PED20181	archive_success	910
/work/work/shared/s-neomics/data/analyse/PED20181	dijnbs263	archive_success	910
/work/work/shared/s-neomics/data/analyse/PED20178	PED20178	archive_success	910
/work/work/shared/s-neomics/data/analyse/PED20178	dijnbs260	archive_success	910
/work/work/shared/s-neomics/data/analyse/PED8623	dijen2230,dijen2231,dijen2232	dispatch_ok	252
/work/work/shared/s-neomics/data/analyse/PED8623	PED8623	analysis_not_ended	252
/work/work/shared/s-neomics/data/analyse/PED8623	PED8623	no_archive_log	257
/work/work/shared/s-neomics/data/analyse/PED11989	dijen2227	dispatch_ok	252
/work/work/shared/s-neomics/data/analyse/PED11989	PED11989	analysis_not_ended	252
/work/work/shared/s-neomics/data/analyse/PED11989	PED11989	no_archive_log	257
/work/work/shared/s-neomics/data/analyse/PED20179	PED20179	analysis_ok	907
/work/work/shared/s-neomics/data/analyse/PED20179	PED20179	archive_in_progress	2
/work/work/shared/s-neomics/data/analyse/PED20183	PED20183	analysis_ok	907
/work/work/shared/s-neomics/data/analyse/PED20183	PED20183	archive_in_progress	1
/work/work/shared/s-neomics/data/analyse/PED20183	PED20183	archive_success	906
/work/work/shared/s-neomics/data/analyse/PED20183	dijnbs265	archive_success	906
/work/work/shared/s-neomics/data/analyse/PED20179	PED20179	archive_success	905
/work/work/shared/s-neomics/data/analyse/PED20179	dijnbs261	archive_success	905
/work/work/shared/s-neomics/data/analyse/PED20185	PED20185	analysis_ok	903
/work/work/shared/s-neomics/data/analyse/PED20185	PED20185	archive_in_progress	2
/work/work/shared/s-neomics/data/analyse/PED20186	PED20186	analysis_ok	903
/work/work/shared/s-neomics/data/analyse/PED20186	PED20186	archive_in_progress	2
/work/work/shared/s-neomics/data/analyse/PED20184	PED20184	analysis_ok	901
/work/work/shared/s-neomics/data/analyse/PED20184	PED20184	archive_in_progress	1
/work/work/shared/s-neomics/data/analyse/PED20185	PED20185	archive_success	901
/work/work/shared/s-neomics/data/analyse/PED20185	dijnbs267	archive_success	901
/work/work/shared/s-neomics/data/analyse/PED20186	PED20186	archive_success	901
/work/work/shared/s-neomics/data/analyse/PED20186	dijnbs268	archive_success	901
/work/work/shared/s-neomics/data/analyse/PED20184	PED20184	archive_success	900
/work/work/shared/s-neomics/data/analyse/PED20184	dijnbs266	archive_success	900
/work/work/shared/s-neomics/data/analyse/PED20187	PED20187	analysis_ok	900
/work/work/shared/s-neomics/data/analyse/PED20187	PED20187	archive_in_progress	1
/work/work/shared/s-neomics/data/analyse/PED20188	PED20188	analysis_ok	900
/work/work/shared/s-neomics/data/analyse/PED20188	PED20188	archive_in_progress	1
/work/work/shared/s-neomics/data/analyse/PED20187	PED20187	archive_success	899
/work/work/shared/s-neomics/data/analyse/PED20187	dijnbs269	archive_success	899
/work/work/shared/s-neomics/data/analyse/PED20188	PED20188	archive_success	899
/work/work/shared/s-neomics/data/analyse/PED20188	dijnbs270	archive_success	899
/work/work/shared/s-neomics/data/analyse/PED20191	PED20191	analysis_ok	899
/work/work/shared/s-neomics/data/analyse/PED20191	PED20191	archive_in_progress	1
/work/work/shared/s-neomics/data/analyse/PED20191	PED20191	archive_success	898
/work/work/shared/s-neomics/data/analyse/PED20191	dijnbs273	archive_success	898
/work/work/shared/s-neomics/data/analyse/PED20192	PED20192	analysis_ok	898
/work/work/shared/s-neomics/data/analyse/PED20192	PED20192	archive_in_progress	1
/work/work/shared/s-neomics/data/analyse/PED20192	PED20192	archive_success	897
/work/work/shared/s-neomics/data/analyse/PED20192	dijnbs274	archive_success	897
/work/work/shared/s-neomics/data/analyse/PED20193	PED20193	analysis_ok	897
/work/work/shared/s-neomics/data/analyse/PED20193	PED20193	archive_in_progress	2
/work/work/shared/s-neomics/data/analyse/PED20194	PED20194	analysis_ok	896
/work/work/shared/s-neomics/data/analyse/PED20194	PED20194	archive_in_progress	1
/work/work/shared/s-neomics/data/analyse/PED20190	PED20190	analysis_ok	895
/work/work/shared/s-neomics/data/analyse/PED20190	PED20190	archive_in_progress	2
/work/work/shared/s-neomics/data/analyse/PED20193	PED20193	archive_success	895
/work/work/shared/s-neomics/data/analyse/PED20193	dijnbs275	archive_success	895
/work/work/shared/s-neomics/data/analyse/PED20194	PED20194	archive_success	895
/work/work/shared/s-neomics/data/analyse/PED20194	dijnbs276	archive_success	895
/work/work/shared/s-neomics/data/analyse/PED20195	PED20195	analysis_ok	895
/work/work/shared/s-neomics/data/analyse/PED20195	PED20195	archive_in_progress	1
/work/work/shared/s-neomics/data/analyse/PED20195	PED20195	archive_success	894
/work/work/shared/s-neomics/data/analyse/PED20195	dijnbs277	archive_success	894
/work/work/shared/s-neomics/data/analyse/PED20190	PED20190	archive_success	893
/work/work/shared/s-neomics/data/analyse/PED20190	dijnbs272	archive_success	893
/work/work/shared/s-neomics/data/analyse/PED20189	PED20189	analysis_ok	839
/work/work/shared/s-neomics/data/analyse/PED20189	PED20189	archive_in_progress	1
/work/work/shared/s-neomics/data/analyse/PED20189	PED20189	archive_success	838
/work/work/shared/s-neomics/data/analyse/PED20189	dijnbs271	archive_success	838
/work/work/shared/s-neomics/data/analyse/PED20196	dijnbs278	dispatch_ok	293
/work/work/shared/s-neomics/data/analyse/PED20196	PED20196	analysis_not_ended	15
/work/work/shared/s-neomics/data/analyse/PED20196	PED20196	no_archive_log	15
/work/work/shared/s-neomics/data/analyse/PED20197	dijnbs279	dispatch_ok	293
/work/work/shared/s-neomics/data/analyse/PED20197	PED20197	analysis_not_ended	15
/work/work/shared/s-neomics/data/analyse/PED20197	PED20197	no_archive_log	15
/work/work/shared/s-neomics/data/analyse/PED20198	dijnbs280	dispatch_ok	293
/work/work/shared/s-neomics/data/analyse/PED20198	PED20198	analysis_not_ended	19
/work/work/shared/s-neomics/data/analyse/PED20198	PED20198	no_archive_log	19
/work/work/shared/s-neomics/data/analyse/PED20199	dijnbs281	dispatch_ok	285
/work/work/shared/s-neomics/data/analyse/PED20199	PED20199	analysis_not_ended	14
/work/work/shared/s-neomics/data/analyse/PED20199	PED20199	no_archive_log	14
/work/work/shared/s-neomics/data/analyse/PED20200	dijnbs282	dispatch_ok	285
/work/work/shared/s-neomics/data/analyse/PED20200	PED20200	analysis_not_ended	11
/work/work/shared/s-neomics/data/analyse/PED20200	PED20200	no_archive_log	11
/work/work/shared/s-neomics/data/analyse/PED20201	dijnbs283	dispatch_ok	285
/work/work/shared/s-neomics/data/analyse/PED20201	PED20201	analysis_not_ended	17
/work/work/shared/s-neomics/data/analyse/PED20201	PED20201	no_archive_log	17
/work/work/shared/s-neomics/data/analyse/PED20202	dijnbs284	dispatch_ok	280
/work/work/shared/s-neomics/data/analyse/PED20202	PED20202	analysis_not_ended	14
/work/work/shared/s-neomics/data/analyse/PED20202	PED20202	no_archive_log	14
/work/work/shared/s-neomics/data/analyse/PED20203	dijnbs285	dispatch_ok	280
/work/work/shared/s-neomics/data/analyse/PED20203	PED20203	analysis_not_ended	19
/work/work/shared/s-neomics/data/analyse/PED20203	PED20203	no_archive_log	19
/work/work/shared/s-neomics/data/analyse/PED20204	dijnbs286	dispatch_ok	280
/work/work/shared/s-neomics/data/analyse/PED20204	PED20204	analysis_not_ended	26
/work/work/shared/s-neomics/data/analyse/PED20204	PED20204	no_archive_log	26
/work/work/shared/s-neomics/data/analyse/PED20196	PED20196	analysis_ok	278
/work/work/shared/s-neomics/data/analyse/PED20196	PED20196	archive_in_progress	1
/work/work/shared/s-neomics/data/analyse/PED20197	PED20197	analysis_ok	278
/work/work/shared/s-neomics/data/analyse/PED20197	PED20197	archive_in_progress	1
/work/work/shared/s-neomics/data/analyse/PED20196	PED20196	archive_success	277
/work/work/shared/s-neomics/data/analyse/PED20196	dijnbs278	archive_success	277
/work/work/shared/s-neomics/data/analyse/PED20197	PED20197	archive_success	277
/work/work/shared/s-neomics/data/analyse/PED20197	dijnbs279	archive_success	277
/work/work/shared/s-neomics/data/analyse/PED20198	PED20198	analysis_ok	274
/work/work/shared/s-neomics/data/analyse/PED20198	PED20198	archive_in_progress	2
/work/work/shared/s-neomics/data/analyse/PED20200	PED20200	analysis_ok	274
/work/work/shared/s-neomics/data/analyse/PED20200	PED20200	archive_in_progress	1
/work/work/shared/s-neomics/data/analyse/PED20200	PED20200	archive_success	273
/work/work/shared/s-neomics/data/analyse/PED20200	dijnbs282	archive_success	273
/work/work/shared/s-neomics/data/analyse/PED20205	dijnbs287	dispatch_ok	273
/work/work/shared/s-neomics/data/analyse/PED20205	PED20205	analysis_not_ended	19
/work/work/shared/s-neomics/data/analyse/PED20205	PED20205	no_archive_log	19
/work/work/shared/s-neomics/data/analyse/PED20206	dijnbs288	dispatch_ok	273
/work/work/shared/s-neomics/data/analyse/PED20206	PED20206	analysis_not_ended	17
/work/work/shared/s-neomics/data/analyse/PED20206	PED20206	no_archive_log	17
/work/work/shared/s-neomics/data/analyse/PED20198	PED20198	archive_success	272
/work/work/shared/s-neomics/data/analyse/PED20198	dijnbs280	archive_success	272
/work/work/shared/s-neomics/data/analyse/PED20207	dijnbs289	dispatch_ok	272
/work/work/shared/s-neomics/data/analyse/PED20207	PED20207	analysis_not_ended	17
/work/work/shared/s-neomics/data/analyse/PED20207	PED20207	no_archive_log	17
/work/work/shared/s-neomics/data/analyse/PED20199	PED20199	analysis_ok	271
/work/work/shared/s-neomics/data/analyse/PED20199	PED20199	archive_in_progress	2
/work/work/shared/s-neomics/data/analyse/PED20199	PED20199	archive_success	269
/work/work/shared/s-neomics/data/analyse/PED20199	dijnbs281	archive_success	269
/work/work/shared/s-neomics/data/analyse/PED20201	PED20201	analysis_ok	268
/work/work/shared/s-neomics/data/analyse/PED20201	PED20201	archive_in_progress	1
/work/work/shared/s-neomics/data/analyse/PED20201	PED20201	archive_success	267
/work/work/shared/s-neomics/data/analyse/PED20201	dijnbs283	archive_success	267
/work/work/shared/s-neomics/data/analyse/PED20202	PED20202	analysis_ok	266
/work/work/shared/s-neomics/data/analyse/PED20202	PED20202	archive_in_progress	1
/work/work/shared/s-neomics/data/analyse/PED20202	PED20202	archive_success	265
/work/work/shared/s-neomics/data/analyse/PED20202	dijnbs284	archive_success	265
/work/work/shared/s-neomics/data/analyse/PED20208	dijnbs290	dispatch_ok	265
/work/work/shared/s-neomics/data/analyse/PED20208	PED20208	analysis_not_ended	18
/work/work/shared/s-neomics/data/analyse/PED20208	PED20208	no_archive_log	18
/work/work/shared/s-neomics/data/analyse/PED20209	dijnbs291	dispatch_ok	265
/work/work/shared/s-neomics/data/analyse/PED20209	PED20209	analysis_not_ended	12
/work/work/shared/s-neomics/data/analyse/PED20209	PED20209	no_archive_log	16
/work/work/shared/s-neomics/data/analyse/PED20210	dijnbs292	dispatch_ok	265
/work/work/shared/s-neomics/data/analyse/PED20210	PED20210	analysis_not_ended	17
/work/work/shared/s-neomics/data/analyse/PED20210	PED20210	no_archive_log	17
/work/work/shared/s-neomics/data/analyse/PED20203	PED20203	analysis_ok	261
/work/work/shared/s-neomics/data/analyse/PED20203	PED20203	archive_in_progress	1
/work/work/shared/s-neomics/data/analyse/PED20203	PED20203	archive_success	260
/work/work/shared/s-neomics/data/analyse/PED20203	dijnbs285	archive_success	260
/work/work/shared/s-neomics/data/analyse/PED20211	dijnbs293	dispatch_ok	260
/work/work/shared/s-neomics/data/analyse/PED20211	PED20211	analysis_not_ended	20
/work/work/shared/s-neomics/data/analyse/PED20211	PED20211	no_archive_log	20
/work/work/shared/s-neomics/data/analyse/PED20212	dijnbs294	dispatch_ok	260
/work/work/shared/s-neomics/data/analyse/PED20212	PED20212	analysis_not_ended	20
/work/work/shared/s-neomics/data/analyse/PED20212	PED20212	no_archive_log	20
/work/work/shared/s-neomics/data/analyse/PED20213	dijnbs295	dispatch_ok	260
/work/work/shared/s-neomics/data/analyse/PED20213	PED20213	analysis_not_ended	19
/work/work/shared/s-neomics/data/analyse/PED20213	PED20213	no_archive_log	19
/work/work/shared/s-neomics/data/analyse/PED20206	PED20206	analysis_ok	256
/work/work/shared/s-neomics/data/analyse/PED20206	PED20206	archive_in_progress	2
/work/work/shared/s-neomics/data/analyse/PED20207	PED20207	analysis_ok	255
/work/work/shared/s-neomics/data/analyse/PED20207	PED20207	archive_in_progress	1
/work/work/shared/s-neomics/data/analyse/PED20215	dijnbs297	dispatch_ok	254
/work/work/shared/s-neomics/data/analyse/PED20215	PED20215	analysis_not_ended	19
/work/work/shared/s-neomics/data/analyse/PED20215	PED20215	no_archive_log	19
/work/work/shared/s-neomics/data/analyse/PED20216	dijnbs298	dispatch_ok	254
/work/work/shared/s-neomics/data/analyse/PED20216	PED20216	analysis_not_ended	18
/work/work/shared/s-neomics/data/analyse/PED20216	PED20216	no_archive_log	18
/work/work/shared/s-neomics/data/analyse/PED20204	PED20204	analysis_ok	254
/work/work/shared/s-neomics/data/analyse/PED20204	PED20204	archive_in_progress	2
/work/work/shared/s-neomics/data/analyse/PED20205	PED20205	analysis_ok	254
/work/work/shared/s-neomics/data/analyse/PED20205	PED20205	archive_in_progress	2
/work/work/shared/s-neomics/data/analyse/PED20206	PED20206	archive_success	254
/work/work/shared/s-neomics/data/analyse/PED20206	dijnbs288	archive_success	254
/work/work/shared/s-neomics/data/analyse/PED20207	PED20207	archive_success	254
/work/work/shared/s-neomics/data/analyse/PED20207	dijnbs289	archive_success	254
/work/work/shared/s-neomics/data/analyse/PED20214	dijnbs296	dispatch_ok	254
/work/work/shared/s-neomics/data/analyse/PED20214	PED20214	analysis_not_ended	17
/work/work/shared/s-neomics/data/analyse/PED20214	PED20214	no_archive_log	17
/work/work/shared/s-neomics/data/analyse/PED20209	PED20209	analysis_ok	253
/work/work/shared/s-neomics/data/analyse/PED20204	PED20204	archive_success	252
/work/work/shared/s-neomics/data/analyse/PED20204	dijnbs286	archive_success	252
/work/work/shared/s-neomics/data/analyse/PED20205	PED20205	archive_success	252
/work/work/shared/s-neomics/data/analyse/PED20205	dijnbs287	archive_success	252
/work/work/shared/s-neomics/data/analyse/PED20209	PED20209	archive_in_progress	1
/work/work/shared/s-neomics/data/analyse/PED20209	PED20209	archive_success	248
/work/work/shared/s-neomics/data/analyse/PED20209	dijnbs291	archive_success	248
/work/work/shared/s-neomics/data/analyse/PED20210	PED20210	analysis_ok	248
/work/work/shared/s-neomics/data/analyse/PED20210	PED20210	archive_in_progress	2
/work/work/shared/s-neomics/data/analyse/PED20217	dijnbs299	dispatch_ok	247
/work/work/shared/s-neomics/data/analyse/PED20217	PED20217	analysis_not_ended	16
/work/work/shared/s-neomics/data/analyse/PED20217	PED20217	no_archive_log	16
/work/work/shared/s-neomics/data/analyse/PED20218	dijnbs300	dispatch_ok	247
/work/work/shared/s-neomics/data/analyse/PED20218	PED20218	analysis_not_ended	17
/work/work/shared/s-neomics/data/analyse/PED20218	PED20218	no_archive_log	17
/work/work/shared/s-neomics/data/analyse/PED20219	dijnbs301	dispatch_ok	247
/work/work/shared/s-neomics/data/analyse/PED20219	PED20219	analysis_not_ended	19
/work/work/shared/s-neomics/data/analyse/PED20219	PED20219	no_archive_log	19
/work/work/shared/s-neomics/data/analyse/PED20208	PED20208	analysis_ok	247
/work/work/shared/s-neomics/data/analyse/PED20208	PED20208	archive_in_progress	1
/work/work/shared/s-neomics/data/analyse/PED20208	PED20208	archive_success	246
/work/work/shared/s-neomics/data/analyse/PED20208	dijnbs290	archive_success	246
/work/work/shared/s-neomics/data/analyse/PED20210	PED20210	archive_success	246
/work/work/shared/s-neomics/data/analyse/PED20210	dijnbs292	archive_success	246
/work/work/shared/s-neomics/data/analyse/PED20213	PED20213	analysis_ok	241
/work/work/shared/s-neomics/data/analyse/PED20213	PED20213	archive_in_progress	1
/work/work/shared/s-neomics/data/analyse/PED20220	dijnbs302	dispatch_ok	240
/work/work/shared/s-neomics/data/analyse/PED20220	PED20220	analysis_not_ended	16
/work/work/shared/s-neomics/data/analyse/PED20220	PED20220	no_archive_log	16
/work/work/shared/s-neomics/data/analyse/PED20211	PED20211	analysis_ok	240
/work/work/shared/s-neomics/data/analyse/PED20211	PED20211	archive_in_progress	2
/work/work/shared/s-neomics/data/analyse/PED20212	PED20212	analysis_ok	240
/work/work/shared/s-neomics/data/analyse/PED20212	PED20212	archive_in_progress	2
/work/work/shared/s-neomics/data/analyse/PED20213	PED20213	archive_success	240
/work/work/shared/s-neomics/data/analyse/PED20213	dijnbs295	archive_success	240
/work/work/shared/s-neomics/data/analyse/PED20211	PED20211	archive_success	238
/work/work/shared/s-neomics/data/analyse/PED20211	dijnbs293	archive_success	238
/work/work/shared/s-neomics/data/analyse/PED20212	PED20212	archive_success	238
/work/work/shared/s-neomics/data/analyse/PED20212	dijnbs294	archive_success	238
/work/work/shared/s-neomics/data/analyse/PED20214	PED20214	analysis_ok	237
/work/work/shared/s-neomics/data/analyse/PED20214	PED20214	archive_in_progress	1
/work/work/shared/s-neomics/data/analyse/PED20216	PED20216	analysis_ok	236
/work/work/shared/s-neomics/data/analyse/PED20216	PED20216	archive_in_progress	1
/work/work/shared/s-neomics/data/analyse/PED20214	PED20214	archive_success	236
/work/work/shared/s-neomics/data/analyse/PED20214	dijnbs296	archive_success	236
/work/work/shared/s-neomics/data/analyse/PED20215	PED20215	analysis_ok	235
/work/work/shared/s-neomics/data/analyse/PED20215	PED20215	archive_in_progress	2
/work/work/shared/s-neomics/data/analyse/PED20216	PED20216	archive_success	235
/work/work/shared/s-neomics/data/analyse/PED20216	dijnbs298	archive_success	235
/work/work/shared/s-neomics/data/analyse/PED20215	PED20215	archive_success	233
/work/work/shared/s-neomics/data/analyse/PED20215	dijnbs297	archive_success	233
/work/work/shared/s-neomics/data/analyse/PED20217	PED20217	analysis_ok	231
/work/work/shared/s-neomics/data/analyse/PED20217	PED20217	archive_in_progress	2
/work/work/shared/s-neomics/data/analyse/PED20218	PED20218	analysis_ok	230
/work/work/shared/s-neomics/data/analyse/PED20218	PED20218	archive_in_progress	2
/work/work/shared/s-neomics/data/analyse/PED20217	PED20217	archive_success	229
/work/work/shared/s-neomics/data/analyse/PED20217	dijnbs299	archive_success	229
/work/work/shared/s-neomics/data/analyse/PED20218	PED20218	archive_success	228
/work/work/shared/s-neomics/data/analyse/PED20218	dijnbs300	archive_success	228
/work/work/shared/s-neomics/data/analyse/PED20219	PED20219	analysis_ok	228
/work/work/shared/s-neomics/data/analyse/PED20219	PED20219	archive_in_progress	1
/work/work/shared/s-neomics/data/analyse/PED20219	PED20219	archive_success	227
/work/work/shared/s-neomics/data/analyse/PED20219	dijnbs301	archive_success	227
/work/work/shared/s-neomics/data/analyse/PED20220	PED20220	analysis_ok	224
/work/work/shared/s-neomics/data/analyse/PED20220	PED20220	archive_in_progress	1
/work/work/shared/s-neomics/data/analyse/PED20220	PED20220	archive_success	223
/work/work/shared/s-neomics/data/analyse/PED20220	dijnbs302	archive_success	223
/work/work/shared/s-neomics/data/analyse/PED20223	dijnbs305	dispatch_ok	157
/work/work/shared/s-neomics/data/analyse/PED20223	PED20223	analysis_not_ended	17
/work/work/shared/s-neomics/data/analyse/PED20223	PED20223	no_archive_log	17
/work/work/shared/s-neomics/data/analyse/PED20222	dijnbs304	dispatch_ok	157
/work/work/shared/s-neomics/data/analyse/PED20222	PED20222	analysis_not_ended	15
/work/work/shared/s-neomics/data/analyse/PED20222	PED20222	no_archive_log	15
/work/work/shared/s-neomics/data/analyse/PED20226	dijnbs308	dispatch_ok	157
/work/work/shared/s-neomics/data/analyse/PED20226	PED20226	analysis_not_ended	21
/work/work/shared/s-neomics/data/analyse/PED20226	PED20226	no_archive_log	21
/work/work/shared/s-neomics/data/analyse/PED20221	dijnbs303	dispatch_ok	151
/work/work/shared/s-neomics/data/analyse/PED20221	PED20221	analysis_not_ended	27
/work/work/shared/s-neomics/data/analyse/PED20221	PED20221	no_archive_log	27
/work/work/shared/s-neomics/data/analyse/PED20225	dijnbs307	dispatch_ok	151
/work/work/shared/s-neomics/data/analyse/PED20225	PED20225	analysis_not_ended	22
/work/work/shared/s-neomics/data/analyse/PED20225	PED20225	no_archive_log	22
/work/work/shared/s-neomics/data/analyse/PED20224	dijnbs306	dispatch_ok	151
/work/work/shared/s-neomics/data/analyse/PED20224	PED20224	analysis_not_ended	21
/work/work/shared/s-neomics/data/analyse/PED20224	PED20224	no_archive_log	21
/work/work/shared/s-neomics/data/analyse/PED20228	dijnbs310	dispatch_ok	148
/work/work/shared/s-neomics/data/analyse/PED20228	PED20228	analysis_not_ended	33
/work/work/shared/s-neomics/data/analyse/PED20228	PED20228	no_archive_log	33
/work/work/shared/s-neomics/data/analyse/PED20227	dijnbs309	dispatch_ok	148
/work/work/shared/s-neomics/data/analyse/PED20227	PED20227	analysis_not_ended	35
/work/work/shared/s-neomics/data/analyse/PED20227	PED20227	no_archive_log	35
/work/work/shared/s-neomics/data/analyse/PED20229	dijnbs311	dispatch_ok	148
/work/work/shared/s-neomics/data/analyse/PED20229	PED20229	analysis_not_ended	29
/work/work/shared/s-neomics/data/analyse/PED20229	PED20229	no_archive_log	29
/work/work/shared/s-neomics/data/analyse/PED20230	dijnbs312	dispatch_ok	144
/work/work/shared/s-neomics/data/analyse/PED20230	PED20230	analysis_not_ended	36
/work/work/shared/s-neomics/data/analyse/PED20230	PED20230	no_archive_log	36
/work/work/shared/s-neomics/data/analyse/PED20232	dijnbs314	dispatch_ok	144
/work/work/shared/s-neomics/data/analyse/PED20232	PED20232	analysis_not_ended	36
/work/work/shared/s-neomics/data/analyse/PED20232	PED20232	no_archive_log	36
/work/work/shared/s-neomics/data/analyse/PED20231	dijnbs313	dispatch_ok	144
/work/work/shared/s-neomics/data/analyse/PED20231	PED20231	analysis_not_ended	34
/work/work/shared/s-neomics/data/analyse/PED20231	PED20231	no_archive_log	34
/work/work/shared/s-neomics/data/analyse/PED20222	PED20222	analysis_ok	142
/work/work/shared/s-neomics/data/analyse/PED20222	PED20222	archive_in_progress	1
/work/work/shared/s-neomics/data/analyse/PED20234	dijnbs316	dispatch_ok	141
/work/work/shared/s-neomics/data/analyse/PED20234	PED20234	analysis_not_ended	34
/work/work/shared/s-neomics/data/analyse/PED20234	PED20234	no_archive_log	35
/work/work/shared/s-neomics/data/analyse/PED20222	PED20222	archive_success	141
/work/work/shared/s-neomics/data/analyse/PED20222	dijnbs304	archive_success	141
/work/work/shared/s-neomics/data/analyse/PED20233	dijnbs315	dispatch_ok	141
/work/work/shared/s-neomics/data/analyse/PED20233	PED20233	analysis_not_ended	33
/work/work/shared/s-neomics/data/analyse/PED20233	PED20233	no_archive_log	33
/work/work/shared/s-neomics/data/analyse/PED20235	dijnbs317	dispatch_ok	141
/work/work/shared/s-neomics/data/analyse/PED20235	PED20235	analysis_not_ended	33
/work/work/shared/s-neomics/data/analyse/PED20235	PED20235	no_archive_log	33
/work/work/shared/s-neomics/data/analyse/PED20223	PED20223	analysis_ok	140
/work/work/shared/s-neomics/data/analyse/PED20223	PED20223	archive_in_progress	1
/work/work/shared/s-neomics/data/analyse/PED20223	PED20223	archive_success	139
/work/work/shared/s-neomics/data/analyse/PED20223	dijnbs305	archive_success	139
/work/work/shared/s-neomics/data/analyse/PED20236	dijnbs318	dispatch_ok	138
/work/work/shared/s-neomics/data/analyse/PED20236	PED20236	analysis_not_ended	31
/work/work/shared/s-neomics/data/analyse/PED20236	PED20236	no_archive_log	32
/work/work/shared/s-neomics/data/analyse/PED20237	dijnbs319	dispatch_ok	138
/work/work/shared/s-neomics/data/analyse/PED20237	PED20237	analysis_not_ended	31
/work/work/shared/s-neomics/data/analyse/PED20237	PED20237	no_archive_log	32
/work/work/shared/s-neomics/data/analyse/PED20238	dijnbs320	dispatch_ok	137
/work/work/shared/s-neomics/data/analyse/PED20238	PED20238	analysis_not_ended	30
/work/work/shared/s-neomics/data/analyse/PED20238	PED20238	no_archive_log	31
/work/work/shared/s-neomics/data/analyse/PED20226	PED20226	analysis_ok	136
/work/work/shared/s-neomics/data/analyse/PED20226	PED20226	archive_in_progress	1
/work/work/shared/s-neomics/data/analyse/PED20240	dijnbs322	dispatch_ok	135
/work/work/shared/s-neomics/data/analyse/PED20240	PED20240	analysis_not_ended	28
/work/work/shared/s-neomics/data/analyse/PED20240	PED20240	no_archive_log	30
/work/work/shared/s-neomics/data/analyse/PED20226	PED20226	archive_success	135
/work/work/shared/s-neomics/data/analyse/PED20226	dijnbs308	archive_success	135
/work/work/shared/s-neomics/data/analyse/PED20239	dijnbs321	dispatch_ok	135
/work/work/shared/s-neomics/data/analyse/PED20239	PED20239	analysis_not_ended	28
/work/work/shared/s-neomics/data/analyse/PED20239	PED20239	no_archive_log	31
/work/work/shared/s-neomics/data/analyse/PED20241	dijnbs323	dispatch_ok	133
/work/work/shared/s-neomics/data/analyse/PED20241	PED20241	analysis_not_ended	27
/work/work/shared/s-neomics/data/analyse/PED20241	PED20241	no_archive_log	29
/work/work/shared/s-neomics/data/analyse/PED20242	dijnbs324	dispatch_ok	132
/work/work/shared/s-neomics/data/analyse/PED20242	PED20242	analysis_not_ended	30
/work/work/shared/s-neomics/data/analyse/PED20242	PED20242	no_archive_log	30
/work/work/shared/s-neomics/data/analyse/PED20243	dijnbs325	dispatch_ok	132
/work/work/shared/s-neomics/data/analyse/PED20243	PED20243	analysis_not_ended	31
/work/work/shared/s-neomics/data/analyse/PED20243	PED20243	no_archive_log	31
/work/work/shared/s-neomics/data/analyse/PED20244	dijnbs326	dispatch_ok	130
/work/work/shared/s-neomics/data/analyse/PED20244	PED20244	analysis_not_ended	31
/work/work/shared/s-neomics/data/analyse/PED20244	PED20244	no_archive_log	31
/work/work/shared/s-neomics/data/analyse/PED20224	PED20224	analysis_ok	130
/work/work/shared/s-neomics/data/analyse/PED20224	PED20224	archive_in_progress	2
/work/work/shared/s-neomics/data/analyse/PED20225	PED20225	analysis_ok	129
/work/work/shared/s-neomics/data/analyse/PED20225	PED20225	archive_in_progress	2
/work/work/shared/s-neomics/data/analyse/PED20224	PED20224	archive_success	128
/work/work/shared/s-neomics/data/analyse/PED20224	dijnbs306	archive_success	128
/work/work/shared/s-neomics/data/analyse/PED13966	dijen2235,dijen2236	dispatch_ok	125
/work/work/shared/s-neomics/data/analyse/PED13966	PED13966	analysis_not_ended	125
/work/work/shared/s-neomics/data/analyse/PED13966	PED13966	no_archive_log	127
/work/work/shared/s-neomics/data/analyse/PED20225	PED20225	archive_success	127
/work/work/shared/s-neomics/data/analyse/PED20225	dijnbs307	archive_success	127
/work/work/shared/s-neomics/data/analyse/PED20221	PED20221	analysis_ok	124
/work/work/shared/s-neomics/data/analyse/PED20221	PED20221	archive_in_progress	1
/work/work/shared/s-neomics/data/analyse/PED20221	PED20221	archive_success	123
/work/work/shared/s-neomics/data/analyse/PED20221	dijnbs303	archive_success	123
/work/work/shared/s-neomics/data/analyse/PED20229	PED20229	analysis_ok	119
/work/work/shared/s-neomics/data/analyse/PED20229	PED20229	archive_in_progress	2
/work/work/shared/s-neomics/data/analyse/PED20229	PED20229	archive_success	117
/work/work/shared/s-neomics/data/analyse/PED20229	dijnbs311	archive_success	117
/work/work/shared/s-neomics/data/analyse/PED20228	PED20228	analysis_ok	115
/work/work/shared/s-neomics/data/analyse/PED20228	PED20228	archive_in_progress	1
/work/work/shared/s-neomics/data/analyse/PED20228	PED20228	archive_success	114
/work/work/shared/s-neomics/data/analyse/PED20228	dijnbs310	archive_success	114
/work/work/shared/s-neomics/data/analyse/PED20227	PED20227	analysis_ok	113
/work/work/shared/s-neomics/data/analyse/PED20227	PED20227	archive_in_progress	2
/work/work/shared/s-neomics/data/analyse/PED20227	PED20227	archive_success	111
/work/work/shared/s-neomics/data/analyse/PED20227	dijnbs309	archive_success	111
/work/work/shared/s-neomics/data/analyse/PED20231	PED20231	analysis_ok	110
/work/work/shared/s-neomics/data/analyse/PED20231	PED20231	archive_in_progress	1
/work/work/shared/s-neomics/data/analyse/PED20231	PED20231	archive_success	109
/work/work/shared/s-neomics/data/analyse/PED20231	dijnbs313	archive_success	109
/work/work/shared/s-neomics/data/analyse/PED20230	PED20230	analysis_ok	108
/work/work/shared/s-neomics/data/analyse/PED20230	PED20230	archive_in_progress	2
/work/work/shared/s-neomics/data/analyse/PED20232	PED20232	analysis_ok	108
/work/work/shared/s-neomics/data/analyse/PED20232	PED20232	archive_in_progress	2
/work/work/shared/s-neomics/data/analyse/PED20233	PED20233	analysis_ok	108
/work/work/shared/s-neomics/data/analyse/PED20233	PED20233	archive_in_progress	2
/work/work/shared/s-neomics/data/analyse/PED20235	PED20235	analysis_ok	108
/work/work/shared/s-neomics/data/analyse/PED20235	PED20235	archive_in_progress	2
/work/work/shared/s-neomics/data/analyse/PED20234	PED20234	analysis_ok	107
/work/work/shared/s-neomics/data/analyse/PED20236	PED20236	analysis_ok	107
/work/work/shared/s-neomics/data/analyse/PED20238	PED20238	analysis_ok	107
/work/work/shared/s-neomics/data/analyse/PED20240	PED20240	analysis_ok	107
/work/work/shared/s-neomics/data/analyse/PED20237	PED20237	analysis_ok	107
/work/work/shared/s-neomics/data/analyse/PED20239	PED20239	analysis_ok	107
/work/work/shared/s-neomics/data/analyse/PED20230	PED20230	archive_success	106
/work/work/shared/s-neomics/data/analyse/PED20230	dijnbs312	archive_success	106
/work/work/shared/s-neomics/data/analyse/PED20232	PED20232	archive_success	106
/work/work/shared/s-neomics/data/analyse/PED20232	dijnbs314	archive_success	106
/work/work/shared/s-neomics/data/analyse/PED20234	PED20234	archive_in_progress	2
/work/work/shared/s-neomics/data/analyse/PED20236	PED20236	archive_in_progress	1
/work/work/shared/s-neomics/data/analyse/PED20238	PED20238	archive_in_progress	2
/work/work/shared/s-neomics/data/analyse/PED20233	PED20233	archive_success	106
/work/work/shared/s-neomics/data/analyse/PED20233	dijnbs315	archive_success	106
/work/work/shared/s-neomics/data/analyse/PED20235	PED20235	archive_success	106
/work/work/shared/s-neomics/data/analyse/PED20235	dijnbs317	archive_success	106
/work/work/shared/s-neomics/data/analyse/PED20237	PED20237	archive_in_progress	2
/work/work/shared/s-neomics/data/analyse/PED20241	PED20241	analysis_ok	106
/work/work/shared/s-neomics/data/analyse/PED20236	PED20236	archive_success	105
/work/work/shared/s-neomics/data/analyse/PED20236	dijnbs318	archive_success	105
/work/work/shared/s-neomics/data/analyse/PED20240	PED20240	archive_in_progress	2
/work/work/shared/s-neomics/data/analyse/PED20234	PED20234	archive_success	104
/work/work/shared/s-neomics/data/analyse/PED20234	dijnbs316	archive_success	104
/work/work/shared/s-neomics/data/analyse/PED20238	PED20238	archive_success	104
/work/work/shared/s-neomics/data/analyse/PED20238	dijnbs320	archive_success	104
/work/work/shared/s-neomics/data/analyse/PED20237	PED20237	archive_success	104
/work/work/shared/s-neomics/data/analyse/PED20237	dijnbs319	archive_success	104
/work/work/shared/s-neomics/data/analyse/PED20239	PED20239	archive_in_progress	1
/work/work/shared/s-neomics/data/analyse/PED20241	PED20241	archive_in_progress	1
/work/work/shared/s-neomics/data/analyse/PED20240	PED20240	archive_success	103
/work/work/shared/s-neomics/data/analyse/PED20240	dijnbs322	archive_success	103
/work/work/shared/s-neomics/data/analyse/PED20239	PED20239	archive_success	103
/work/work/shared/s-neomics/data/analyse/PED20239	dijnbs321	archive_success	103
/work/work/shared/s-neomics/data/analyse/PED20241	PED20241	archive_success	103
/work/work/shared/s-neomics/data/analyse/PED20241	dijnbs323	archive_success	103
/work/work/shared/s-neomics/data/analyse/PED20242	PED20242	analysis_ok	102
/work/work/shared/s-neomics/data/analyse/PED20242	PED20242	archive_in_progress	1
/work/work/shared/s-neomics/data/analyse/PED20242	PED20242	archive_success	101
/work/work/shared/s-neomics/data/analyse/PED20242	dijnbs324	archive_success	101
/work/work/shared/s-neomics/data/analyse/PED20243	PED20243	analysis_ok	101
/work/work/shared/s-neomics/data/analyse/PED20243	PED20243	archive_in_progress	1
/work/work/shared/s-neomics/data/analyse/PED20243	PED20243	archive_success	100
/work/work/shared/s-neomics/data/analyse/PED20243	dijnbs325	archive_success	100
/work/work/shared/s-neomics/data/analyse/PED20244	PED20244	analysis_ok	99
/work/work/shared/s-neomics/data/analyse/PED20244	PED20244	archive_in_progress	1
/work/work/shared/s-neomics/data/analyse/PED20244	PED20244	archive_success	98
/work/work/shared/s-neomics/data/analyse/PED20244	dijnbs326	archive_success	98
/work/work/shared/s-neomics/data/analyse/PED20265	dijnbs347	dispatch_ok	62
/work/work/shared/s-neomics/data/analyse/PED20265	PED20265	analysis_not_ended	18
/work/work/shared/s-neomics/data/analyse/PED20265	PED20265	no_archive_log	18
/work/work/shared/s-neomics/data/analyse/PED20266	dijnbs348	dispatch_ok	62
/work/work/shared/s-neomics/data/analyse/PED20266	PED20266	analysis_not_ended	10
/work/work/shared/s-neomics/data/analyse/PED20266	PED20266	no_archive_log	10
/work/work/shared/s-neomics/data/analyse/PED20246	dijnbs327	dispatch_ok	61
/work/work/shared/s-neomics/data/analyse/PED20246	PED20246	analysis_not_ended	20
/work/work/shared/s-neomics/data/analyse/PED20246	PED20246	no_archive_log	20
/work/work/shared/s-neomics/data/analyse/PED20245	dijnbs328	dispatch_ok	56
/work/work/shared/s-neomics/data/analyse/PED20245	PED20245	analysis_not_ended	27
/work/work/shared/s-neomics/data/analyse/PED20245	PED20245	no_archive_log	27
/work/work/shared/s-neomics/data/analyse/PED20247	dijnbs329	dispatch_ok	56
/work/work/shared/s-neomics/data/analyse/PED20247	PED20247	analysis_not_ended	22
/work/work/shared/s-neomics/data/analyse/PED20247	PED20247	no_archive_log	22
/work/work/shared/s-neomics/data/analyse/PED20248	dijnbs330	dispatch_ok	56
/work/work/shared/s-neomics/data/analyse/PED20248	PED20248	analysis_not_ended	23
/work/work/shared/s-neomics/data/analyse/PED20248	PED20248	no_archive_log	23
/work/work/shared/s-neomics/data/analyse/PED20266	PED20266	analysis_ok	52
/work/work/shared/s-neomics/data/analyse/PED20266	PED20266	archive_in_progress	1
/work/work/shared/s-neomics/data/analyse/PED20249	dijnbs331	dispatch_ok	52
/work/work/shared/s-neomics/data/analyse/PED20249	PED20249	analysis_not_ended	25
/work/work/shared/s-neomics/data/analyse/PED20249	PED20249	no_archive_log	25
/work/work/shared/s-neomics/data/analyse/PED20250	dijnbs332	dispatch_ok	52
/work/work/shared/s-neomics/data/analyse/PED20250	PED20250	analysis_not_ended	27
/work/work/shared/s-neomics/data/analyse/PED20250	PED20250	no_archive_log	27
/work/work/shared/s-neomics/data/analyse/PED20251	dijnbs333	dispatch_ok	52
/work/work/shared/s-neomics/data/analyse/PED20251	PED20251	analysis_not_ended	35
/work/work/shared/s-neomics/data/analyse/PED20251	PED20251	no_archive_log	35
/work/work/shared/s-neomics/data/analyse/PED20266	PED20266	archive_success	51
/work/work/shared/s-neomics/data/analyse/PED20266	dijnbs348	archive_success	51
/work/work/shared/s-neomics/data/analyse/PED20252	dijnbs334	dispatch_ok	49
/work/work/shared/s-neomics/data/analyse/PED20252	PED20252	analysis_not_ended	36
/work/work/shared/s-neomics/data/analyse/PED20252	PED20252	no_archive_log	36
/work/work/shared/s-neomics/data/analyse/PED20253	dijnbs335	dispatch_ok	48
/work/work/shared/s-neomics/data/analyse/PED20253	PED20253	analysis_not_ended	35
/work/work/shared/s-neomics/data/analyse/PED20253	PED20253	no_archive_log	35
/work/work/shared/s-neomics/data/analyse/PED20254	dijnbs336	dispatch_ok	48
/work/work/shared/s-neomics/data/analyse/PED20254	PED20254	analysis_not_ended	35
/work/work/shared/s-neomics/data/analyse/PED20254	PED20254	no_archive_log	35
/work/work/shared/s-neomics/data/analyse/PED20255	dijnbs337	dispatch_ok	45
/work/work/shared/s-neomics/data/analyse/PED20255	PED20255	analysis_not_ended	33
/work/work/shared/s-neomics/data/analyse/PED20255	PED20255	no_archive_log	33
/work/work/shared/s-neomics/data/analyse/PED20265	PED20265	analysis_ok	44
/work/work/shared/s-neomics/data/analyse/PED20265	PED20265	archive_in_progress	1
/work/work/shared/s-neomics/data/analyse/PED20256	dijnbs338	dispatch_ok	44
/work/work/shared/s-neomics/data/analyse/PED20256	PED20256	analysis_not_ended	32
/work/work/shared/s-neomics/data/analyse/PED20256	PED20256	no_archive_log	33
/work/work/shared/s-neomics/data/analyse/PED20257	dijnbs339	dispatch_ok	44
/work/work/shared/s-neomics/data/analyse/PED20257	PED20257	analysis_not_ended	33
/work/work/shared/s-neomics/data/analyse/PED20257	PED20257	no_archive_log	33
/work/work/shared/s-neomics/data/analyse/PED20265	PED20265	archive_success	43
/work/work/shared/s-neomics/data/analyse/PED20265	dijnbs347	archive_success	43
/work/work/shared/s-neomics/data/analyse/PED20246	PED20246	analysis_ok	41
/work/work/shared/s-neomics/data/analyse/PED20246	PED20246	archive_in_progress	2
/work/work/shared/s-neomics/data/analyse/PED20258	dijnbs340	dispatch_ok	41
/work/work/shared/s-neomics/data/analyse/PED20258	PED20258	analysis_not_ended	29
/work/work/shared/s-neomics/data/analyse/PED20258	PED20258	no_archive_log	29
/work/work/shared/s-neomics/data/analyse/PED20259	dijnbs341	dispatch_ok	41
/work/work/shared/s-neomics/data/analyse/PED20259	PED20259	analysis_not_ended	38
/work/work/shared/s-neomics/data/analyse/PED20259	PED20259	no_archive_log	38
/work/work/shared/s-neomics/data/analyse/PED20246	PED20246	archive_success	39
/work/work/shared/s-neomics/data/analyse/PED20246	dijnbs327	archive_success	39
/work/work/shared/s-neomics/data/analyse/PED20260	dijnbs342	dispatch_ok	39
/work/work/shared/s-neomics/data/analyse/PED20260	PED20260	analysis_not_ended	28
/work/work/shared/s-neomics/data/analyse/PED20260	PED20260	no_archive_log	29
/work/work/shared/s-neomics/data/analyse/PED20261	dijnbs343	dispatch_ok	39
/work/work/shared/s-neomics/data/analyse/PED20261	PED20261	analysis_not_ended	28
/work/work/shared/s-neomics/data/analyse/PED20261	PED20261	no_archive_log	28
/work/work/shared/s-neomics/data/analyse/PED20262	dijnbs344	dispatch_ok	37
/work/work/shared/s-neomics/data/analyse/PED20262	PED20262	analysis_not_ended	26
/work/work/shared/s-neomics/data/analyse/PED20262	PED20262	no_archive_log	28
/work/work/shared/s-neomics/data/analyse/PED20263	dijnbs345	dispatch_ok	36
/work/work/shared/s-neomics/data/analyse/PED20263	PED20263	analysis_not_ended	31
/work/work/shared/s-neomics/data/analyse/PED20263	PED20263	no_archive_log	31
/work/work/shared/s-neomics/data/analyse/PED20264	dijnbs346	dispatch_ok	36
/work/work/shared/s-neomics/data/analyse/PED20264	PED20264	analysis_not_ended	26
/work/work/shared/s-neomics/data/analyse/PED20264	PED20264	no_archive_log	27
/work/work/shared/s-neomics/data/analyse/PED20247	PED20247	analysis_ok	34
/work/work/shared/s-neomics/data/analyse/PED20247	PED20247	archive_in_progress	2
/work/work/shared/s-neomics/data/analyse/PED20248	PED20248	analysis_ok	33
/work/work/shared/s-neomics/data/analyse/PED20248	PED20248	archive_in_progress	2
/work/work/shared/s-neomics/data/analyse/PED20267	dijnbs349	dispatch_ok	33
/work/work/shared/s-neomics/data/analyse/PED20267	PED20267	analysis_not_ended	24
/work/work/shared/s-neomics/data/analyse/PED20267	PED20267	no_archive_log	26
/work/work/shared/s-neomics/data/analyse/PED20247	PED20247	archive_success	32
/work/work/shared/s-neomics/data/analyse/PED20247	dijnbs329	archive_success	32
/work/work/shared/s-neomics/data/analyse/PED20268	dijnbs350	dispatch_ok	32
/work/work/shared/s-neomics/data/analyse/PED20268	PED20268	analysis_not_ended	23
/work/work/shared/s-neomics/data/analyse/PED20268	PED20268	no_archive_log	24
/work/work/shared/s-neomics/data/analyse/PED20248	PED20248	archive_success	31
/work/work/shared/s-neomics/data/analyse/PED20248	dijnbs330	archive_success	31
/work/work/shared/s-neomics/data/analyse/PED14058	dijex10282,dijex10283,dijex10284	dispatch_ok	27
/work/work/shared/s-neomics/data/analyse/PED14058	PED14058	analysis_not_ended	27
/work/work/shared/s-neomics/data/analyse/PED14058	PED14058	no_archive_log	27
/work/work/shared/s-neomics/data/analyse/PED20245	PED20245	analysis_ok	29
/work/work/shared/s-neomics/data/analyse/PED20245	PED20245	archive_in_progress	2
/work/work/shared/s-neomics/data/analyse/PED14046	dijen2237,dijen2238	dispatch_ok	26
/work/work/shared/s-neomics/data/analyse/PED14046	PED14046	analysis_not_ended	26
/work/work/shared/s-neomics/data/analyse/PED14046	PED14046	no_archive_log	26
/work/work/shared/s-neomics/data/analyse/PED12483	dijex10285,dijex10286,dijex10287	dispatch_ok	26
/work/work/shared/s-neomics/data/analyse/PED12483	PED12483	analysis_not_ended	26
/work/work/shared/s-neomics/data/analyse/PED12483	PED12483	no_archive_log	26
/work/work/shared/s-neomics/data/analyse/PED14004	dijex10288,dijex10289,dijex10290	dispatch_ok	26
/work/work/shared/s-neomics/data/analyse/PED14004	PED14004	analysis_not_ended	26
/work/work/shared/s-neomics/data/analyse/PED14004	PED14004	no_archive_log	26
/work/work/shared/s-neomics/data/analyse/PED14030	dijex10299,dijex10300,dijex10301	dispatch_ok	25
/work/work/shared/s-neomics/data/analyse/PED14030	PED14030	analysis_not_ended	25
/work/work/shared/s-neomics/data/analyse/PED14030	PED14030	no_archive_log	25
/work/work/shared/s-neomics/data/analyse/PED14018	dijex10292	dispatch_ok	25
/work/work/shared/s-neomics/data/analyse/PED14018	PED14018	analysis_not_ended	25
/work/work/shared/s-neomics/data/analyse/PED14018	PED14018	no_archive_log	25
/work/work/shared/s-neomics/data/analyse/PED14021	dijex10293	dispatch_ok	25
/work/work/shared/s-neomics/data/analyse/PED14021	PED14021	analysis_not_ended	25
/work/work/shared/s-neomics/data/analyse/PED14021	PED14021	no_archive_log	25
/work/work/shared/s-neomics/data/analyse/PED14022	dijex10294	dispatch_ok	25
/work/work/shared/s-neomics/data/analyse/PED14022	PED14022	analysis_not_ended	25
/work/work/shared/s-neomics/data/analyse/PED14022	PED14022	no_archive_log	25
/work/work/shared/s-neomics/data/analyse/PED14023	dijex10295	dispatch_ok	25
/work/work/shared/s-neomics/data/analyse/PED14023	PED14023	analysis_not_ended	25
/work/work/shared/s-neomics/data/analyse/PED14023	PED14023	no_archive_log	25
/work/work/shared/s-neomics/data/analyse/PED14024	dijex10296	dispatch_ok	25
/work/work/shared/s-neomics/data/analyse/PED14024	PED14024	analysis_not_ended	25
/work/work/shared/s-neomics/data/analyse/PED14024	PED14024	no_archive_log	25
/work/work/shared/s-neomics/data/analyse/PED14025	dijex10297	dispatch_ok	25
/work/work/shared/s-neomics/data/analyse/PED14025	PED14025	analysis_not_ended	25
/work/work/shared/s-neomics/data/analyse/PED14025	PED14025	no_archive_log	25
/work/work/shared/s-neomics/data/analyse/PED14028	dijex10298	dispatch_ok	25
/work/work/shared/s-neomics/data/analyse/PED14028	PED14028	analysis_not_ended	25
/work/work/shared/s-neomics/data/analyse/PED14028	PED14028	no_archive_log	25
/work/work/shared/s-neomics/data/analyse/PED14033	dijex10302	dispatch_ok	25
/work/work/shared/s-neomics/data/analyse/PED14033	PED14033	analysis_not_ended	25
/work/work/shared/s-neomics/data/analyse/PED14033	PED14033	no_archive_log	25
/work/work/shared/s-neomics/data/analyse/PED14035	dijex10303	dispatch_ok	25
/work/work/shared/s-neomics/data/analyse/PED14035	PED14035	analysis_not_ended	25
/work/work/shared/s-neomics/data/analyse/PED14035	PED14035	no_archive_log	25
/work/work/shared/s-neomics/data/analyse/PED20245	PED20245	archive_success	27
/work/work/shared/s-neomics/data/analyse/PED20245	dijnbs328	archive_success	27
/work/work/shared/s-neomics/data/analyse/PED20249	PED20249	analysis_ok	27
/work/work/shared/s-neomics/data/analyse/PED20249	PED20249	archive_in_progress	1
/work/work/shared/s-neomics/data/analyse/PED14036	dijex10304	dispatch_ok	24
/work/work/shared/s-neomics/data/analyse/PED14036	PED14036	analysis_not_ended	24
/work/work/shared/s-neomics/data/analyse/PED14036	PED14036	no_archive_log	24
/work/work/shared/s-neomics/data/analyse/PED14037	dijex10305	dispatch_ok	24
/work/work/shared/s-neomics/data/analyse/PED14037	PED14037	analysis_not_ended	24
/work/work/shared/s-neomics/data/analyse/PED14037	PED14037	no_archive_log	24
/work/work/shared/s-neomics/data/analyse/PED20249	PED20249	archive_success	26
/work/work/shared/s-neomics/data/analyse/PED20249	dijnbs331	archive_success	26
/work/work/shared/s-neomics/data/analyse/PED20250	PED20250	analysis_ok	25
/work/work/shared/s-neomics/data/analyse/PED20250	PED20250	archive_in_progress	2
/work/work/shared/s-neomics/data/analyse/PED20250	PED20250	archive_success	23
/work/work/shared/s-neomics/data/analyse/PED20250	dijnbs332	archive_success	23
/work/work/shared/s-neomics/data/analyse/PED20251	PED20251	analysis_ok	17
/work/work/shared/s-neomics/data/analyse/PED20251	PED20251	archive_in_progress	2
/work/work/shared/s-neomics/data/analyse/PED20251	PED20251	archive_success	15
/work/work/shared/s-neomics/data/analyse/PED20251	dijnbs333	archive_success	15
/work/work/shared/s-neomics/data/analyse/PED20252	PED20252	analysis_ok	13
/work/work/shared/s-neomics/data/analyse/PED20252	PED20252	archive_in_progress	2
/work/work/shared/s-neomics/data/analyse/PED20253	PED20253	analysis_ok	13
/work/work/shared/s-neomics/data/analyse/PED20253	PED20253	archive_in_progress	2
/work/work/shared/s-neomics/data/analyse/PED20254	PED20254	analysis_ok	13
/work/work/shared/s-neomics/data/analyse/PED20254	PED20254	archive_in_progress	1
/work/work/shared/s-neomics/data/analyse/PED20254	PED20254	archive_success	12
/work/work/shared/s-neomics/data/analyse/PED20254	dijnbs336	archive_success	12
/work/work/shared/s-neomics/data/analyse/PED20255	PED20255	analysis_ok	12
/work/work/shared/s-neomics/data/analyse/PED20255	PED20255	archive_in_progress	1
/work/work/shared/s-neomics/data/analyse/PED20256	PED20256	analysis_ok	12
/work/work/shared/s-neomics/data/analyse/PED20258	PED20258	analysis_ok	12
/work/work/shared/s-neomics/data/analyse/PED20258	PED20258	archive_in_progress	2
/work/work/shared/s-neomics/data/analyse/PED20252	PED20252	archive_success	11
/work/work/shared/s-neomics/data/analyse/PED20252	dijnbs334	archive_success	11
/work/work/shared/s-neomics/data/analyse/PED20253	PED20253	archive_success	11
/work/work/shared/s-neomics/data/analyse/PED20253	dijnbs335	archive_success	11
/work/work/shared/s-neomics/data/analyse/PED20255	PED20255	archive_success	11
/work/work/shared/s-neomics/data/analyse/PED20255	dijnbs337	archive_success	11
/work/work/shared/s-neomics/data/analyse/PED20256	PED20256	archive_in_progress	2
/work/work/shared/s-neomics/data/analyse/PED20257	PED20257	analysis_ok	11
/work/work/shared/s-neomics/data/analyse/PED20257	PED20257	archive_in_progress	4
/work/work/shared/s-neomics/data/analyse/PED20260	PED20260	analysis_ok	11
/work/work/shared/s-neomics/data/analyse/PED20261	PED20261	analysis_ok	11
/work/work/shared/s-neomics/data/analyse/PED20261	PED20261	archive_in_progress	2
/work/work/shared/s-neomics/data/analyse/PED20262	PED20262	analysis_ok	11
/work/work/shared/s-neomics/data/analyse/PED20258	PED20258	archive_success	10
/work/work/shared/s-neomics/data/analyse/PED20258	dijnbs340	archive_success	10
/work/work/shared/s-neomics/data/analyse/PED20260	PED20260	archive_in_progress	2
/work/work/shared/s-neomics/data/analyse/PED20264	PED20264	analysis_ok	10
/work/work/shared/s-neomics/data/analyse/PED20256	PED20256	archive_success	9
/work/work/shared/s-neomics/data/analyse/PED20256	dijnbs338	archive_success	9
/work/work/shared/s-neomics/data/analyse/PED20261	PED20261	archive_success	9
/work/work/shared/s-neomics/data/analyse/PED20261	dijnbs343	archive_success	9
/work/work/shared/s-neomics/data/analyse/PED20262	PED20262	archive_in_progress	2
/work/work/shared/s-neomics/data/analyse/PED20264	PED20264	archive_in_progress	2
/work/work/shared/s-neomics/data/analyse/PED20267	PED20267	analysis_ok	9
/work/work/shared/s-neomics/data/analyse/PED20268	PED20268	analysis_ok	9
/work/work/shared/s-neomics/data/analyse/PED20260	PED20260	archive_success	8
/work/work/shared/s-neomics/data/analyse/PED20260	dijnbs342	archive_success	8
/work/work/shared/s-neomics/data/analyse/PED20268	PED20268	archive_in_progress	1
/work/work/shared/s-neomics/data/analyse/PED20257	PED20257	archive_success	7
/work/work/shared/s-neomics/data/analyse/PED20257	dijnbs339	archive_success	7
/work/work/shared/s-neomics/data/analyse/PED20262	PED20262	archive_success	7
/work/work/shared/s-neomics/data/analyse/PED20262	dijnbs344	archive_success	7
/work/work/shared/s-neomics/data/analyse/PED20264	PED20264	archive_success	7
/work/work/shared/s-neomics/data/analyse/PED20264	dijnbs346	archive_success	7
/work/work/shared/s-neomics/data/analyse/PED20267	PED20267	archive_in_progress	1
/work/work/shared/s-neomics/data/analyse/PED20268	PED20268	archive_success	7
/work/work/shared/s-neomics/data/analyse/PED20268	dijnbs350	archive_success	7
/work/work/shared/s-neomics/data/analyse/PED20267	PED20267	archive_success	6
/work/work/shared/s-neomics/data/analyse/PED20267	dijnbs349	archive_success	6
/work/work/shared/s-neomics/data/analyse/PED20263	PED20263	analysis_ok	5
/work/work/shared/s-neomics/data/analyse/PED20263	PED20263	archive_in_progress	2
/work/work/shared/s-neomics/data/analyse/PED20259	PED20259	analysis_ok	3
/work/work/shared/s-neomics/data/analyse/PED20259	PED20259	archive_in_progress	2
/work/work/shared/s-neomics/data/analyse/PED20263	PED20263	archive_success	3
/work/work/shared/s-neomics/data/analyse/PED20263	dijnbs345	archive_success	3
/work/work/shared/s-neomics/data/analyse/PED20259	PED20259	archive_success	1
/work/work/shared/s-neomics/data/analyse/PED20259	dijnbs341	archive_success	1
/work/work/shared/s-neomics/data/analyse/PED20285	dijnbs367	dispatch_ok	281
/work/work/shared/s-neomics/data/analyse/PED20285	PED20285	analysis_not_ended	21
/work/work/shared/s-neomics/data/analyse/PED20285	PED20285	no_archive_log	21
/work/work/shared/s-neomics/data/analyse/PED20269	dijnbs351	dispatch_ok	281
/work/work/shared/s-neomics/data/analyse/PED20269	PED20269	analysis_not_ended	17
/work/work/shared/s-neomics/data/analyse/PED20269	PED20269	no_archive_log	17
/work/work/shared/s-neomics/data/analyse/PED20271	dijnbs353	dispatch_ok	281
/work/work/shared/s-neomics/data/analyse/PED20271	PED20271	analysis_not_ended	27
/work/work/shared/s-neomics/data/analyse/PED20271	PED20271	no_archive_log	27
/work/work/shared/s-neomics/data/analyse/PED20270	dijnbs352	dispatch_ok	276
/work/work/shared/s-neomics/data/analyse/PED20270	PED20270	analysis_not_ended	23
/work/work/shared/s-neomics/data/analyse/PED20270	PED20270	no_archive_log	23
/work/work/shared/s-neomics/data/analyse/PED20272	dijnbs354	dispatch_ok	275
/work/work/shared/s-neomics/data/analyse/PED20272	PED20272	analysis_not_ended	21
/work/work/shared/s-neomics/data/analyse/PED20272	PED20272	no_archive_log	21
/work/work/shared/s-neomics/data/analyse/PED20273	dijnbs355	dispatch_ok	275
/work/work/shared/s-neomics/data/analyse/PED20273	PED20273	analysis_not_ended	25
/work/work/shared/s-neomics/data/analyse/PED20273	PED20273	no_archive_log	25
/work/work/shared/s-neomics/data/analyse/PED20274	dijnbs356	dispatch_ok	273
/work/work/shared/s-neomics/data/analyse/PED20274	PED20274	analysis_not_ended	29
/work/work/shared/s-neomics/data/analyse/PED20274	PED20274	no_archive_log	29
/work/work/shared/s-neomics/data/analyse/PED20275	dijnbs357	dispatch_ok	272
/work/work/shared/s-neomics/data/analyse/PED20275	PED20275	analysis_not_ended	36
/work/work/shared/s-neomics/data/analyse/PED20275	PED20275	no_archive_log	36
/work/work/shared/s-neomics/data/analyse/PED20276	dijnbs358	dispatch_ok	272
/work/work/shared/s-neomics/data/analyse/PED20276	PED20276	analysis_not_ended	30
/work/work/shared/s-neomics/data/analyse/PED20276	PED20276	no_archive_log	30
/work/work/shared/s-neomics/data/analyse/PED20277	dijnbs359	dispatch_ok	269
/work/work/shared/s-neomics/data/analyse/PED20277	PED20277	analysis_not_ended	35
/work/work/shared/s-neomics/data/analyse/PED20277	PED20277	no_archive_log	35
/work/work/shared/s-neomics/data/analyse/PED20278	dijnbs360	dispatch_ok	269
/work/work/shared/s-neomics/data/analyse/PED20278	PED20278	analysis_not_ended	35
/work/work/shared/s-neomics/data/analyse/PED20278	PED20278	no_archive_log	35
/work/work/shared/s-neomics/data/analyse/PED20279	dijnbs361	dispatch_ok	268
/work/work/shared/s-neomics/data/analyse/PED20279	PED20279	analysis_not_ended	36
/work/work/shared/s-neomics/data/analyse/PED20279	PED20279	no_archive_log	36
/work/work/shared/s-neomics/data/analyse/PED20280	dijnbs362	dispatch_ok	265
/work/work/shared/s-neomics/data/analyse/PED20280	PED20280	analysis_not_ended	33
/work/work/shared/s-neomics/data/analyse/PED20280	PED20280	no_archive_log	33
/work/work/shared/s-neomics/data/analyse/PED20281	dijnbs363	dispatch_ok	265
/work/work/shared/s-neomics/data/analyse/PED20281	PED20281	analysis_not_ended	34
/work/work/shared/s-neomics/data/analyse/PED20281	PED20281	no_archive_log	34
/work/work/shared/s-neomics/data/analyse/PED20269	PED20269	analysis_ok	264
/work/work/shared/s-neomics/data/analyse/PED20269	PED20269	archive_in_progress	2
/work/work/shared/s-neomics/data/analyse/PED20282	dijnbs364	dispatch_ok	264
/work/work/shared/s-neomics/data/analyse/PED20282	PED20282	analysis_not_ended	34
/work/work/shared/s-neomics/data/analyse/PED20282	PED20282	no_archive_log	34
/work/work/shared/s-neomics/data/analyse/PED20269	PED20269	archive_success	262
/work/work/shared/s-neomics/data/analyse/PED20269	dijnbs351	archive_success	262
/work/work/shared/s-neomics/data/analyse/PED20283	dijnbs365	dispatch_ok	262
/work/work/shared/s-neomics/data/analyse/PED20283	PED20283	analysis_not_ended	31
/work/work/shared/s-neomics/data/analyse/PED20283	PED20283	no_archive_log	31
/work/work/shared/s-neomics/data/analyse/PED20284	dijnbs366	dispatch_ok	262
/work/work/shared/s-neomics/data/analyse/PED20284	PED20284	analysis_not_ended	32
/work/work/shared/s-neomics/data/analyse/PED20284	PED20284	no_archive_log	32
/work/work/shared/s-neomics/data/analyse/PED20285	PED20285	analysis_ok	260
/work/work/shared/s-neomics/data/analyse/PED20285	PED20285	archive_in_progress	1
/work/work/shared/s-neomics/data/analyse/PED20286	dijnbs368	dispatch_ok	260
/work/work/shared/s-neomics/data/analyse/PED20286	PED20286	analysis_not_ended	30
/work/work/shared/s-neomics/data/analyse/PED20286	PED20286	no_archive_log	32
/work/work/shared/s-neomics/data/analyse/PED20285	PED20285	archive_success	259
/work/work/shared/s-neomics/data/analyse/PED20285	dijnbs367	archive_success	259
/work/work/shared/s-neomics/data/analyse/PED20287	dijnbs369	dispatch_ok	258
/work/work/shared/s-neomics/data/analyse/PED20287	PED20287	analysis_not_ended	28
/work/work/shared/s-neomics/data/analyse/PED20287	PED20287	no_archive_log	29
/work/work/shared/s-neomics/data/analyse/PED20288	dijnbs370	dispatch_ok	258
/work/work/shared/s-neomics/data/analyse/PED20288	PED20288	analysis_not_ended	28
/work/work/shared/s-neomics/data/analyse/PED20288	PED20288	no_archive_log	29
/work/work/shared/s-neomics/data/analyse/PED20289	dijnbs371	dispatch_ok	256
/work/work/shared/s-neomics/data/analyse/PED20289	PED20289	analysis_not_ended	27
/work/work/shared/s-neomics/data/analyse/PED20289	PED20289	no_archive_log	29
/work/work/shared/s-neomics/data/analyse/PED20290	dijnbs372	dispatch_ok	255
/work/work/shared/s-neomics/data/analyse/PED20290	PED20290	analysis_not_ended	30
/work/work/shared/s-neomics/data/analyse/PED20290	PED20290	no_archive_log	30
/work/work/shared/s-neomics/data/analyse/PED20291	dijnbs373	dispatch_ok	255
/work/work/shared/s-neomics/data/analyse/PED20291	PED20291	analysis_not_ended	25
/work/work/shared/s-neomics/data/analyse/PED20291	PED20291	no_archive_log	27
/work/work/shared/s-neomics/data/analyse/PED20271	PED20271	analysis_ok	254
/work/work/shared/s-neomics/data/analyse/PED20271	PED20271	archive_in_progress	1
/work/work/shared/s-neomics/data/analyse/PED20272	PED20272	analysis_ok	254
/work/work/shared/s-neomics/data/analyse/PED20272	PED20272	archive_in_progress	2
/work/work/shared/s-neomics/data/analyse/PED20271	PED20271	archive_success	253
/work/work/shared/s-neomics/data/analyse/PED20271	dijnbs353	archive_success	253
/work/work/shared/s-neomics/data/analyse/PED20270	PED20270	analysis_ok	253
/work/work/shared/s-neomics/data/analyse/PED20270	PED20270	archive_in_progress	2
/work/work/shared/s-neomics/data/analyse/PED20292	dijnbs374	dispatch_ok	253
/work/work/shared/s-neomics/data/analyse/PED20292	PED20292	analysis_not_ended	28
/work/work/shared/s-neomics/data/analyse/PED20292	PED20292	no_archive_log	28
/work/work/shared/s-neomics/data/analyse/PED20272	PED20272	archive_success	252
/work/work/shared/s-neomics/data/analyse/PED20272	dijnbs354	archive_success	252
/work/work/shared/s-neomics/data/analyse/PED20293	dijnbs375	dispatch_ok	252
/work/work/shared/s-neomics/data/analyse/PED20293	PED20293	analysis_not_ended	30
/work/work/shared/s-neomics/data/analyse/PED20293	PED20293	no_archive_log	30
/work/work/shared/s-neomics/data/analyse/PED20270	PED20270	archive_success	251
/work/work/shared/s-neomics/data/analyse/PED20270	dijnbs352	archive_success	251
/work/work/shared/s-neomics/data/analyse/PED20273	PED20273	analysis_ok	250
/work/work/shared/s-neomics/data/analyse/PED20273	PED20273	archive_in_progress	2
/work/work/shared/s-neomics/data/analyse/PED20273	PED20273	archive_success	248
/work/work/shared/s-neomics/data/analyse/PED20273	dijnbs355	archive_success	248
/work/work/shared/s-neomics/data/analyse/PED20274	PED20274	analysis_ok	244
/work/work/shared/s-neomics/data/analyse/PED20274	PED20274	archive_in_progress	2
/work/work/shared/s-neomics/data/analyse/PED20274	PED20274	archive_success	242
/work/work/shared/s-neomics/data/analyse/PED20274	dijnbs356	archive_success	242
/work/work/shared/s-neomics/data/analyse/PED20276	PED20276	analysis_ok	242
/work/work/shared/s-neomics/data/analyse/PED20276	PED20276	archive_in_progress	1
/work/work/shared/s-neomics/data/analyse/PED20276	PED20276	archive_success	241
/work/work/shared/s-neomics/data/analyse/PED20276	dijnbs358	archive_success	241
/work/work/shared/s-neomics/data/analyse/PED20275	PED20275	analysis_ok	236
/work/work/shared/s-neomics/data/analyse/PED20275	PED20275	archive_in_progress	3
/work/work/shared/s-neomics/data/analyse/PED20277	PED20277	analysis_ok	234
/work/work/shared/s-neomics/data/analyse/PED20277	PED20277	archive_in_progress	1
/work/work/shared/s-neomics/data/analyse/PED20278	PED20278	analysis_ok	234
/work/work/shared/s-neomics/data/analyse/PED20278	PED20278	archive_in_progress	2
/work/work/shared/s-neomics/data/analyse/PED20275	PED20275	archive_success	233
/work/work/shared/s-neomics/data/analyse/PED20275	dijnbs357	archive_success	233
/work/work/shared/s-neomics/data/analyse/PED20277	PED20277	archive_success	233
/work/work/shared/s-neomics/data/analyse/PED20277	dijnbs359	archive_success	233
/work/work/shared/s-neomics/data/analyse/PED20278	PED20278	archive_success	232
/work/work/shared/s-neomics/data/analyse/PED20278	dijnbs360	archive_success	232
/work/work/shared/s-neomics/data/analyse/PED20279	PED20279	analysis_ok	232
/work/work/shared/s-neomics/data/analyse/PED20279	PED20279	archive_in_progress	2
/work/work/shared/s-neomics/data/analyse/PED20280	PED20280	analysis_ok	232
/work/work/shared/s-neomics/data/analyse/PED20280	PED20280	archive_in_progress	2
/work/work/shared/s-neomics/data/analyse/PED20281	PED20281	analysis_ok	231
/work/work/shared/s-neomics/data/analyse/PED20281	PED20281	archive_in_progress	2
/work/work/shared/s-neomics/data/analyse/PED20283	PED20283	analysis_ok	231
/work/work/shared/s-neomics/data/analyse/PED20283	PED20283	archive_in_progress	2
/work/work/shared/s-neomics/data/analyse/PED20279	PED20279	archive_success	230
/work/work/shared/s-neomics/data/analyse/PED20279	dijnbs361	archive_success	230
/work/work/shared/s-neomics/data/analyse/PED20280	PED20280	archive_success	230
/work/work/shared/s-neomics/data/analyse/PED20280	dijnbs362	archive_success	230
/work/work/shared/s-neomics/data/analyse/PED20282	PED20282	analysis_ok	230
/work/work/shared/s-neomics/data/analyse/PED20282	PED20282	archive_in_progress	2
/work/work/shared/s-neomics/data/analyse/PED20284	PED20284	analysis_ok	230
/work/work/shared/s-neomics/data/analyse/PED20284	PED20284	archive_in_progress	2
/work/work/shared/s-neomics/data/analyse/PED20286	PED20286	analysis_ok	230
/work/work/shared/s-neomics/data/analyse/PED20287	PED20287	analysis_ok	230
/work/work/shared/s-neomics/data/analyse/PED20288	PED20288	analysis_ok	230
/work/work/shared/s-neomics/data/analyse/PED20291	PED20291	analysis_ok	230
/work/work/shared/s-neomics/data/analyse/PED20281	PED20281	archive_success	229
/work/work/shared/s-neomics/data/analyse/PED20281	dijnbs363	archive_success	229
/work/work/shared/s-neomics/data/analyse/PED20283	PED20283	archive_success	229
/work/work/shared/s-neomics/data/analyse/PED20283	dijnbs365	archive_success	229
/work/work/shared/s-neomics/data/analyse/PED20287	PED20287	archive_in_progress	2
/work/work/shared/s-neomics/data/analyse/PED20288	PED20288	archive_in_progress	2
/work/work/shared/s-neomics/data/analyse/PED20289	PED20289	analysis_ok	229
/work/work/shared/s-neomics/data/analyse/PED20282	PED20282	archive_success	228
/work/work/shared/s-neomics/data/analyse/PED20282	dijnbs364	archive_success	228
/work/work/shared/s-neomics/data/analyse/PED20284	PED20284	archive_success	228
/work/work/shared/s-neomics/data/analyse/PED20284	dijnbs366	archive_success	228
/work/work/shared/s-neomics/data/analyse/PED20286	PED20286	archive_in_progress	3
/work/work/shared/s-neomics/data/analyse/PED20291	PED20291	archive_in_progress	2
/work/work/shared/s-neomics/data/analyse/PED20287	PED20287	archive_success	227
/work/work/shared/s-neomics/data/analyse/PED20287	dijnbs369	archive_success	227
/work/work/shared/s-neomics/data/analyse/PED20288	PED20288	archive_success	227
/work/work/shared/s-neomics/data/analyse/PED20288	dijnbs370	archive_success	227
/work/work/shared/s-neomics/data/analyse/PED20289	PED20289	archive_in_progress	2
/work/work/shared/s-neomics/data/analyse/PED20291	PED20291	archive_success	226
/work/work/shared/s-neomics/data/analyse/PED20291	dijnbs373	archive_success	226
/work/work/shared/s-neomics/data/analyse/PED20286	PED20286	archive_success	225
/work/work/shared/s-neomics/data/analyse/PED20286	dijnbs368	archive_success	225
/work/work/shared/s-neomics/data/analyse/PED20289	PED20289	archive_success	225
/work/work/shared/s-neomics/data/analyse/PED20289	dijnbs371	archive_success	225
/work/work/shared/s-neomics/data/analyse/PED20290	PED20290	analysis_ok	225
/work/work/shared/s-neomics/data/analyse/PED20290	PED20290	archive_in_progress	3
/work/work/shared/s-neomics/data/analyse/PED20292	PED20292	analysis_ok	225
/work/work/shared/s-neomics/data/analyse/PED20292	PED20292	archive_in_progress	2
/work/work/shared/s-neomics/data/analyse/PED20292	PED20292	archive_success	223
/work/work/shared/s-neomics/data/analyse/PED20292	dijnbs374	archive_success	223
/work/work/shared/s-neomics/data/analyse/PED20290	PED20290	archive_success	222
/work/work/shared/s-neomics/data/analyse/PED20290	dijnbs372	archive_success	222
/work/work/shared/s-neomics/data/analyse/PED20293	PED20293	analysis_ok	222
/work/work/shared/s-neomics/data/analyse/PED20293	PED20293	archive_in_progress	2
/work/work/shared/s-neomics/data/analyse/PED20293	PED20293	archive_success	220
/work/work/shared/s-neomics/data/analyse/PED20293	dijnbs375	archive_success	220
/work/work/shared/s-neomics/data/analyse/PED20309	dijnbs391	dispatch_ok	61
/work/work/shared/s-neomics/data/analyse/PED20309	PED20309	analysis_not_ended	17
/work/work/shared/s-neomics/data/analyse/PED20309	PED20309	no_archive_log	17
/work/work/shared/s-neomics/data/analyse/PED20294	dijnbs376	dispatch_ok	59
/work/work/shared/s-neomics/data/analyse/PED20294	PED20294	analysis_not_ended	16
/work/work/shared/s-neomics/data/analyse/PED20294	PED20294	no_archive_log	16
/work/work/shared/s-neomics/data/analyse/PED20298	dijnbs380	dispatch_ok	59
/work/work/shared/s-neomics/data/analyse/PED20298	PED20298	analysis_not_ended	17
/work/work/shared/s-neomics/data/analyse/PED20298	PED20298	no_archive_log	17
/work/work/shared/s-neomics/data/analyse/PED20295	dijnbs377	dispatch_ok	56
/work/work/shared/s-neomics/data/analyse/PED20295	PED20295	analysis_not_ended	16
/work/work/shared/s-neomics/data/analyse/PED20295	PED20295	no_archive_log	16
/work/work/shared/s-neomics/data/analyse/PED20296	dijnbs378	dispatch_ok	55
/work/work/shared/s-neomics/data/analyse/PED20296	PED20296	analysis_not_ended	20
/work/work/shared/s-neomics/data/analyse/PED20296	PED20296	no_archive_log	20
/work/work/shared/s-neomics/data/analyse/PED20297	dijnbs379	dispatch_ok	55
/work/work/shared/s-neomics/data/analyse/PED20297	PED20297	analysis_not_ended	15
/work/work/shared/s-neomics/data/analyse/PED20297	PED20297	no_archive_log	15
/work/work/shared/s-neomics/data/analyse/PED20309	PED20309	analysis_ok	130
/work/work/shared/s-neomics/data/analyse/PED20309	PED20309	archive_success	129
/work/work/shared/s-neomics/data/analyse/PED20309	dijnbs391	archive_success	54
/work/work/shared/s-neomics/data/analyse/PED20299	dijnbs381	dispatch_ok	52
/work/work/shared/s-neomics/data/analyse/PED20299	PED20299	analysis_not_ended	25
/work/work/shared/s-neomics/data/analyse/PED20299	PED20299	no_archive_log	25
/work/work/shared/s-neomics/data/analyse/PED20300	dijnbs382	dispatch_ok	51
/work/work/shared/s-neomics/data/analyse/PED20300	PED20300	analysis_not_ended	26
/work/work/shared/s-neomics/data/analyse/PED20300	PED20300	no_archive_log	26
/work/work/shared/s-neomics/data/analyse/PED20301	dijnbs383	dispatch_ok	51
/work/work/shared/s-neomics/data/analyse/PED20301	PED20301	analysis_not_ended	17
/work/work/shared/s-neomics/data/analyse/PED20301	PED20301	no_archive_log	17
/work/work/shared/s-neomics/data/analyse/PED20302	dijnbs384	dispatch_ok	49
/work/work/shared/s-neomics/data/analyse/PED20302	PED20302	analysis_not_ended	28
/work/work/shared/s-neomics/data/analyse/PED20302	PED20302	no_archive_log	28
/work/work/shared/s-neomics/data/analyse/PED20303	dijnbs385	dispatch_ok	48
/work/work/shared/s-neomics/data/analyse/PED20303	PED20303	analysis_not_ended	30
/work/work/shared/s-neomics/data/analyse/PED20303	PED20303	no_archive_log	30
/work/work/shared/s-neomics/data/analyse/PED20304	dijnbs386	dispatch_ok	48
/work/work/shared/s-neomics/data/analyse/PED20304	PED20304	analysis_not_ended	30
/work/work/shared/s-neomics/data/analyse/PED20304	PED20304	no_archive_log	30
/work/work/shared/s-neomics/data/analyse/PED20305	dijnbs387	dispatch_ok	46
/work/work/shared/s-neomics/data/analyse/PED20305	PED20305	analysis_not_ended	35
/work/work/shared/s-neomics/data/analyse/PED20305	PED20305	no_archive_log	35
/work/work/shared/s-neomics/data/analyse/PED20306	dijnbs388	dispatch_ok	44
/work/work/shared/s-neomics/data/analyse/PED20306	PED20306	analysis_not_ended	33
/work/work/shared/s-neomics/data/analyse/PED20306	PED20306	no_archive_log	33
/work/work/shared/s-neomics/data/analyse/PED20307	dijnbs389	dispatch_ok	44
/work/work/shared/s-neomics/data/analyse/PED20307	PED20307	analysis_not_ended	33
/work/work/shared/s-neomics/data/analyse/PED20307	PED20307	no_archive_log	33
/work/work/shared/s-neomics/data/analyse/PED20294	PED20294	analysis_ok	43
/work/work/shared/s-neomics/data/analyse/PED20294	PED20294	archive_in_progress	2
/work/work/shared/s-neomics/data/analyse/PED20298	PED20298	analysis_ok	42
/work/work/shared/s-neomics/data/analyse/PED20298	PED20298	archive_in_progress	1
/work/work/shared/s-neomics/data/analyse/PED20308	dijnbs390	dispatch_ok	42
/work/work/shared/s-neomics/data/analyse/PED20308	PED20308	analysis_not_ended	31
/work/work/shared/s-neomics/data/analyse/PED20308	PED20308	no_archive_log	31
/work/work/shared/s-neomics/data/analyse/PED20294	PED20294	archive_success	41
/work/work/shared/s-neomics/data/analyse/PED20294	dijnbs376	archive_success	41
/work/work/shared/s-neomics/data/analyse/PED20298	PED20298	archive_success	41
/work/work/shared/s-neomics/data/analyse/PED20298	dijnbs380	archive_success	41
/work/work/shared/s-neomics/data/analyse/PED20295	PED20295	analysis_ok	40
/work/work/shared/s-neomics/data/analyse/PED20295	PED20295	archive_in_progress	2
/work/work/shared/s-neomics/data/analyse/PED20297	PED20297	analysis_ok	40
/work/work/shared/s-neomics/data/analyse/PED20297	PED20297	archive_in_progress	2
/work/work/shared/s-neomics/data/analyse/PED20310	dijnbs392	dispatch_ok	40
/work/work/shared/s-neomics/data/analyse/PED20310	PED20310	analysis_not_ended	30
/work/work/shared/s-neomics/data/analyse/PED20310	PED20310	no_archive_log	31
/work/work/shared/s-neomics/data/analyse/PED20311	dijnbs393	dispatch_ok	40
/work/work/shared/s-neomics/data/analyse/PED20311	PED20311	analysis_not_ended	30
/work/work/shared/s-neomics/data/analyse/PED20311	PED20311	no_archive_log	31
/work/work/shared/s-neomics/data/analyse/PED20295	PED20295	archive_success	38
/work/work/shared/s-neomics/data/analyse/PED20295	dijnbs377	archive_success	38
/work/work/shared/s-neomics/data/analyse/PED20297	PED20297	archive_success	38
/work/work/shared/s-neomics/data/analyse/PED20297	dijnbs379	archive_success	38
/work/work/shared/s-neomics/data/analyse/PED20312	dijnbs394	dispatch_ok	38
/work/work/shared/s-neomics/data/analyse/PED20312	PED20312	analysis_not_ended	28
/work/work/shared/s-neomics/data/analyse/PED20312	PED20312	no_archive_log	29
/work/work/shared/s-neomics/data/analyse/PED20313	dijnbs395	dispatch_ok	36
/work/work/shared/s-neomics/data/analyse/PED20313	PED20313	analysis_not_ended	26
/work/work/shared/s-neomics/data/analyse/PED20313	PED20313	no_archive_log	29
/work/work/shared/s-neomics/data/analyse/PED20314	dijnbs396	dispatch_ok	36
/work/work/shared/s-neomics/data/analyse/PED20314	PED20314	analysis_not_ended	26
/work/work/shared/s-neomics/data/analyse/PED20314	PED20314	no_archive_log	28
/work/work/shared/s-neomics/data/analyse/PED20296	PED20296	analysis_ok	35
/work/work/shared/s-neomics/data/analyse/PED20296	PED20296	archive_in_progress	3
/work/work/shared/s-neomics/data/analyse/PED20301	PED20301	analysis_ok	34
/work/work/shared/s-neomics/data/analyse/PED20301	PED20301	archive_in_progress	1
/work/work/shared/s-neomics/data/analyse/PED20315	dijnbs397	dispatch_ok	34
/work/work/shared/s-neomics/data/analyse/PED20315	PED20315	analysis_not_ended	27
/work/work/shared/s-neomics/data/analyse/PED20315	PED20315	no_archive_log	27
/work/work/shared/s-neomics/data/analyse/PED20301	PED20301	archive_success	33
/work/work/shared/s-neomics/data/analyse/PED20301	dijnbs383	archive_success	33
/work/work/shared/s-neomics/data/analyse/PED20296	PED20296	archive_success	32
/work/work/shared/s-neomics/data/analyse/PED20296	dijnbs378	archive_success	32
/work/work/shared/s-neomics/data/analyse/PED20316	dijnbs398	dispatch_ok	32
/work/work/shared/s-neomics/data/analyse/PED20316	PED20316	analysis_not_ended	25
/work/work/shared/s-neomics/data/analyse/PED20316	PED20316	no_archive_log	25
/work/work/shared/s-neomics/data/analyse/PED20317	dijnbs399	dispatch_ok	32
/work/work/shared/s-neomics/data/analyse/PED20317	PED20317	analysis_not_ended	27
/work/work/shared/s-neomics/data/analyse/PED20317	PED20317	no_archive_log	27
/work/work/shared/s-neomics/data/analyse/PED20318	dijnbs400	dispatch_ok	31
/work/work/shared/s-neomics/data/analyse/PED20318	PED20318	analysis_not_ended	29
/work/work/shared/s-neomics/data/analyse/PED20318	PED20318	no_archive_log	29
/work/work/shared/s-neomics/data/analyse/PED20299	PED20299	analysis_ok	27
/work/work/shared/s-neomics/data/analyse/PED20299	PED20299	archive_in_progress	1
/work/work/shared/s-neomics/data/analyse/PED20299	PED20299	archive_success	26
/work/work/shared/s-neomics/data/analyse/PED20299	dijnbs381	archive_success	26
/work/work/shared/s-neomics/data/analyse/PED20300	PED20300	analysis_ok	25
/work/work/shared/s-neomics/data/analyse/PED20300	PED20300	archive_in_progress	2
/work/work/shared/s-neomics/data/analyse/PED20300	PED20300	archive_success	23
/work/work/shared/s-neomics/data/analyse/PED20300	dijnbs382	archive_success	23
/work/work/shared/s-neomics/data/analyse/PED20302	PED20302	analysis_ok	21
/work/work/shared/s-neomics/data/analyse/PED20302	PED20302	archive_in_progress	1
/work/work/shared/s-neomics/data/analyse/PED20302	PED20302	archive_success	20
/work/work/shared/s-neomics/data/analyse/PED20302	dijnbs384	archive_success	20
/work/work/shared/s-neomics/data/analyse/PED20303	PED20303	analysis_ok	18
/work/work/shared/s-neomics/data/analyse/PED20303	PED20303	archive_in_progress	1
/work/work/shared/s-neomics/data/analyse/PED20304	PED20304	analysis_ok	18
/work/work/shared/s-neomics/data/analyse/PED20304	PED20304	archive_in_progress	3
/work/work/shared/s-neomics/data/analyse/PED20303	PED20303	archive_success	17
/work/work/shared/s-neomics/data/analyse/PED20303	dijnbs385	archive_success	17
/work/work/shared/s-neomics/data/analyse/PED20304	PED20304	archive_success	15
/work/work/shared/s-neomics/data/analyse/PED20304	dijnbs386	archive_success	15
/work/work/shared/s-neomics/data/analyse/PED20305	PED20305	analysis_ok	11
/work/work/shared/s-neomics/data/analyse/PED20305	PED20305	archive_in_progress	1
/work/work/shared/s-neomics/data/analyse/PED20306	PED20306	analysis_ok	11
/work/work/shared/s-neomics/data/analyse/PED20306	PED20306	archive_in_progress	3
/work/work/shared/s-neomics/data/analyse/PED20307	PED20307	analysis_ok	11
/work/work/shared/s-neomics/data/analyse/PED20307	PED20307	archive_in_progress	2
/work/work/shared/s-neomics/data/analyse/PED20308	PED20308	analysis_ok	11
/work/work/shared/s-neomics/data/analyse/PED20308	PED20308	archive_in_progress	2
/work/work/shared/s-neomics/data/analyse/PED20305	PED20305	archive_success	10
/work/work/shared/s-neomics/data/analyse/PED20305	dijnbs387	archive_success	10
/work/work/shared/s-neomics/data/analyse/PED20310	PED20310	analysis_ok	10
/work/work/shared/s-neomics/data/analyse/PED20311	PED20311	analysis_ok	10
/work/work/shared/s-neomics/data/analyse/PED20312	PED20312	analysis_ok	10
/work/work/shared/s-neomics/data/analyse/PED20313	PED20313	analysis_ok	10
/work/work/shared/s-neomics/data/analyse/PED20314	PED20314	analysis_ok	10
/work/work/shared/s-neomics/data/analyse/PED20307	PED20307	archive_success	9
/work/work/shared/s-neomics/data/analyse/PED20307	dijnbs389	archive_success	9
/work/work/shared/s-neomics/data/analyse/PED20308	PED20308	archive_success	9
/work/work/shared/s-neomics/data/analyse/PED20308	dijnbs390	archive_success	9
/work/work/shared/s-neomics/data/analyse/PED20310	PED20310	archive_in_progress	2
/work/work/shared/s-neomics/data/analyse/PED20311	PED20311	archive_in_progress	2
/work/work/shared/s-neomics/data/analyse/PED20312	PED20312	archive_in_progress	2
/work/work/shared/s-neomics/data/analyse/PED20306	PED20306	archive_success	8
/work/work/shared/s-neomics/data/analyse/PED20306	dijnbs388	archive_success	8
/work/work/shared/s-neomics/data/analyse/PED20314	PED20314	archive_in_progress	2
/work/work/shared/s-neomics/data/analyse/PED20310	PED20310	archive_success	7
/work/work/shared/s-neomics/data/analyse/PED20310	dijnbs392	archive_success	7
/work/work/shared/s-neomics/data/analyse/PED20311	PED20311	archive_success	7
/work/work/shared/s-neomics/data/analyse/PED20311	dijnbs393	archive_success	7
/work/work/shared/s-neomics/data/analyse/PED20312	PED20312	archive_success	7
/work/work/shared/s-neomics/data/analyse/PED20312	dijnbs394	archive_success	7
/work/work/shared/s-neomics/data/analyse/PED20313	PED20313	archive_in_progress	2
/work/work/shared/s-neomics/data/analyse/PED20315	PED20315	analysis_ok	7
/work/work/shared/s-neomics/data/analyse/PED20315	PED20315	archive_in_progress	2
/work/work/shared/s-neomics/data/analyse/PED20316	PED20316	analysis_ok	7
/work/work/shared/s-neomics/data/analyse/PED20316	PED20316	archive_in_progress	2
/work/work/shared/s-neomics/data/analyse/PED20314	PED20314	archive_success	6
/work/work/shared/s-neomics/data/analyse/PED20314	dijnbs396	archive_success	6
/work/work/shared/s-neomics/data/analyse/PED20313	PED20313	archive_success	5
/work/work/shared/s-neomics/data/analyse/PED20313	dijnbs395	archive_success	5
/work/work/shared/s-neomics/data/analyse/PED20315	PED20315	archive_success	5
/work/work/shared/s-neomics/data/analyse/PED20315	dijnbs397	archive_success	5
/work/work/shared/s-neomics/data/analyse/PED20316	PED20316	archive_success	5
/work/work/shared/s-neomics/data/analyse/PED20316	dijnbs398	archive_success	5
/work/work/shared/s-neomics/data/analyse/PED20317	PED20317	analysis_ok	5
/work/work/shared/s-neomics/data/analyse/PED20317	PED20317	archive_in_progress	2
/work/work/shared/s-neomics/data/analyse/PED20317	PED20317	archive_success	3
/work/work/shared/s-neomics/data/analyse/PED20317	dijnbs399	archive_success	3
/work/work/shared/s-neomics/data/analyse/PED20318	PED20318	analysis_ok	2
/work/work/shared/s-neomics/data/analyse/PED20318	PED20318	archive_in_progress	1
/work/work/shared/s-neomics/data/analyse/PED20318	PED20318	archive_success	1
/work/work/shared/s-neomics/data/analyse/PED20318	dijnbs400	archive_success	1
/work/work/shared/s-neomics/data/analyse/PED20319	dijnbs401	dispatch_ok	88
/work/work/shared/s-neomics/data/analyse/PED20319	PED20319	analysis_not_ended	19
/work/work/shared/s-neomics/data/analyse/PED20319	PED20319	no_archive_log	19
/work/work/shared/s-neomics/data/analyse/PED20320	dijnbs402	dispatch_ok	88
/work/work/shared/s-neomics/data/analyse/PED20320	PED20320	analysis_not_ended	21
/work/work/shared/s-neomics/data/analyse/PED20320	PED20320	no_archive_log	21
/work/work/shared/s-neomics/data/analyse/PED20321	dijnbs403	dispatch_ok	88
/work/work/shared/s-neomics/data/analyse/PED20321	PED20321	analysis_not_ended	16
/work/work/shared/s-neomics/data/analyse/PED20321	PED20321	no_archive_log	16
/work/work/shared/s-neomics/data/analyse/PED20322	dijnbs404	dispatch_ok	81
/work/work/shared/s-neomics/data/analyse/PED20322	PED20322	analysis_not_ended	15
/work/work/shared/s-neomics/data/analyse/PED20322	PED20322	no_archive_log	15
/work/work/shared/s-neomics/data/analyse/PED20323	dijnbs405	dispatch_ok	81
/work/work/shared/s-neomics/data/analyse/PED20323	PED20323	analysis_not_ended	17
/work/work/shared/s-neomics/data/analyse/PED20323	PED20323	no_archive_log	17
/work/work/shared/s-neomics/data/analyse/PED20321	PED20321	analysis_ok	72
/work/work/shared/s-neomics/data/analyse/PED20321	PED20321	archive_in_progress	2
/work/work/shared/s-neomics/data/analyse/PED20321	PED20321	archive_success	70
/work/work/shared/s-neomics/data/analyse/PED20321	dijnbs403	archive_success	70
/work/work/shared/s-neomics/data/analyse/PED20319	PED20319	analysis_ok	69
/work/work/shared/s-neomics/data/analyse/PED20319	PED20319	archive_in_progress	1
/work/work/shared/s-neomics/data/analyse/PED20324	dijnbs406	dispatch_ok	69
/work/work/shared/s-neomics/data/analyse/PED20324	PED20324	analysis_not_ended	17
/work/work/shared/s-neomics/data/analyse/PED20324	PED20324	no_archive_log	17
/work/work/shared/s-neomics/data/analyse/PED20325	dijnbs407	dispatch_ok	69
/work/work/shared/s-neomics/data/analyse/PED20325	PED20325	analysis_not_ended	20
/work/work/shared/s-neomics/data/analyse/PED20325	PED20325	no_archive_log	20
/work/work/shared/s-neomics/data/analyse/PED20326	dijnbs408	dispatch_ok	69
/work/work/shared/s-neomics/data/analyse/PED20326	PED20326	analysis_not_ended	19
/work/work/shared/s-neomics/data/analyse/PED20326	PED20326	no_archive_log	19
/work/work/shared/s-neomics/data/analyse/PED20319	PED20319	archive_success	68
/work/work/shared/s-neomics/data/analyse/PED20319	dijnbs401	archive_success	68
/work/work/shared/s-neomics/data/analyse/PED20320	PED20320	analysis_ok	67
/work/work/shared/s-neomics/data/analyse/PED20320	PED20320	archive_in_progress	2
/work/work/shared/s-neomics/data/analyse/PED20322	PED20322	analysis_ok	66
/work/work/shared/s-neomics/data/analyse/PED20322	PED20322	archive_in_progress	1
/work/work/shared/s-neomics/data/analyse/PED20320	PED20320	archive_success	65
/work/work/shared/s-neomics/data/analyse/PED20320	dijnbs402	archive_success	65
/work/work/shared/s-neomics/data/analyse/PED20322	PED20322	archive_success	65
/work/work/shared/s-neomics/data/analyse/PED20322	dijnbs404	archive_success	65
/work/work/shared/s-neomics/data/analyse/PED20323	PED20323	analysis_ok	64
/work/work/shared/s-neomics/data/analyse/PED20323	PED20323	archive_in_progress	1
/work/work/shared/s-neomics/data/analyse/PED20323	PED20323	archive_success	63
/work/work/shared/s-neomics/data/analyse/PED20323	dijnbs405	archive_success	63
/work/work/shared/s-neomics/data/analyse/PED20327	dijnbs409	dispatch_ok	63
/work/work/shared/s-neomics/data/analyse/PED20327	PED20327	analysis_not_ended	18
/work/work/shared/s-neomics/data/analyse/PED20327	PED20327	no_archive_log	18
/work/work/shared/s-neomics/data/analyse/PED20328	dijnbs410	dispatch_ok	63
/work/work/shared/s-neomics/data/analyse/PED20328	PED20328	analysis_not_ended	18
/work/work/shared/s-neomics/data/analyse/PED20328	PED20328	no_archive_log	18
/work/work/shared/s-neomics/data/analyse/PED20324	PED20324	analysis_ok	52
/work/work/shared/s-neomics/data/analyse/PED20324	PED20324	archive_in_progress	1
/work/work/shared/s-neomics/data/analyse/PED20324	PED20324	archive_success	51
/work/work/shared/s-neomics/data/analyse/PED20324	dijnbs406	archive_success	51
/work/work/shared/s-neomics/data/analyse/PED20326	PED20326	analysis_ok	50
/work/work/shared/s-neomics/data/analyse/PED20326	PED20326	archive_in_progress	1
/work/work/shared/s-neomics/data/analyse/PED20325	PED20325	analysis_ok	49
/work/work/shared/s-neomics/data/analyse/PED20325	PED20325	archive_in_progress	1
/work/work/shared/s-neomics/data/analyse/PED20326	PED20326	archive_success	49
/work/work/shared/s-neomics/data/analyse/PED20326	dijnbs408	archive_success	49
/work/work/shared/s-neomics/data/analyse/PED20325	PED20325	archive_success	48
/work/work/shared/s-neomics/data/analyse/PED20325	dijnbs407	archive_success	48
/work/work/shared/s-neomics/data/analyse/PED20327	PED20327	analysis_ok	45
/work/work/shared/s-neomics/data/analyse/PED20327	PED20327	archive_in_progress	2
/work/work/shared/s-neomics/data/analyse/PED20328	PED20328	analysis_ok	45
/work/work/shared/s-neomics/data/analyse/PED20328	PED20328	archive_in_progress	2
/work/work/shared/s-neomics/data/analyse/PED20327	PED20327	archive_success	43
/work/work/shared/s-neomics/data/analyse/PED20327	dijnbs409	archive_success	43
/work/work/shared/s-neomics/data/analyse/PED20328	PED20328	archive_success	43
/work/work/shared/s-neomics/data/analyse/PED20328	dijnbs410	archive_success	43
/work/work/shared/s-neomics/data/analyse/PED20337	dijnbs419	dispatch_ok	86
/work/work/shared/s-neomics/data/analyse/PED20337	PED20337	analysis_not_ended	9
/work/work/shared/s-neomics/data/analyse/PED20337	PED20337	no_archive_log	9
/work/work/shared/s-neomics/data/analyse/PED20309	dijnbs420	dispatch_ok	86
/work/work/shared/s-neomics/data/analyse/PED20332	dijnbs414	dispatch_ok	86
/work/work/shared/s-neomics/data/analyse/PED20332	PED20332	analysis_not_ended	17
/work/work/shared/s-neomics/data/analyse/PED20332	PED20332	no_archive_log	17
/work/work/shared/s-neomics/data/analyse/PED20329	dijnbs411	dispatch_ok	81
/work/work/shared/s-neomics/data/analyse/PED20329	PED20329	analysis_not_ended	13
/work/work/shared/s-neomics/data/analyse/PED20329	PED20329	no_archive_log	13
/work/work/shared/s-neomics/data/analyse/PED20330	dijnbs412	dispatch_ok	81
/work/work/shared/s-neomics/data/analyse/PED20330	PED20330	analysis_not_ended	12
/work/work/shared/s-neomics/data/analyse/PED20330	PED20330	no_archive_log	12
/work/work/shared/s-neomics/data/analyse/PED20331	dijnbs413	dispatch_ok	81
/work/work/shared/s-neomics/data/analyse/PED20331	PED20331	analysis_not_ended	12
/work/work/shared/s-neomics/data/analyse/PED20331	PED20331	no_archive_log	12
/work/work/shared/s-neomics/data/analyse/PED20337	PED20337	analysis_ok	77
/work/work/shared/s-neomics/data/analyse/PED20337	PED20337	archive_in_progress	1
/work/work/shared/s-neomics/data/analyse/PED20333	dijnbs415	dispatch_ok	77
/work/work/shared/s-neomics/data/analyse/PED20333	PED20333	analysis_not_ended	12
/work/work/shared/s-neomics/data/analyse/PED20333	PED20333	no_archive_log	12
/work/work/shared/s-neomics/data/analyse/PED20334	dijnbs416	dispatch_ok	77
/work/work/shared/s-neomics/data/analyse/PED20334	PED20334	analysis_not_ended	13
/work/work/shared/s-neomics/data/analyse/PED20334	PED20334	no_archive_log	13
/work/work/shared/s-neomics/data/analyse/PED20335	dijnbs417	dispatch_ok	77
/work/work/shared/s-neomics/data/analyse/PED20335	PED20335	analysis_not_ended	18
/work/work/shared/s-neomics/data/analyse/PED20335	PED20335	no_archive_log	18
/work/work/shared/s-neomics/data/analyse/PED20337	PED20337	archive_success	76
/work/work/shared/s-neomics/data/analyse/PED20337	dijnbs419	archive_success	76
/work/work/shared/s-neomics/data/analyse/PED20309	PED20309	archive_in_progress	1
/work/work/shared/s-neomics/data/analyse/PED20309	dijnbs420	archive_success	75
/work/work/shared/s-neomics/data/analyse/PED20336	dijnbs418	dispatch_ok	74
/work/work/shared/s-neomics/data/analyse/PED20336	PED20336	analysis_not_ended	16
/work/work/shared/s-neomics/data/analyse/PED20336	PED20336	no_archive_log	16
/work/work/shared/s-neomics/data/analyse/PED20332	PED20332	analysis_ok	69
/work/work/shared/s-neomics/data/analyse/PED20332	PED20332	archive_in_progress	1
/work/work/shared/s-neomics/data/analyse/PED20330	PED20330	analysis_ok	69
/work/work/shared/s-neomics/data/analyse/PED20330	PED20330	archive_in_progress	1
/work/work/shared/s-neomics/data/analyse/PED20331	PED20331	analysis_ok	69
/work/work/shared/s-neomics/data/analyse/PED20331	PED20331	archive_in_progress	1
/work/work/shared/s-neomics/data/analyse/PED20332	PED20332	archive_success	68
/work/work/shared/s-neomics/data/analyse/PED20332	dijnbs414	archive_success	68
/work/work/shared/s-neomics/data/analyse/PED20329	PED20329	analysis_ok	68
/work/work/shared/s-neomics/data/analyse/PED20329	PED20329	archive_in_progress	2
/work/work/shared/s-neomics/data/analyse/PED20330	PED20330	archive_success	68
/work/work/shared/s-neomics/data/analyse/PED20330	dijnbs412	archive_success	68
/work/work/shared/s-neomics/data/analyse/PED20331	PED20331	archive_success	68
/work/work/shared/s-neomics/data/analyse/PED20331	dijnbs413	archive_success	68
/work/work/shared/s-neomics/data/analyse/PED20329	PED20329	archive_success	66
/work/work/shared/s-neomics/data/analyse/PED20329	dijnbs411	archive_success	66
/work/work/shared/s-neomics/data/analyse/PED20333	PED20333	analysis_ok	65
/work/work/shared/s-neomics/data/analyse/PED20333	PED20333	archive_in_progress	1
/work/work/shared/s-neomics/data/analyse/PED20333	PED20333	archive_success	64
/work/work/shared/s-neomics/data/analyse/PED20333	dijnbs415	archive_success	64
/work/work/shared/s-neomics/data/analyse/PED20334	PED20334	analysis_ok	64
/work/work/shared/s-neomics/data/analyse/PED20334	PED20334	archive_in_progress	1
/work/work/shared/s-neomics/data/analyse/PED20334	PED20334	archive_success	63
/work/work/shared/s-neomics/data/analyse/PED20334	dijnbs416	archive_success	63
/work/work/shared/s-neomics/data/analyse/PED20335	PED20335	analysis_ok	59
/work/work/shared/s-neomics/data/analyse/PED20335	PED20335	archive_in_progress	2
/work/work/shared/s-neomics/data/analyse/PED20336	PED20336	analysis_ok	58
/work/work/shared/s-neomics/data/analyse/PED20336	PED20336	archive_in_progress	1
/work/work/shared/s-neomics/data/analyse/PED20335	PED20335	archive_success	57
/work/work/shared/s-neomics/data/analyse/PED20335	dijnbs417	archive_success	57
/work/work/shared/s-neomics/data/analyse/PED20336	PED20336	archive_success	57
/work/work/shared/s-neomics/data/analyse/PED20336	dijnbs418	archive_success	57
/work/work/shared/s-neomics/data/analyse/PED20353	dijnbs436	dispatch_ok	167
/work/work/shared/s-neomics/data/analyse/PED20353	PED20353	analysis_not_ended	23
/work/work/shared/s-neomics/data/analyse/PED20353	PED20353	no_archive_log	23
/work/work/shared/s-neomics/data/analyse/PED20352	dijnbs435	dispatch_ok	166
/work/work/shared/s-neomics/data/analyse/PED20352	PED20352	analysis_not_ended	17
/work/work/shared/s-neomics/data/analyse/PED20352	PED20352	no_archive_log	17
/work/work/shared/s-neomics/data/analyse/PED20357	dijnbs440	dispatch_ok	166
/work/work/shared/s-neomics/data/analyse/PED20357	PED20357	analysis_not_ended	18
/work/work/shared/s-neomics/data/analyse/PED20357	PED20357	no_archive_log	18
/work/work/shared/s-neomics/data/analyse/PED20340	dijnbs423	dispatch_ok	163
/work/work/shared/s-neomics/data/analyse/PED20340	PED20340	analysis_not_ended	26
/work/work/shared/s-neomics/data/analyse/PED20340	PED20340	no_archive_log	26
/work/work/shared/s-neomics/data/analyse/PED20341	dijnbs424	dispatch_ok	163
/work/work/shared/s-neomics/data/analyse/PED20341	PED20341	analysis_not_ended	20
/work/work/shared/s-neomics/data/analyse/PED20341	PED20341	no_archive_log	20
/work/work/shared/s-neomics/data/analyse/PED20342	dijnbs425	dispatch_ok	163
/work/work/shared/s-neomics/data/analyse/PED20342	PED20342	analysis_not_ended	20
/work/work/shared/s-neomics/data/analyse/PED20342	PED20342	no_archive_log	20
/work/work/shared/s-neomics/data/analyse/PED20353	PED20353	analysis_ok	1871
/work/work/shared/s-neomics/data/analyse/PED20353	PED20353	archive_in_progress	2
/work/work/shared/s-neomics/data/analyse/PED20353	PED20353	archive_success	1869
/work/work/shared/s-neomics/data/analyse/PED20353	dijnbs436	archive_success	159
/work/work/shared/s-neomics/data/analyse/PED20343	dijnbs426	dispatch_ok	159
/work/work/shared/s-neomics/data/analyse/PED20343	PED20343	analysis_not_ended	23
/work/work/shared/s-neomics/data/analyse/PED20343	PED20343	no_archive_log	23
/work/work/shared/s-neomics/data/analyse/PED20344	dijnbs427	dispatch_ok	159
/work/work/shared/s-neomics/data/analyse/PED20344	PED20344	analysis_not_ended	27
/work/work/shared/s-neomics/data/analyse/PED20344	PED20344	no_archive_log	27
/work/work/shared/s-neomics/data/analyse/PED20345	dijnbs428	dispatch_ok	159
/work/work/shared/s-neomics/data/analyse/PED20345	PED20345	analysis_not_ended	32
/work/work/shared/s-neomics/data/analyse/PED20345	PED20345	no_archive_log	32
/work/work/shared/s-neomics/data/analyse/PED20346	dijnbs429	dispatch_ok	156
/work/work/shared/s-neomics/data/analyse/PED20346	PED20346	analysis_not_ended	30
/work/work/shared/s-neomics/data/analyse/PED20346	PED20346	no_archive_log	30
/work/work/shared/s-neomics/data/analyse/PED20347	dijnbs430	dispatch_ok	156
/work/work/shared/s-neomics/data/analyse/PED20347	PED20347	analysis_not_ended	26
/work/work/shared/s-neomics/data/analyse/PED20347	PED20347	no_archive_log	26
/work/work/shared/s-neomics/data/analyse/PED20348	dijnbs431	dispatch_ok	155
/work/work/shared/s-neomics/data/analyse/PED20348	PED20348	analysis_not_ended	32
/work/work/shared/s-neomics/data/analyse/PED20348	PED20348	no_archive_log	32
/work/work/shared/s-neomics/data/analyse/PED20349	dijnbs432	dispatch_ok	153
/work/work/shared/s-neomics/data/analyse/PED20349	PED20349	analysis_not_ended	30
/work/work/shared/s-neomics/data/analyse/PED20349	PED20349	no_archive_log	30
/work/work/shared/s-neomics/data/analyse/PED20350	dijnbs433	dispatch_ok	153
/work/work/shared/s-neomics/data/analyse/PED20350	PED20350	analysis_not_ended	30
/work/work/shared/s-neomics/data/analyse/PED20350	PED20350	no_archive_log	30
/work/work/shared/s-neomics/data/analyse/PED20351	dijnbs434	dispatch_ok	152
/work/work/shared/s-neomics/data/analyse/PED20351	PED20351	analysis_not_ended	29
/work/work/shared/s-neomics/data/analyse/PED20351	PED20351	no_archive_log	29
/work/work/shared/s-neomics/data/analyse/PED20354	dijnbs437	dispatch_ok	150
/work/work/shared/s-neomics/data/analyse/PED20354	PED20354	analysis_not_ended	28
/work/work/shared/s-neomics/data/analyse/PED20354	PED20354	no_archive_log	29
/work/work/shared/s-neomics/data/analyse/PED20355	dijnbs438	dispatch_ok	150
/work/work/shared/s-neomics/data/analyse/PED20355	PED20355	analysis_not_ended	28
/work/work/shared/s-neomics/data/analyse/PED20355	PED20355	no_archive_log	28
/work/work/shared/s-neomics/data/analyse/PED20352	PED20352	analysis_ok	149
/work/work/shared/s-neomics/data/analyse/PED20352	PED20352	archive_in_progress	2
/work/work/shared/s-neomics/data/analyse/PED20357	PED20357	analysis_ok	148
/work/work/shared/s-neomics/data/analyse/PED20357	PED20357	archive_in_progress	1
/work/work/shared/s-neomics/data/analyse/PED20356	dijnbs439	dispatch_ok	148
/work/work/shared/s-neomics/data/analyse/PED20356	PED20356	analysis_not_ended	27
/work/work/shared/s-neomics/data/analyse/PED20356	PED20356	no_archive_log	27
/work/work/shared/s-neomics/data/analyse/PED20352	PED20352	archive_success	147
/work/work/shared/s-neomics/data/analyse/PED20352	dijnbs435	archive_success	147
/work/work/shared/s-neomics/data/analyse/PED20357	PED20357	archive_success	147
/work/work/shared/s-neomics/data/analyse/PED20357	dijnbs440	archive_success	147
/work/work/shared/s-neomics/data/analyse/PED20358	dijnbs441	dispatch_ok	146
/work/work/shared/s-neomics/data/analyse/PED20358	PED20358	analysis_not_ended	24
/work/work/shared/s-neomics/data/analyse/PED20358	PED20358	no_archive_log	24
/work/work/shared/s-neomics/data/analyse/PED20359	dijnbs442	dispatch_ok	146
/work/work/shared/s-neomics/data/analyse/PED20359	PED20359	analysis_not_ended	28
/work/work/shared/s-neomics/data/analyse/PED20359	PED20359	no_archive_log	28
/work/work/shared/s-neomics/data/analyse/PED20360	dijnbs443	dispatch_ok	144
/work/work/shared/s-neomics/data/analyse/PED20360	PED20360	analysis_not_ended	26
/work/work/shared/s-neomics/data/analyse/PED20360	PED20360	no_archive_log	26
/work/work/shared/s-neomics/data/analyse/PED20341	PED20341	analysis_ok	143
/work/work/shared/s-neomics/data/analyse/PED20341	PED20341	archive_in_progress	2
/work/work/shared/s-neomics/data/analyse/PED20342	PED20342	analysis_ok	143
/work/work/shared/s-neomics/data/analyse/PED20342	PED20342	archive_in_progress	2
/work/work/shared/s-neomics/data/analyse/PED20338	dijnbs421	dispatch_ok	143
/work/work/shared/s-neomics/data/analyse/PED20338	PED20338	analysis_not_ended	32
/work/work/shared/s-neomics/data/analyse/PED20338	PED20338	no_archive_log	32
/work/work/shared/s-neomics/data/analyse/PED20339	dijnbs422	dispatch_ok	142
/work/work/shared/s-neomics/data/analyse/PED20339	PED20339	analysis_not_ended	22
/work/work/shared/s-neomics/data/analyse/PED20339	PED20339	no_archive_log	22
/work/work/shared/s-neomics/data/analyse/PED20341	PED20341	archive_success	141
/work/work/shared/s-neomics/data/analyse/PED20341	dijnbs424	archive_success	141
/work/work/shared/s-neomics/data/analyse/PED20342	PED20342	archive_success	141
/work/work/shared/s-neomics/data/analyse/PED20342	dijnbs425	archive_success	141
/work/work/shared/s-neomics/data/analyse/PED20340	PED20340	analysis_ok	137
/work/work/shared/s-neomics/data/analyse/PED20340	PED20340	archive_in_progress	3
/work/work/shared/s-neomics/data/analyse/PED20343	PED20343	analysis_ok	136
/work/work/shared/s-neomics/data/analyse/PED20343	PED20343	archive_in_progress	2
/work/work/shared/s-neomics/data/analyse/PED20340	PED20340	archive_success	134
/work/work/shared/s-neomics/data/analyse/PED20340	dijnbs423	archive_success	134
/work/work/shared/s-neomics/data/analyse/PED20343	PED20343	archive_success	134
/work/work/shared/s-neomics/data/analyse/PED20343	dijnbs426	archive_success	134
/work/work/shared/s-neomics/data/analyse/PED20344	PED20344	analysis_ok	132
/work/work/shared/s-neomics/data/analyse/PED20344	PED20344	archive_in_progress	1
/work/work/shared/s-neomics/data/analyse/PED20344	PED20344	archive_success	131
/work/work/shared/s-neomics/data/analyse/PED20344	dijnbs427	archive_success	131
/work/work/shared/s-neomics/data/analyse/PED20347	PED20347	analysis_ok	130
/work/work/shared/s-neomics/data/analyse/PED20347	PED20347	archive_in_progress	1
/work/work/shared/s-neomics/data/analyse/PED20347	PED20347	archive_success	129
/work/work/shared/s-neomics/data/analyse/PED20347	dijnbs430	archive_success	129
/work/work/shared/s-neomics/data/analyse/PED20345	PED20345	analysis_ok	127
/work/work/shared/s-neomics/data/analyse/PED20345	PED20345	archive_in_progress	1
/work/work/shared/s-neomics/data/analyse/PED20345	PED20345	archive_success	126
/work/work/shared/s-neomics/data/analyse/PED20345	dijnbs428	archive_success	126
/work/work/shared/s-neomics/data/analyse/PED20346	PED20346	analysis_ok	126
/work/work/shared/s-neomics/data/analyse/PED20346	PED20346	archive_in_progress	2
/work/work/shared/s-neomics/data/analyse/PED20346	PED20346	archive_success	124
/work/work/shared/s-neomics/data/analyse/PED20346	dijnbs429	archive_success	124
/work/work/shared/s-neomics/data/analyse/PED20348	PED20348	analysis_ok	123
/work/work/shared/s-neomics/data/analyse/PED20348	PED20348	archive_in_progress	2
/work/work/shared/s-neomics/data/analyse/PED20349	PED20349	analysis_ok	123
/work/work/shared/s-neomics/data/analyse/PED20349	PED20349	archive_in_progress	1
/work/work/shared/s-neomics/data/analyse/PED20350	PED20350	analysis_ok	123
/work/work/shared/s-neomics/data/analyse/PED20350	PED20350	archive_in_progress	1
/work/work/shared/s-neomics/data/analyse/PED20351	PED20351	analysis_ok	123
/work/work/shared/s-neomics/data/analyse/PED20351	PED20351	archive_in_progress	2
/work/work/shared/s-neomics/data/analyse/PED20349	PED20349	archive_success	122
/work/work/shared/s-neomics/data/analyse/PED20349	dijnbs432	archive_success	122
/work/work/shared/s-neomics/data/analyse/PED20350	PED20350	archive_success	122
/work/work/shared/s-neomics/data/analyse/PED20350	dijnbs433	archive_success	122
/work/work/shared/s-neomics/data/analyse/PED20354	PED20354	analysis_ok	122
/work/work/shared/s-neomics/data/analyse/PED20355	PED20355	analysis_ok	122
/work/work/shared/s-neomics/data/analyse/PED20355	PED20355	archive_in_progress	2
/work/work/shared/s-neomics/data/analyse/PED20358	PED20358	analysis_ok	122
/work/work/shared/s-neomics/data/analyse/PED20358	PED20358	archive_in_progress	2
/work/work/shared/s-neomics/data/analyse/PED20348	PED20348	archive_success	121
/work/work/shared/s-neomics/data/analyse/PED20348	dijnbs431	archive_success	121
/work/work/shared/s-neomics/data/analyse/PED20351	PED20351	archive_success	121
/work/work/shared/s-neomics/data/analyse/PED20351	dijnbs434	archive_success	121
/work/work/shared/s-neomics/data/analyse/PED20354	PED20354	archive_in_progress	2
/work/work/shared/s-neomics/data/analyse/PED20356	PED20356	analysis_ok	121
/work/work/shared/s-neomics/data/analyse/PED20356	PED20356	archive_in_progress	2
/work/work/shared/s-neomics/data/analyse/PED20355	PED20355	archive_success	120
/work/work/shared/s-neomics/data/analyse/PED20355	dijnbs438	archive_success	120
/work/work/shared/s-neomics/data/analyse/PED20358	PED20358	archive_success	120
/work/work/shared/s-neomics/data/analyse/PED20358	dijnbs441	archive_success	120
/work/work/shared/s-neomics/data/analyse/PED20339	PED20339	analysis_ok	120
/work/work/shared/s-neomics/data/analyse/PED20339	PED20339	archive_in_progress	1
/work/work/shared/s-neomics/data/analyse/PED20354	PED20354	archive_success	119
/work/work/shared/s-neomics/data/analyse/PED20354	dijnbs437	archive_success	119
/work/work/shared/s-neomics/data/analyse/PED20356	PED20356	archive_success	119
/work/work/shared/s-neomics/data/analyse/PED20356	dijnbs439	archive_success	119
/work/work/shared/s-neomics/data/analyse/PED20339	PED20339	archive_success	119
/work/work/shared/s-neomics/data/analyse/PED20339	dijnbs422	archive_success	119
/work/work/shared/s-neomics/data/analyse/PED20359	PED20359	analysis_ok	118
/work/work/shared/s-neomics/data/analyse/PED20359	PED20359	archive_in_progress	1
/work/work/shared/s-neomics/data/analyse/PED20360	PED20360	analysis_ok	118
/work/work/shared/s-neomics/data/analyse/PED20360	PED20360	archive_in_progress	1
/work/work/shared/s-neomics/data/analyse/PED20359	PED20359	archive_success	117
/work/work/shared/s-neomics/data/analyse/PED20359	dijnbs442	archive_success	117
/work/work/shared/s-neomics/data/analyse/PED20360	PED20360	archive_success	117
/work/work/shared/s-neomics/data/analyse/PED20360	dijnbs443	archive_success	117
/work/work/shared/s-neomics/data/analyse/PED20338	PED20338	analysis_ok	111
/work/work/shared/s-neomics/data/analyse/PED20338	PED20338	archive_in_progress	2
/work/work/shared/s-neomics/data/analyse/PED20338	PED20338	archive_success	109
/work/work/shared/s-neomics/data/analyse/PED20338	dijnbs421	archive_success	109
/work/work/shared/s-neomics/data/analyse/PED20353	dijnbs444	dispatch_ok	1727
/work/work/shared/s-neomics/data/analyse/PED20361	dijnbs445	dispatch_ok	1727
/work/work/shared/s-neomics/data/analyse/PED20361	PED20361	analysis_not_ended	14
/work/work/shared/s-neomics/data/analyse/PED20361	PED20361	no_archive_log	14
/work/work/shared/s-neomics/data/analyse/PED20362	dijnbs446	dispatch_ok	1727
/work/work/shared/s-neomics/data/analyse/PED20362	PED20362	analysis_not_ended	19
/work/work/shared/s-neomics/data/analyse/PED20362	PED20362	no_archive_log	19
/work/work/shared/s-neomics/data/analyse/PED20363	dijnbs447	dispatch_ok	1719
/work/work/shared/s-neomics/data/analyse/PED20363	PED20363	analysis_not_ended	18
/work/work/shared/s-neomics/data/analyse/PED20363	PED20363	no_archive_log	18
/work/work/shared/s-neomics/data/analyse/PED20364	dijnbs448	dispatch_ok	1719
/work/work/shared/s-neomics/data/analyse/PED20364	PED20364	analysis_not_ended	19
/work/work/shared/s-neomics/data/analyse/PED20364	PED20364	no_archive_log	19
/work/work/shared/s-neomics/data/analyse/PED20365	dijnbs449	dispatch_ok	1719
/work/work/shared/s-neomics/data/analyse/PED20365	PED20365	analysis_not_ended	15
/work/work/shared/s-neomics/data/analyse/PED20365	PED20365	no_archive_log	15
/work/work/shared/s-neomics/data/analyse/PED20361	PED20361	analysis_ok	1713
/work/work/shared/s-neomics/data/analyse/PED20361	PED20361	archive_in_progress	2
/work/work/shared/s-neomics/data/analyse/PED20366	dijnbs450	dispatch_ok	1712
/work/work/shared/s-neomics/data/analyse/PED20366	PED20366	analysis_not_ended	18
/work/work/shared/s-neomics/data/analyse/PED20366	PED20366	no_archive_log	18
/work/work/shared/s-neomics/data/analyse/PED20367	dijnbs451	dispatch_ok	1712
/work/work/shared/s-neomics/data/analyse/PED20367	PED20367	analysis_not_ended	18
/work/work/shared/s-neomics/data/analyse/PED20367	PED20367	no_archive_log	18
/work/work/shared/s-neomics/data/analyse/PED20368	dijnbs452	dispatch_ok	1712
/work/work/shared/s-neomics/data/analyse/PED20368	PED20368	analysis_not_ended	18
/work/work/shared/s-neomics/data/analyse/PED20368	PED20368	no_archive_log	18
/work/work/shared/s-neomics/data/analyse/PED20361	PED20361	archive_success	1711
/work/work/shared/s-neomics/data/analyse/PED20361	dijnbs445	archive_success	1711
/work/work/shared/s-neomics/data/analyse/PED20353	dijnbs444	archive_success	1710
/work/work/shared/s-neomics/data/analyse/PED20362	PED20362	analysis_ok	1708
/work/work/shared/s-neomics/data/analyse/PED20362	PED20362	archive_in_progress	2
/work/work/shared/s-neomics/data/analyse/PED20362	PED20362	archive_success	1706
/work/work/shared/s-neomics/data/analyse/PED20362	dijnbs446	archive_success	1706
/work/work/shared/s-neomics/data/analyse/PED20369	dijnbs453	dispatch_ok	1706
/work/work/shared/s-neomics/data/analyse/PED20369	PED20369	analysis_not_ended	21
/work/work/shared/s-neomics/data/analyse/PED20369	PED20369	no_archive_log	21
/work/work/shared/s-neomics/data/analyse/PED20370	dijnbs454	dispatch_ok	1705
/work/work/shared/s-neomics/data/analyse/PED20370	PED20370	analysis_not_ended	17
/work/work/shared/s-neomics/data/analyse/PED20370	PED20370	no_archive_log	17
/work/work/shared/s-neomics/data/analyse/PED20371	dijnbs455	dispatch_ok	1705
/work/work/shared/s-neomics/data/analyse/PED20371	PED20371	analysis_not_ended	22
/work/work/shared/s-neomics/data/analyse/PED20371	PED20371	no_archive_log	22
/work/work/shared/s-neomics/data/analyse/PED20365	PED20365	analysis_ok	1704
/work/work/shared/s-neomics/data/analyse/PED20365	PED20365	archive_in_progress	2
/work/work/shared/s-neomics/data/analyse/PED20365	PED20365	archive_success	1702
/work/work/shared/s-neomics/data/analyse/PED20365	dijnbs449	archive_success	1702
/work/work/shared/s-neomics/data/analyse/PED20363	PED20363	analysis_ok	1701
/work/work/shared/s-neomics/data/analyse/PED20363	PED20363	archive_in_progress	2
/work/work/shared/s-neomics/data/analyse/PED20364	PED20364	analysis_ok	1700
/work/work/shared/s-neomics/data/analyse/PED20364	PED20364	archive_in_progress	1
/work/work/shared/s-neomics/data/analyse/PED20372	dijnbs456	dispatch_ok	1700
/work/work/shared/s-neomics/data/analyse/PED20372	PED20372	analysis_not_ended	18
/work/work/shared/s-neomics/data/analyse/PED20372	PED20372	no_archive_log	18
/work/work/shared/s-neomics/data/analyse/PED20373	dijnbs457	dispatch_ok	1700
/work/work/shared/s-neomics/data/analyse/PED20373	PED20373	analysis_not_ended	18
/work/work/shared/s-neomics/data/analyse/PED20373	PED20373	no_archive_log	18
/work/work/shared/s-neomics/data/analyse/PED20374	dijnbs458	dispatch_ok	1700
/work/work/shared/s-neomics/data/analyse/PED20374	PED20374	analysis_not_ended	22
/work/work/shared/s-neomics/data/analyse/PED20374	PED20374	no_archive_log	22
/work/work/shared/s-neomics/data/analyse/PED20363	PED20363	archive_success	1699
/work/work/shared/s-neomics/data/analyse/PED20363	dijnbs447	archive_success	1699
/work/work/shared/s-neomics/data/analyse/PED20364	PED20364	archive_success	1699
/work/work/shared/s-neomics/data/analyse/PED20364	dijnbs448	archive_success	1699
/work/work/shared/s-neomics/data/analyse/PED20375	dijnbs459	dispatch_ok	1695
/work/work/shared/s-neomics/data/analyse/PED20375	PED20375	analysis_not_ended	20
/work/work/shared/s-neomics/data/analyse/PED20375	PED20375	no_archive_log	20
/work/work/shared/s-neomics/data/analyse/PED20376	dijnbs460	dispatch_ok	1695
/work/work/shared/s-neomics/data/analyse/PED20376	PED20376	analysis_not_ended	21
/work/work/shared/s-neomics/data/analyse/PED20376	PED20376	no_archive_log	21
/work/work/shared/s-neomics/data/analyse/PED20377	dijnbs461	dispatch_ok	1695
/work/work/shared/s-neomics/data/analyse/PED20377	PED20377	analysis_not_ended	20
/work/work/shared/s-neomics/data/analyse/PED20377	PED20377	no_archive_log	20
/work/work/shared/s-neomics/data/analyse/PED20366	PED20366	analysis_ok	1694
/work/work/shared/s-neomics/data/analyse/PED20366	PED20366	archive_in_progress	2
/work/work/shared/s-neomics/data/analyse/PED20367	PED20367	analysis_ok	1694
/work/work/shared/s-neomics/data/analyse/PED20367	PED20367	archive_in_progress	1
/work/work/shared/s-neomics/data/analyse/PED20368	PED20368	analysis_ok	1694
/work/work/shared/s-neomics/data/analyse/PED20368	PED20368	archive_in_progress	1
/work/work/shared/s-neomics/data/analyse/PED20367	PED20367	archive_success	1693
/work/work/shared/s-neomics/data/analyse/PED20367	dijnbs451	archive_success	1693
/work/work/shared/s-neomics/data/analyse/PED20368	PED20368	archive_success	1693
/work/work/shared/s-neomics/data/analyse/PED20368	dijnbs452	archive_success	1693
/work/work/shared/s-neomics/data/analyse/PED20366	PED20366	archive_success	1692
/work/work/shared/s-neomics/data/analyse/PED20366	dijnbs450	archive_success	1692
/work/work/shared/s-neomics/data/analyse/PED20378	dijnbs462	dispatch_ok	1690
/work/work/shared/s-neomics/data/analyse/PED20378	PED20378	analysis_not_ended	18
/work/work/shared/s-neomics/data/analyse/PED20378	PED20378	no_archive_log	18
/work/work/shared/s-neomics/data/analyse/PED20379	dijnbs463	dispatch_ok	1690
/work/work/shared/s-neomics/data/analyse/PED20379	PED20379	analysis_not_ended	19
/work/work/shared/s-neomics/data/analyse/PED20379	PED20379	no_archive_log	19
/work/work/shared/s-neomics/data/analyse/PED20380	dijnbs464	dispatch_ok	1690
/work/work/shared/s-neomics/data/analyse/PED20380	PED20380	analysis_not_ended	19
/work/work/shared/s-neomics/data/analyse/PED20380	PED20380	no_archive_log	19
/work/work/shared/s-neomics/data/analyse/PED20370	PED20370	analysis_ok	1688
/work/work/shared/s-neomics/data/analyse/PED20370	PED20370	archive_in_progress	2
/work/work/shared/s-neomics/data/analyse/PED20370	PED20370	archive_success	1686
/work/work/shared/s-neomics/data/analyse/PED20370	dijnbs454	archive_success	1686
/work/work/shared/s-neomics/data/analyse/PED20369	PED20369	analysis_ok	1685
/work/work/shared/s-neomics/data/analyse/PED20369	PED20369	archive_in_progress	2
/work/work/shared/s-neomics/data/analyse/PED20381	dijnbs465	dispatch_ok	1685
/work/work/shared/s-neomics/data/analyse/PED20381	PED20381	analysis_not_ended	18
/work/work/shared/s-neomics/data/analyse/PED20381	PED20381	no_archive_log	18
/work/work/shared/s-neomics/data/analyse/PED20382	dijnbs466	dispatch_ok	1685
/work/work/shared/s-neomics/data/analyse/PED20382	PED20382	analysis_not_ended	20
/work/work/shared/s-neomics/data/analyse/PED20382	PED20382	no_archive_log	20
/work/work/shared/s-neomics/data/analyse/PED20383	dijnbs467	dispatch_ok	1685
/work/work/shared/s-neomics/data/analyse/PED20383	PED20383	analysis_not_ended	18
/work/work/shared/s-neomics/data/analyse/PED20383	PED20383	no_archive_log	18
/work/work/shared/s-neomics/data/analyse/PED20369	PED20369	archive_success	1683
/work/work/shared/s-neomics/data/analyse/PED20369	dijnbs453	archive_success	1683
/work/work/shared/s-neomics/data/analyse/PED20371	PED20371	analysis_ok	1683
/work/work/shared/s-neomics/data/analyse/PED20371	PED20371	archive_in_progress	3
/work/work/shared/s-neomics/data/analyse/PED20372	PED20372	analysis_ok	1682
/work/work/shared/s-neomics/data/analyse/PED20372	PED20372	archive_in_progress	2
/work/work/shared/s-neomics/data/analyse/PED20373	PED20373	analysis_ok	1682
/work/work/shared/s-neomics/data/analyse/PED20373	PED20373	archive_in_progress	2
/work/work/shared/s-neomics/data/analyse/PED20371	PED20371	archive_success	1680
/work/work/shared/s-neomics/data/analyse/PED20371	dijnbs455	archive_success	1680
/work/work/shared/s-neomics/data/analyse/PED20372	PED20372	archive_success	1680
/work/work/shared/s-neomics/data/analyse/PED20372	dijnbs456	archive_success	1680
/work/work/shared/s-neomics/data/analyse/PED20373	PED20373	archive_success	1680
/work/work/shared/s-neomics/data/analyse/PED20373	dijnbs457	archive_success	1680
/work/work/shared/s-neomics/data/analyse/PED20384	dijnbs468	dispatch_ok	1680
/work/work/shared/s-neomics/data/analyse/PED20384	PED20384	analysis_not_ended	17
/work/work/shared/s-neomics/data/analyse/PED20384	PED20384	no_archive_log	17
/work/work/shared/s-neomics/data/analyse/PED20374	PED20374	analysis_ok	1678
/work/work/shared/s-neomics/data/analyse/PED20374	PED20374	archive_in_progress	2
/work/work/shared/s-neomics/data/analyse/PED20374	PED20374	archive_success	1676
/work/work/shared/s-neomics/data/analyse/PED20374	dijnbs458	archive_success	1676
/work/work/shared/s-neomics/data/analyse/PED20375	PED20375	analysis_ok	1675
/work/work/shared/s-neomics/data/analyse/PED20375	PED20375	archive_in_progress	2
/work/work/shared/s-neomics/data/analyse/PED20377	PED20377	analysis_ok	1675
/work/work/shared/s-neomics/data/analyse/PED20377	PED20377	archive_in_progress	2
/work/work/shared/s-neomics/data/analyse/PED20376	PED20376	analysis_ok	1674
/work/work/shared/s-neomics/data/analyse/PED20376	PED20376	archive_in_progress	1
/work/work/shared/s-neomics/data/analyse/PED20375	PED20375	archive_success	1673
/work/work/shared/s-neomics/data/analyse/PED20375	dijnbs459	archive_success	1673
/work/work/shared/s-neomics/data/analyse/PED20376	PED20376	archive_success	1673
/work/work/shared/s-neomics/data/analyse/PED20376	dijnbs460	archive_success	1673
/work/work/shared/s-neomics/data/analyse/PED20377	PED20377	archive_success	1673
/work/work/shared/s-neomics/data/analyse/PED20377	dijnbs461	archive_success	1673
/work/work/shared/s-neomics/data/analyse/PED20378	PED20378	analysis_ok	1672
/work/work/shared/s-neomics/data/analyse/PED20378	PED20378	archive_in_progress	1
/work/work/shared/s-neomics/data/analyse/PED20378	PED20378	archive_success	1671
/work/work/shared/s-neomics/data/analyse/PED20378	dijnbs462	archive_success	1671
/work/work/shared/s-neomics/data/analyse/PED20379	PED20379	analysis_ok	1671
/work/work/shared/s-neomics/data/analyse/PED20379	PED20379	archive_in_progress	2
/work/work/shared/s-neomics/data/analyse/PED20380	PED20380	analysis_ok	1671
/work/work/shared/s-neomics/data/analyse/PED20380	PED20380	archive_in_progress	1
/work/work/shared/s-neomics/data/analyse/PED20380	PED20380	archive_success	1670
/work/work/shared/s-neomics/data/analyse/PED20380	dijnbs464	archive_success	1670
/work/work/shared/s-neomics/data/analyse/PED20379	PED20379	archive_success	1669
/work/work/shared/s-neomics/data/analyse/PED20379	dijnbs463	archive_success	1669
/work/work/shared/s-neomics/data/analyse/PED20381	PED20381	analysis_ok	1667
/work/work/shared/s-neomics/data/analyse/PED20381	PED20381	archive_in_progress	2
/work/work/shared/s-neomics/data/analyse/PED20383	PED20383	analysis_ok	1667
/work/work/shared/s-neomics/data/analyse/PED20383	PED20383	archive_in_progress	2
/work/work/shared/s-neomics/data/analyse/PED20381	PED20381	archive_success	1665
/work/work/shared/s-neomics/data/analyse/PED20381	dijnbs465	archive_success	1665
/work/work/shared/s-neomics/data/analyse/PED20382	PED20382	analysis_ok	1665
/work/work/shared/s-neomics/data/analyse/PED20382	PED20382	archive_in_progress	1
/work/work/shared/s-neomics/data/analyse/PED20383	PED20383	archive_success	1665
/work/work/shared/s-neomics/data/analyse/PED20383	dijnbs467	archive_success	1665
/work/work/shared/s-neomics/data/analyse/PED20382	PED20382	archive_success	1664
/work/work/shared/s-neomics/data/analyse/PED20382	dijnbs466	archive_success	1664
/work/work/shared/s-neomics/data/analyse/PED20384	PED20384	analysis_ok	1663
/work/work/shared/s-neomics/data/analyse/PED20384	PED20384	archive_in_progress	1
/work/work/shared/s-neomics/data/analyse/PED20384	PED20384	archive_success	1662
/work/work/shared/s-neomics/data/analyse/PED20384	dijnbs468	archive_success	1662
/work/work/shared/s-neomics/data/analyse/PED13425	dijex10307,dijex10308,dijex10309	dispatch_ok	109
/work/work/shared/s-neomics/data/analyse/PED13425	PED13425	analysis_not_ended	109
/work/work/shared/s-neomics/data/analyse/PED13425	PED13425	no_archive_log	111
/work/work/shared/s-neomics/data/analyse/PED14094	dijex10310,dijex10311,dijex10312	dispatch_ok	109
/work/work/shared/s-neomics/data/analyse/PED14094	PED14094	analysis_not_ended	109
/work/work/shared/s-neomics/data/analyse/PED14094	PED14094	no_archive_log	111
/work/work/shared/s-neomics/data/analyse/PED14110	dijex10313,dijex10314,dijex10315	dispatch_ok	108
/work/work/shared/s-neomics/data/analyse/PED14110	PED14110	analysis_not_ended	108
/work/work/shared/s-neomics/data/analyse/PED14110	PED14110	no_archive_log	110
/work/work/shared/s-neomics/data/analyse/PED14099	dijex10316,dijex10317,dijex10318	dispatch_ok	108
/work/work/shared/s-neomics/data/analyse/PED14099	PED14099	analysis_not_ended	108
/work/work/shared/s-neomics/data/analyse/PED14099	PED14099	no_archive_log	110
/work/work/shared/s-neomics/data/analyse/PED14041	dijex10322,dijex10323,dijex10324	dispatch_ok	107
/work/work/shared/s-neomics/data/analyse/PED14041	PED14041	analysis_not_ended	107
/work/work/shared/s-neomics/data/analyse/PED14041	PED14041	no_archive_log	109
/work/work/shared/s-neomics/data/analyse/PED14043	dijex10326,dijex10327,dijex10328	dispatch_ok	107
/work/work/shared/s-neomics/data/analyse/PED14043	PED14043	analysis_not_ended	107
/work/work/shared/s-neomics/data/analyse/PED14043	PED14043	no_archive_log	109
/work/work/shared/s-neomics/data/analyse/PED4667	dijex10306	dispatch_ok	106
/work/work/shared/s-neomics/data/analyse/PED4667	PED4667	analysis_not_ended	106
/work/work/shared/s-neomics/data/analyse/PED4667	PED4667	no_archive_log	108
/work/work/shared/s-neomics/data/analyse/PED12985	dijex10319	dispatch_ok	106
/work/work/shared/s-neomics/data/analyse/PED12985	PED12985	analysis_not_ended	106
/work/work/shared/s-neomics/data/analyse/PED12985	PED12985	no_archive_log	108
/work/work/shared/s-neomics/data/analyse/PED14013	dijex10320	dispatch_ok	106
/work/work/shared/s-neomics/data/analyse/PED14013	PED14013	analysis_not_ended	106
/work/work/shared/s-neomics/data/analyse/PED14013	PED14013	no_archive_log	108
/work/work/shared/s-neomics/data/analyse/PED14038	dijex10321	dispatch_ok	106
/work/work/shared/s-neomics/data/analyse/PED14038	PED14038	analysis_not_ended	106
/work/work/shared/s-neomics/data/analyse/PED14038	PED14038	no_archive_log	108
/work/work/shared/s-neomics/data/analyse/PED14042	dijex10325	dispatch_ok	106
/work/work/shared/s-neomics/data/analyse/PED14042	PED14042	analysis_not_ended	106
/work/work/shared/s-neomics/data/analyse/PED14042	PED14042	no_archive_log	108
/work/work/shared/s-neomics/data/analyse/PED14045	dijex10329	dispatch_ok	106
/work/work/shared/s-neomics/data/analyse/PED14045	PED14045	analysis_not_ended	106
/work/work/shared/s-neomics/data/analyse/PED14045	PED14045	no_archive_log	108
/work/work/shared/s-neomics/data/analyse/PED20385	dijnbs469	dispatch_ok	1156
/work/work/shared/s-neomics/data/analyse/PED20385	PED20385	analysis_not_ended	16
/work/work/shared/s-neomics/data/analyse/PED20385	PED20385	no_archive_log	16
/work/work/shared/s-neomics/data/analyse/PED20387	dijnbs471	dispatch_ok	1156
/work/work/shared/s-neomics/data/analyse/PED20387	PED20387	analysis_not_ended	24
/work/work/shared/s-neomics/data/analyse/PED20387	PED20387	no_archive_log	24
/work/work/shared/s-neomics/data/analyse/PED20394	dijnbs478	dispatch_ok	1156
/work/work/shared/s-neomics/data/analyse/PED20394	PED20394	analysis_not_ended	23
/work/work/shared/s-neomics/data/analyse/PED20394	PED20394	no_archive_log	23
/work/work/shared/s-neomics/data/analyse/PED20402	dijnbs486,dijnbs487	dispatch_ok	1222
/work/work/shared/s-neomics/data/analyse/PED20402	PED20402	analysis_not_ended	21
/work/work/shared/s-neomics/data/analyse/PED20402	PED20402	no_archive_log	21
/work/work/shared/s-neomics/data/analyse/PED20386	dijnbs470	dispatch_ok	1149
/work/work/shared/s-neomics/data/analyse/PED20386	PED20386	analysis_not_ended	19
/work/work/shared/s-neomics/data/analyse/PED20386	PED20386	no_archive_log	19
/work/work/shared/s-neomics/data/analyse/PED20388	dijnbs472	dispatch_ok	1144
/work/work/shared/s-neomics/data/analyse/PED20388	PED20388	analysis_not_ended	17
/work/work/shared/s-neomics/data/analyse/PED20388	PED20388	no_archive_log	17
/work/work/shared/s-neomics/data/analyse/PED20389	dijnbs473	dispatch_ok	1144
/work/work/shared/s-neomics/data/analyse/PED20389	PED20389	analysis_not_ended	16
/work/work/shared/s-neomics/data/analyse/PED20389	PED20389	no_archive_log	16
/work/work/shared/s-neomics/data/analyse/PED20390	dijnbs474	dispatch_ok	1144
/work/work/shared/s-neomics/data/analyse/PED20390	PED20390	analysis_not_ended	17
/work/work/shared/s-neomics/data/analyse/PED20390	PED20390	no_archive_log	17
/work/work/shared/s-neomics/data/analyse/PED20385	PED20385	analysis_ok	1140
/work/work/shared/s-neomics/data/analyse/PED20385	PED20385	archive_in_progress	1
/work/work/shared/s-neomics/data/analyse/PED20385	PED20385	archive_success	1139
/work/work/shared/s-neomics/data/analyse/PED20385	dijnbs469	archive_success	1139
/work/work/shared/s-neomics/data/analyse/PED20391	dijnbs475	dispatch_ok	1139
/work/work/shared/s-neomics/data/analyse/PED20391	PED20391	analysis_not_ended	25
/work/work/shared/s-neomics/data/analyse/PED20391	PED20391	no_archive_log	25
/work/work/shared/s-neomics/data/analyse/PED20392	dijnbs476	dispatch_ok	1139
/work/work/shared/s-neomics/data/analyse/PED20392	PED20392	analysis_not_ended	28
/work/work/shared/s-neomics/data/analyse/PED20392	PED20392	no_archive_log	28
/work/work/shared/s-neomics/data/analyse/PED20393	dijnbs477	dispatch_ok	1139
/work/work/shared/s-neomics/data/analyse/PED20393	PED20393	analysis_not_ended	30
/work/work/shared/s-neomics/data/analyse/PED20393	PED20393	no_archive_log	30
/work/work/shared/s-neomics/data/analyse/PED20395	dijnbs479	dispatch_ok	1135
/work/work/shared/s-neomics/data/analyse/PED20395	PED20395	analysis_not_ended	27
/work/work/shared/s-neomics/data/analyse/PED20395	PED20395	no_archive_log	27
/work/work/shared/s-neomics/data/analyse/PED20396	dijnbs480	dispatch_ok	1135
/work/work/shared/s-neomics/data/analyse/PED20396	PED20396	analysis_not_ended	26
/work/work/shared/s-neomics/data/analyse/PED20396	PED20396	no_archive_log	26
/work/work/shared/s-neomics/data/analyse/PED20397	dijnbs481	dispatch_ok	1135
/work/work/shared/s-neomics/data/analyse/PED20397	PED20397	analysis_not_ended	27
/work/work/shared/s-neomics/data/analyse/PED20397	PED20397	no_archive_log	27
/work/work/shared/s-neomics/data/analyse/PED20394	PED20394	analysis_ok	1133
/work/work/shared/s-neomics/data/analyse/PED20394	PED20394	archive_in_progress	1
/work/work/shared/s-neomics/data/analyse/PED20387	PED20387	analysis_ok	1132
/work/work/shared/s-neomics/data/analyse/PED20387	PED20387	archive_in_progress	1
/work/work/shared/s-neomics/data/analyse/PED20394	PED20394	archive_success	1132
/work/work/shared/s-neomics/data/analyse/PED20394	dijnbs478	archive_success	1132
/work/work/shared/s-neomics/data/analyse/PED20387	PED20387	archive_success	1131
/work/work/shared/s-neomics/data/analyse/PED20387	dijnbs471	archive_success	1131
/work/work/shared/s-neomics/data/analyse/PED20398	dijnbs482	dispatch_ok	1131
/work/work/shared/s-neomics/data/analyse/PED20398	PED20398	analysis_not_ended	23
/work/work/shared/s-neomics/data/analyse/PED20398	PED20398	no_archive_log	24
/work/work/shared/s-neomics/data/analyse/PED20399	dijnbs483	dispatch_ok	1131
/work/work/shared/s-neomics/data/analyse/PED20399	PED20399	analysis_not_ended	46
/work/work/shared/s-neomics/data/analyse/PED20399	PED20399	no_archive_log	46
/work/work/shared/s-neomics/data/analyse/PED20400	dijnbs484	dispatch_ok	1203
/work/work/shared/s-neomics/data/analyse/PED20400	PED20400	analysis_not_ended	23
/work/work/shared/s-neomics/data/analyse/PED20400	PED20400	no_archive_log	24
/work/work/shared/s-neomics/data/analyse/PED20386	PED20386	analysis_ok	1130
/work/work/shared/s-neomics/data/analyse/PED20386	PED20386	archive_in_progress	2
/work/work/shared/s-neomics/data/analyse/PED20402	PED20402	analysis_ok	1201
/work/work/shared/s-neomics/data/analyse/PED20402	PED20402	archive_in_progress	4
/work/work/shared/s-neomics/data/analyse/PED20386	PED20386	archive_success	1128
/work/work/shared/s-neomics/data/analyse/PED20386	dijnbs470	archive_success	1128
/work/work/shared/s-neomics/data/analyse/PED20389	PED20389	analysis_ok	1128
/work/work/shared/s-neomics/data/analyse/PED20389	PED20389	archive_in_progress	2
/work/work/shared/s-neomics/data/analyse/PED20388	PED20388	analysis_ok	1127
/work/work/shared/s-neomics/data/analyse/PED20388	PED20388	archive_in_progress	1
/work/work/shared/s-neomics/data/analyse/PED20390	PED20390	analysis_ok	1127
/work/work/shared/s-neomics/data/analyse/PED20390	PED20390	archive_in_progress	2
/work/work/shared/s-neomics/data/analyse/PED20401	dijnbs485	dispatch_ok	1200
/work/work/shared/s-neomics/data/analyse/PED20401	PED20401	analysis_not_ended	20
/work/work/shared/s-neomics/data/analyse/PED20401	PED20401	no_archive_log	20
/work/work/shared/s-neomics/data/analyse/PED20403	dijnbs488	dispatch_ok	1200
/work/work/shared/s-neomics/data/analyse/PED20403	PED20403	analysis_not_ended	23
/work/work/shared/s-neomics/data/analyse/PED20403	PED20403	no_archive_log	23
/work/work/shared/s-neomics/data/analyse/PED20404	dijnbs489	dispatch_ok	1200
/work/work/shared/s-neomics/data/analyse/PED20404	PED20404	analysis_not_ended	21
/work/work/shared/s-neomics/data/analyse/PED20404	PED20404	no_archive_log	21
/work/work/shared/s-neomics/data/analyse/PED20388	PED20388	archive_success	1126
/work/work/shared/s-neomics/data/analyse/PED20388	dijnbs472	archive_success	1126
/work/work/shared/s-neomics/data/analyse/PED20389	PED20389	archive_success	1126
/work/work/shared/s-neomics/data/analyse/PED20389	dijnbs473	archive_success	1126
/work/work/shared/s-neomics/data/analyse/PED20390	PED20390	archive_success	1125
/work/work/shared/s-neomics/data/analyse/PED20390	dijnbs474	archive_success	1125
/work/work/shared/s-neomics/data/analyse/PED20402	PED20402	archive_success	1197
/work/work/shared/s-neomics/data/analyse/PED20402	dijnbs486	archive_success	1197
/work/work/shared/s-neomics/data/analyse/PED20402	dijnbs487	archive_success	1197
/work/work/shared/s-neomics/data/analyse/PED20405	dijnbs490	dispatch_ok	1197
/work/work/shared/s-neomics/data/analyse/PED20405	PED20405	analysis_not_ended	23
/work/work/shared/s-neomics/data/analyse/PED20405	PED20405	no_archive_log	23
/work/work/shared/s-neomics/data/analyse/PED20391	PED20391	analysis_ok	1114
/work/work/shared/s-neomics/data/analyse/PED20391	PED20391	archive_in_progress	2
/work/work/shared/s-neomics/data/analyse/PED20391	PED20391	archive_success	1112
/work/work/shared/s-neomics/data/analyse/PED20391	dijnbs475	archive_success	1112
/work/work/shared/s-neomics/data/analyse/PED20392	PED20392	analysis_ok	1111
/work/work/shared/s-neomics/data/analyse/PED20392	PED20392	archive_in_progress	2
/work/work/shared/s-neomics/data/analyse/PED20392	PED20392	archive_success	1109
/work/work/shared/s-neomics/data/analyse/PED20392	dijnbs476	archive_success	1109
/work/work/shared/s-neomics/data/analyse/PED20393	PED20393	analysis_ok	1109
/work/work/shared/s-neomics/data/analyse/PED20393	PED20393	archive_in_progress	2
/work/work/shared/s-neomics/data/analyse/PED20396	PED20396	analysis_ok	1109
/work/work/shared/s-neomics/data/analyse/PED20396	PED20396	archive_in_progress	2
/work/work/shared/s-neomics/data/analyse/PED20395	PED20395	analysis_ok	1108
/work/work/shared/s-neomics/data/analyse/PED20395	PED20395	archive_in_progress	2
/work/work/shared/s-neomics/data/analyse/PED20397	PED20397	analysis_ok	1108
/work/work/shared/s-neomics/data/analyse/PED20397	PED20397	archive_in_progress	1
/work/work/shared/s-neomics/data/analyse/PED20398	PED20398	analysis_ok	1108
/work/work/shared/s-neomics/data/analyse/PED20400	PED20400	analysis_ok	1180
/work/work/shared/s-neomics/data/analyse/PED20393	PED20393	archive_success	1107
/work/work/shared/s-neomics/data/analyse/PED20393	dijnbs477	archive_success	1107
/work/work/shared/s-neomics/data/analyse/PED20396	PED20396	archive_success	1107
/work/work/shared/s-neomics/data/analyse/PED20396	dijnbs480	archive_success	1107
/work/work/shared/s-neomics/data/analyse/PED20397	PED20397	archive_success	1107
/work/work/shared/s-neomics/data/analyse/PED20397	dijnbs481	archive_success	1107
/work/work/shared/s-neomics/data/analyse/PED20398	PED20398	archive_in_progress	2
/work/work/shared/s-neomics/data/analyse/PED20400	PED20400	archive_in_progress	2
/work/work/shared/s-neomics/data/analyse/PED20401	PED20401	analysis_ok	1180
/work/work/shared/s-neomics/data/analyse/PED20401	PED20401	archive_in_progress	2
/work/work/shared/s-neomics/data/analyse/PED20395	PED20395	archive_success	1106
/work/work/shared/s-neomics/data/analyse/PED20395	dijnbs479	archive_success	1106
/work/work/shared/s-neomics/data/analyse/PED20404	PED20404	analysis_ok	1179
/work/work/shared/s-neomics/data/analyse/PED20404	PED20404	archive_in_progress	2
/work/work/shared/s-neomics/data/analyse/PED20398	PED20398	archive_success	1105
/work/work/shared/s-neomics/data/analyse/PED20398	dijnbs482	archive_success	1105
/work/work/shared/s-neomics/data/analyse/PED20400	PED20400	archive_success	1177
/work/work/shared/s-neomics/data/analyse/PED20400	dijnbs484	archive_success	1177
/work/work/shared/s-neomics/data/analyse/PED20401	PED20401	archive_success	1178
/work/work/shared/s-neomics/data/analyse/PED20401	dijnbs485	archive_success	1178
/work/work/shared/s-neomics/data/analyse/PED20403	PED20403	analysis_ok	1177
/work/work/shared/s-neomics/data/analyse/PED20403	PED20403	archive_in_progress	2
/work/work/shared/s-neomics/data/analyse/PED20404	PED20404	archive_success	1177
/work/work/shared/s-neomics/data/analyse/PED20404	dijnbs489	archive_success	1177
/work/work/shared/s-neomics/data/analyse/PED20403	PED20403	archive_success	1175
/work/work/shared/s-neomics/data/analyse/PED20403	dijnbs488	archive_success	1175
/work/work/shared/s-neomics/data/analyse/PED20405	PED20405	analysis_ok	1174
/work/work/shared/s-neomics/data/analyse/PED20405	PED20405	archive_in_progress	1
/work/work/shared/s-neomics/data/analyse/PED20405	PED20405	archive_success	1173
/work/work/shared/s-neomics/data/analyse/PED20405	dijnbs490	archive_success	1173
/work/work/shared/s-neomics/data/analyse/PED20399	PED20399	analysis_ok	1085
/work/work/shared/s-neomics/data/analyse/PED20399	PED20399	archive_in_progress	2
/work/work/shared/s-neomics/data/analyse/PED20399	PED20399	archive_success	1083
/work/work/shared/s-neomics/data/analyse/PED20399	dijnbs483	archive_success	1083
/work/work/shared/s-neomics/data/analyse/PED14142	dijex10346,dijex10347,dijex10348	dispatch_ok	105
/work/work/shared/s-neomics/data/analyse/PED14142	PED14142	analysis_not_ended	105
/work/work/shared/s-neomics/data/analyse/PED14142	PED14142	no_archive_log	107
/work/work/shared/s-neomics/data/analyse/PED14143	dijex10349,dijex10350,dijex10351	dispatch_ok	105
/work/work/shared/s-neomics/data/analyse/PED14143	PED14143	analysis_not_ended	105
/work/work/shared/s-neomics/data/analyse/PED14143	PED14143	no_archive_log	107
/work/work/shared/s-neomics/data/analyse/PED20428	dijnbs513	dispatch_ok	680
/work/work/shared/s-neomics/data/analyse/PED20428	PED20428	analysis_not_ended	13
/work/work/shared/s-neomics/data/analyse/PED20428	PED20428	no_archive_log	13
/work/work/shared/s-neomics/data/analyse/PED20429	dijnbs514	dispatch_ok	680
/work/work/shared/s-neomics/data/analyse/PED20429	PED20429	analysis_not_ended	13
/work/work/shared/s-neomics/data/analyse/PED20429	PED20429	no_archive_log	13
/work/work/shared/s-neomics/data/analyse/PED20430	dijnbs515	dispatch_ok	680
/work/work/shared/s-neomics/data/analyse/PED20430	PED20430	analysis_not_ended	15
/work/work/shared/s-neomics/data/analyse/PED20430	PED20430	no_archive_log	15
/work/work/shared/s-neomics/data/analyse/PED14096	dijex10353,dijex10354,dijex10355	dispatch_ok	577
/work/work/shared/s-neomics/data/analyse/PED14096	PED14096	analysis_not_ended	578
/work/work/shared/s-neomics/data/analyse/PED14096	PED14096	no_archive_log	588
/work/work/shared/s-neomics/data/analyse/PED14103	dijex10356,dijex10357,dijex10358	dispatch_ok	577
/work/work/shared/s-neomics/data/analyse/PED14103	PED14103	analysis_not_ended	578
/work/work/shared/s-neomics/data/analyse/PED14103	PED14103	no_archive_log	588
/work/work/shared/s-neomics/data/analyse/PED14105	dijex10359,dijex10360,dijex10361	dispatch_ok	576
/work/work/shared/s-neomics/data/analyse/PED14105	PED14105	analysis_not_ended	577
/work/work/shared/s-neomics/data/analyse/PED14105	PED14105	no_archive_log	587
/work/work/shared/s-neomics/data/analyse/PED14079	dijex10364,dijex10365,dijex10366	dispatch_ok	576
/work/work/shared/s-neomics/data/analyse/PED14079	PED14079	analysis_not_ended	577
/work/work/shared/s-neomics/data/analyse/PED14079	PED14079	no_archive_log	587
/work/work/shared/s-neomics/data/analyse/PED14095	dijex10367,dijex10368,dijex10369	dispatch_ok	575
/work/work/shared/s-neomics/data/analyse/PED14095	PED14095	analysis_not_ended	576
/work/work/shared/s-neomics/data/analyse/PED14095	PED14095	no_archive_log	586
/work/work/shared/s-neomics/data/analyse/PED14054	dijex10352	dispatch_ok	575
/work/work/shared/s-neomics/data/analyse/PED14054	PED14054	analysis_not_ended	576
/work/work/shared/s-neomics/data/analyse/PED14054	PED14054	no_archive_log	586
/work/work/shared/s-neomics/data/analyse/PED20428	PED20428	analysis_ok	667
/work/work/shared/s-neomics/data/analyse/PED20428	PED20428	archive_in_progress	1
/work/work/shared/s-neomics/data/analyse/PED20429	PED20429	analysis_ok	667
/work/work/shared/s-neomics/data/analyse/PED20429	PED20429	archive_in_progress	1
/work/work/shared/s-neomics/data/analyse/PED20428	PED20428	archive_success	666
/work/work/shared/s-neomics/data/analyse/PED20428	dijnbs513	archive_success	666
/work/work/shared/s-neomics/data/analyse/PED20429	PED20429	archive_success	666
/work/work/shared/s-neomics/data/analyse/PED20429	dijnbs514	archive_success	666
/work/work/shared/s-neomics/data/analyse/PED20430	PED20430	analysis_ok	665
/work/work/shared/s-neomics/data/analyse/PED20430	PED20430	archive_in_progress	1
/work/work/shared/s-neomics/data/analyse/PED20430	PED20430	archive_success	664
/work/work/shared/s-neomics/data/analyse/PED20430	dijnbs515	archive_success	664
/work/work/shared/s-neomics/data/analyse/PED20407	dijnbs492	dispatch_ok	561
/work/work/shared/s-neomics/data/analyse/PED20407	PED20407	analysis_not_ended	14
/work/work/shared/s-neomics/data/analyse/PED20407	PED20407	no_archive_log	14
/work/work/shared/s-neomics/data/analyse/PED20408	dijnbs493	dispatch_ok	561
/work/work/shared/s-neomics/data/analyse/PED20408	PED20408	analysis_not_ended	20
/work/work/shared/s-neomics/data/analyse/PED20408	PED20408	no_archive_log	20
/work/work/shared/s-neomics/data/analyse/PED20410	dijnbs495	dispatch_ok	561
/work/work/shared/s-neomics/data/analyse/PED20410	PED20410	analysis_not_ended	14
/work/work/shared/s-neomics/data/analyse/PED20410	PED20410	no_archive_log	14
/work/work/shared/s-neomics/data/analyse/PED20432	dijnbs517,dijnbs518	dispatch_ok	555
/work/work/shared/s-neomics/data/analyse/PED20432	PED20432	analysis_not_ended	24
/work/work/shared/s-neomics/data/analyse/PED20432	PED20432	no_archive_log	24
/work/work/shared/s-neomics/data/analyse/PED20406	dijnbs491	dispatch_ok	556
/work/work/shared/s-neomics/data/analyse/PED20406	PED20406	analysis_not_ended	28
/work/work/shared/s-neomics/data/analyse/PED20406	PED20406	no_archive_log	28
/work/work/shared/s-neomics/data/analyse/PED20409	dijnbs494	dispatch_ok	552
/work/work/shared/s-neomics/data/analyse/PED20409	PED20409	analysis_not_ended	25
/work/work/shared/s-neomics/data/analyse/PED20409	PED20409	no_archive_log	25
/work/work/shared/s-neomics/data/analyse/PED20411	dijnbs496	dispatch_ok	552
/work/work/shared/s-neomics/data/analyse/PED20411	PED20411	analysis_not_ended	29
/work/work/shared/s-neomics/data/analyse/PED20411	PED20411	no_archive_log	30
/work/work/shared/s-neomics/data/analyse/PED20412	dijnbs497	dispatch_ok	552
/work/work/shared/s-neomics/data/analyse/PED20412	PED20412	analysis_not_ended	21
/work/work/shared/s-neomics/data/analyse/PED20412	PED20412	no_archive_log	21
/work/work/shared/s-neomics/data/analyse/PED20413	dijnbs498	dispatch_ok	549
/work/work/shared/s-neomics/data/analyse/PED20413	PED20413	analysis_not_ended	33
/work/work/shared/s-neomics/data/analyse/PED20413	PED20413	no_archive_log	33
/work/work/shared/s-neomics/data/analyse/PED20414	dijnbs499	dispatch_ok	549
/work/work/shared/s-neomics/data/analyse/PED20414	PED20414	analysis_not_ended	33
/work/work/shared/s-neomics/data/analyse/PED20414	PED20414	no_archive_log	33
/work/work/shared/s-neomics/data/analyse/PED20415	dijnbs500	dispatch_ok	549
/work/work/shared/s-neomics/data/analyse/PED20415	PED20415	analysis_not_ended	26
/work/work/shared/s-neomics/data/analyse/PED20415	PED20415	no_archive_log	26
/work/work/shared/s-neomics/data/analyse/PED20407	PED20407	analysis_ok	547
/work/work/shared/s-neomics/data/analyse/PED20407	PED20407	archive_in_progress	1
/work/work/shared/s-neomics/data/analyse/PED20410	PED20410	analysis_ok	547
/work/work/shared/s-neomics/data/analyse/PED20410	PED20410	archive_in_progress	1
/work/work/shared/s-neomics/data/analyse/PED20417	dijnbs502	dispatch_ok	546
/work/work/shared/s-neomics/data/analyse/PED20417	PED20417	analysis_not_ended	30
/work/work/shared/s-neomics/data/analyse/PED20417	PED20417	no_archive_log	30
/work/work/shared/s-neomics/data/analyse/PED20407	PED20407	archive_success	546
/work/work/shared/s-neomics/data/analyse/PED20407	dijnbs492	archive_success	546
/work/work/shared/s-neomics/data/analyse/PED20410	PED20410	archive_success	546
/work/work/shared/s-neomics/data/analyse/PED20410	dijnbs495	archive_success	546
/work/work/shared/s-neomics/data/analyse/PED20416	dijnbs501	dispatch_ok	546
/work/work/shared/s-neomics/data/analyse/PED20416	PED20416	analysis_not_ended	45
/work/work/shared/s-neomics/data/analyse/PED20416	PED20416	no_archive_log	45
/work/work/shared/s-neomics/data/analyse/PED20418	dijnbs503	dispatch_ok	546
/work/work/shared/s-neomics/data/analyse/PED20418	PED20418	analysis_not_ended	30
/work/work/shared/s-neomics/data/analyse/PED20418	PED20418	no_archive_log	30
/work/work/shared/s-neomics/data/analyse/PED20419	dijnbs504	dispatch_ok	544
/work/work/shared/s-neomics/data/analyse/PED20419	PED20419	analysis_not_ended	29
/work/work/shared/s-neomics/data/analyse/PED20419	PED20419	no_archive_log	29
/work/work/shared/s-neomics/data/analyse/PED20420	dijnbs505	dispatch_ok	544
/work/work/shared/s-neomics/data/analyse/PED20420	PED20420	analysis_not_ended	29
/work/work/shared/s-neomics/data/analyse/PED20420	PED20420	no_archive_log	29
/work/work/shared/s-neomics/data/analyse/PED20421	dijnbs506	dispatch_ok	544
/work/work/shared/s-neomics/data/analyse/PED20421	PED20421	analysis_not_ended	29
/work/work/shared/s-neomics/data/analyse/PED20421	PED20421	no_archive_log	29
/work/work/shared/s-neomics/data/analyse/PED20422	dijnbs507	dispatch_ok	541
/work/work/shared/s-neomics/data/analyse/PED20422	PED20422	analysis_not_ended	26
/work/work/shared/s-neomics/data/analyse/PED20422	PED20422	no_archive_log	28
/work/work/shared/s-neomics/data/analyse/PED20423	dijnbs508	dispatch_ok	541
/work/work/shared/s-neomics/data/analyse/PED20423	PED20423	analysis_not_ended	26
/work/work/shared/s-neomics/data/analyse/PED20423	PED20423	no_archive_log	27
/work/work/shared/s-neomics/data/analyse/PED20408	PED20408	analysis_ok	541
/work/work/shared/s-neomics/data/analyse/PED20408	PED20408	archive_in_progress	1
/work/work/shared/s-neomics/data/analyse/PED20424	dijnbs509	dispatch_ok	540
/work/work/shared/s-neomics/data/analyse/PED20424	PED20424	analysis_not_ended	27
/work/work/shared/s-neomics/data/analyse/PED20424	PED20424	no_archive_log	27
/work/work/shared/s-neomics/data/analyse/PED20408	PED20408	archive_success	540
/work/work/shared/s-neomics/data/analyse/PED20408	dijnbs493	archive_success	540
/work/work/shared/s-neomics/data/analyse/PED20426	dijnbs511	dispatch_ok	538
/work/work/shared/s-neomics/data/analyse/PED20426	PED20426	analysis_not_ended	26
/work/work/shared/s-neomics/data/analyse/PED20426	PED20426	no_archive_log	26
/work/work/shared/s-neomics/data/analyse/PED20425	dijnbs510	dispatch_ok	538
/work/work/shared/s-neomics/data/analyse/PED20425	PED20425	analysis_not_ended	26
/work/work/shared/s-neomics/data/analyse/PED20425	PED20425	no_archive_log	26
/work/work/shared/s-neomics/data/analyse/PED20427	dijnbs512	dispatch_ok	536
/work/work/shared/s-neomics/data/analyse/PED20427	PED20427	analysis_not_ended	27
/work/work/shared/s-neomics/data/analyse/PED20427	PED20427	no_archive_log	27
/work/work/shared/s-neomics/data/analyse/PED20431	dijnbs516	dispatch_ok	535
/work/work/shared/s-neomics/data/analyse/PED20431	PED20431	analysis_not_ended	29
/work/work/shared/s-neomics/data/analyse/PED20431	PED20431	no_archive_log	29
/work/work/shared/s-neomics/data/analyse/PED20432	PED20432	analysis_ok	531
/work/work/shared/s-neomics/data/analyse/PED20432	PED20432	archive_in_progress	3
/work/work/shared/s-neomics/data/analyse/PED20412	PED20412	analysis_ok	531
/work/work/shared/s-neomics/data/analyse/PED20412	PED20412	archive_in_progress	1
/work/work/shared/s-neomics/data/analyse/PED20412	PED20412	archive_success	530
/work/work/shared/s-neomics/data/analyse/PED20412	dijnbs497	archive_success	530
/work/work/shared/s-neomics/data/analyse/PED20432	PED20432	archive_success	528
/work/work/shared/s-neomics/data/analyse/PED20432	dijnbs517	archive_success	528
/work/work/shared/s-neomics/data/analyse/PED20432	dijnbs518	archive_success	528
/work/work/shared/s-neomics/data/analyse/PED20406	PED20406	analysis_ok	528
/work/work/shared/s-neomics/data/analyse/PED20406	PED20406	archive_in_progress	2
/work/work/shared/s-neomics/data/analyse/PED20409	PED20409	analysis_ok	527
/work/work/shared/s-neomics/data/analyse/PED20409	PED20409	archive_in_progress	1
/work/work/shared/s-neomics/data/analyse/PED20406	PED20406	archive_success	526
/work/work/shared/s-neomics/data/analyse/PED20406	dijnbs491	archive_success	526
/work/work/shared/s-neomics/data/analyse/PED20409	PED20409	archive_success	526
/work/work/shared/s-neomics/data/analyse/PED20409	dijnbs494	archive_success	526
/work/work/shared/s-neomics/data/analyse/PED20411	PED20411	analysis_ok	523
/work/work/shared/s-neomics/data/analyse/PED20415	PED20415	analysis_ok	523
/work/work/shared/s-neomics/data/analyse/PED20415	PED20415	archive_in_progress	1
/work/work/shared/s-neomics/data/analyse/PED20411	PED20411	archive_in_progress	1
/work/work/shared/s-neomics/data/analyse/PED20415	PED20415	archive_success	522
/work/work/shared/s-neomics/data/analyse/PED20415	dijnbs500	archive_success	522
/work/work/shared/s-neomics/data/analyse/PED20411	PED20411	archive_success	521
/work/work/shared/s-neomics/data/analyse/PED20411	dijnbs496	archive_success	521
/work/work/shared/s-neomics/data/analyse/PED20417	PED20417	analysis_ok	516
/work/work/shared/s-neomics/data/analyse/PED20417	PED20417	archive_in_progress	1
/work/work/shared/s-neomics/data/analyse/PED20413	PED20413	analysis_ok	516
/work/work/shared/s-neomics/data/analyse/PED20413	PED20413	archive_in_progress	1
/work/work/shared/s-neomics/data/analyse/PED20414	PED20414	analysis_ok	516
/work/work/shared/s-neomics/data/analyse/PED20414	PED20414	archive_in_progress	1
/work/work/shared/s-neomics/data/analyse/PED20416	PED20416	analysis_ok	1455
/work/work/shared/s-neomics/data/analyse/PED20416	PED20416	archive_success	1453
/work/work/shared/s-neomics/data/analyse/PED20416	dijnbs501	archive_success	516
/work/work/shared/s-neomics/data/analyse/PED20418	PED20418	analysis_ok	516
/work/work/shared/s-neomics/data/analyse/PED20418	PED20418	archive_in_progress	2
/work/work/shared/s-neomics/data/analyse/PED20417	PED20417	archive_success	515
/work/work/shared/s-neomics/data/analyse/PED20417	dijnbs502	archive_success	515
/work/work/shared/s-neomics/data/analyse/PED20419	PED20419	analysis_ok	515
/work/work/shared/s-neomics/data/analyse/PED20419	PED20419	archive_in_progress	2
/work/work/shared/s-neomics/data/analyse/PED20420	PED20420	analysis_ok	515
/work/work/shared/s-neomics/data/analyse/PED20420	PED20420	archive_in_progress	2
/work/work/shared/s-neomics/data/analyse/PED20422	PED20422	analysis_ok	515
/work/work/shared/s-neomics/data/analyse/PED20423	PED20423	analysis_ok	515
/work/work/shared/s-neomics/data/analyse/PED20413	PED20413	archive_success	515
/work/work/shared/s-neomics/data/analyse/PED20413	dijnbs498	archive_success	515
/work/work/shared/s-neomics/data/analyse/PED20414	PED20414	archive_success	515
/work/work/shared/s-neomics/data/analyse/PED20414	dijnbs499	archive_success	515
/work/work/shared/s-neomics/data/analyse/PED20421	PED20421	analysis_ok	515
/work/work/shared/s-neomics/data/analyse/PED20421	PED20421	archive_in_progress	2
/work/work/shared/s-neomics/data/analyse/PED20423	PED20423	archive_in_progress	1
/work/work/shared/s-neomics/data/analyse/PED20418	PED20418	archive_success	514
/work/work/shared/s-neomics/data/analyse/PED20418	dijnbs503	archive_success	514
/work/work/shared/s-neomics/data/analyse/PED20419	PED20419	archive_success	513
/work/work/shared/s-neomics/data/analyse/PED20419	dijnbs504	archive_success	513
/work/work/shared/s-neomics/data/analyse/PED20420	PED20420	archive_success	513
/work/work/shared/s-neomics/data/analyse/PED20420	dijnbs505	archive_success	513
/work/work/shared/s-neomics/data/analyse/PED20422	PED20422	archive_in_progress	1
/work/work/shared/s-neomics/data/analyse/PED20423	PED20423	archive_success	513
/work/work/shared/s-neomics/data/analyse/PED20423	dijnbs508	archive_success	513
/work/work/shared/s-neomics/data/analyse/PED20424	PED20424	analysis_ok	513
/work/work/shared/s-neomics/data/analyse/PED20424	PED20424	archive_in_progress	1
/work/work/shared/s-neomics/data/analyse/PED20421	PED20421	archive_success	513
/work/work/shared/s-neomics/data/analyse/PED20421	dijnbs506	archive_success	513
/work/work/shared/s-neomics/data/analyse/PED20422	PED20422	archive_success	512
/work/work/shared/s-neomics/data/analyse/PED20422	dijnbs507	archive_success	512
/work/work/shared/s-neomics/data/analyse/PED20424	PED20424	archive_success	512
/work/work/shared/s-neomics/data/analyse/PED20424	dijnbs509	archive_success	512
/work/work/shared/s-neomics/data/analyse/PED20426	PED20426	analysis_ok	512
/work/work/shared/s-neomics/data/analyse/PED20426	PED20426	archive_in_progress	1
/work/work/shared/s-neomics/data/analyse/PED20425	PED20425	analysis_ok	512
/work/work/shared/s-neomics/data/analyse/PED20425	PED20425	archive_success	512
/work/work/shared/s-neomics/data/analyse/PED20425	dijnbs510	archive_success	512
/work/work/shared/s-neomics/data/analyse/PED20426	PED20426	archive_success	511
/work/work/shared/s-neomics/data/analyse/PED20426	dijnbs511	archive_success	511
/work/work/shared/s-neomics/data/analyse/PED20427	PED20427	analysis_ok	509
/work/work/shared/s-neomics/data/analyse/PED20427	PED20427	archive_in_progress	1
/work/work/shared/s-neomics/data/analyse/PED20427	PED20427	archive_success	508
/work/work/shared/s-neomics/data/analyse/PED20427	dijnbs512	archive_success	508
/work/work/shared/s-neomics/data/analyse/PED20431	PED20431	analysis_ok	506
/work/work/shared/s-neomics/data/analyse/PED20431	PED20431	archive_in_progress	1
/work/work/shared/s-neomics/data/analyse/PED20431	PED20431	archive_success	505
/work/work/shared/s-neomics/data/analyse/PED20431	dijnbs516	archive_success	505
/work/work/shared/s-neomics/data/analyse/PED20442	dijnbs528	dispatch_ok	1702
/work/work/shared/s-neomics/data/analyse/PED20442	PED20442	analysis_not_ended	370
/work/work/shared/s-neomics/data/analyse/PED20442	PED20442	no_archive_log	377
/work/work/shared/s-neomics/data/analyse/PED20433	dijnbs519	dispatch_ok	368
/work/work/shared/s-neomics/data/analyse/PED20433	PED20433	analysis_not_ended	14
/work/work/shared/s-neomics/data/analyse/PED20433	PED20433	no_archive_log	14
/work/work/shared/s-neomics/data/analyse/PED20443	dijnbs529	dispatch_ok	368
/work/work/shared/s-neomics/data/analyse/PED20443	PED20443	analysis_not_ended	19
/work/work/shared/s-neomics/data/analyse/PED20443	PED20443	no_archive_log	19
/work/work/shared/s-neomics/data/analyse/PED20434	dijnbs520	dispatch_ok	365
/work/work/shared/s-neomics/data/analyse/PED20434	PED20434	analysis_not_ended	16
/work/work/shared/s-neomics/data/analyse/PED20434	PED20434	no_archive_log	16
/work/work/shared/s-neomics/data/analyse/PED20435	dijnbs521	dispatch_ok	365
/work/work/shared/s-neomics/data/analyse/PED20435	PED20435	analysis_not_ended	329
/work/work/shared/s-neomics/data/analyse/PED20435	PED20435	no_archive_log	335
/work/work/shared/s-neomics/data/analyse/PED20436	dijnbs522	dispatch_ok	364
/work/work/shared/s-neomics/data/analyse/PED20436	PED20436	analysis_not_ended	14
/work/work/shared/s-neomics/data/analyse/PED20436	PED20436	no_archive_log	14
/work/work/shared/s-neomics/data/analyse/PED20437	dijnbs523	dispatch_ok	290
/work/work/shared/s-neomics/data/analyse/PED20437	PED20437	analysis_not_ended	26
/work/work/shared/s-neomics/data/analyse/PED20437	PED20437	no_archive_log	26
/work/work/shared/s-neomics/data/analyse/PED20438	dijnbs524	dispatch_ok	1696
/work/work/shared/s-neomics/data/analyse/PED20438	PED20438	analysis_not_ended	364
/work/work/shared/s-neomics/data/analyse/PED20438	PED20438	no_archive_log	371
/work/work/shared/s-neomics/data/analyse/PED20439	dijnbs525	dispatch_ok	361
/work/work/shared/s-neomics/data/analyse/PED20439	PED20439	analysis_not_ended	25
/work/work/shared/s-neomics/data/analyse/PED20439	PED20439	no_archive_log	25
/work/work/shared/s-neomics/data/analyse/PED20440	dijnbs526	dispatch_ok	1693
/work/work/shared/s-neomics/data/analyse/PED20440	PED20440	analysis_not_ended	361
/work/work/shared/s-neomics/data/analyse/PED20440	PED20440	no_archive_log	368
/work/work/shared/s-neomics/data/analyse/PED20441	dijnbs527	dispatch_ok	1693
/work/work/shared/s-neomics/data/analyse/PED20441	PED20441	analysis_not_ended	1696
/work/work/shared/s-neomics/data/analyse/PED20441	PED20441	no_archive_log	1727
/work/work/shared/s-neomics/data/analyse/PED20444	dijnbs530	dispatch_ok	358
/work/work/shared/s-neomics/data/analyse/PED20444	PED20444	analysis_not_ended	37
/work/work/shared/s-neomics/data/analyse/PED20444	PED20444	no_archive_log	37
/work/work/shared/s-neomics/data/analyse/PED20446	dijnbs532	dispatch_ok	355
/work/work/shared/s-neomics/data/analyse/PED20446	PED20446	analysis_not_ended	34
/work/work/shared/s-neomics/data/analyse/PED20446	PED20446	no_archive_log	34
/work/work/shared/s-neomics/data/analyse/PED20445	dijnbs531	dispatch_ok	355
/work/work/shared/s-neomics/data/analyse/PED20445	PED20445	analysis_not_ended	34
/work/work/shared/s-neomics/data/analyse/PED20445	PED20445	no_archive_log	34
/work/work/shared/s-neomics/data/analyse/PED20447	dijnbs533	dispatch_ok	355
/work/work/shared/s-neomics/data/analyse/PED20447	PED20447	analysis_not_ended	35
/work/work/shared/s-neomics/data/analyse/PED20447	PED20447	no_archive_log	35
/work/work/shared/s-neomics/data/analyse/PED20433	PED20433	analysis_ok	354
/work/work/shared/s-neomics/data/analyse/PED20433	PED20433	archive_in_progress	1
/work/work/shared/s-neomics/data/analyse/PED20433	PED20433	archive_success	353
/work/work/shared/s-neomics/data/analyse/PED20433	dijnbs519	archive_success	353
/work/work/shared/s-neomics/data/analyse/PED20448	dijnbs534	dispatch_ok	352
/work/work/shared/s-neomics/data/analyse/PED20448	PED20448	analysis_not_ended	280
/work/work/shared/s-neomics/data/analyse/PED20448	PED20448	no_archive_log	285
/work/work/shared/s-neomics/data/analyse/PED20450	dijnbs536	dispatch_ok	351
/work/work/shared/s-neomics/data/analyse/PED20450	PED20450	analysis_not_ended	31
/work/work/shared/s-neomics/data/analyse/PED20450	PED20450	no_archive_log	31
/work/work/shared/s-neomics/data/analyse/PED20449	dijnbs535	dispatch_ok	351
/work/work/shared/s-neomics/data/analyse/PED20449	PED20449	analysis_not_ended	31
/work/work/shared/s-neomics/data/analyse/PED20449	PED20449	no_archive_log	31
/work/work/shared/s-neomics/data/analyse/PED20436	PED20436	analysis_ok	350
/work/work/shared/s-neomics/data/analyse/PED20436	PED20436	archive_in_progress	1
/work/work/shared/s-neomics/data/analyse/PED20434	PED20434	analysis_ok	349
/work/work/shared/s-neomics/data/analyse/PED20434	PED20434	archive_in_progress	1
/work/work/shared/s-neomics/data/analyse/PED20436	PED20436	archive_success	349
/work/work/shared/s-neomics/data/analyse/PED20436	dijnbs522	archive_success	349
/work/work/shared/s-neomics/data/analyse/PED20443	PED20443	analysis_ok	349
/work/work/shared/s-neomics/data/analyse/PED20443	PED20443	archive_in_progress	1
/work/work/shared/s-neomics/data/analyse/PED20434	PED20434	archive_success	348
/work/work/shared/s-neomics/data/analyse/PED20434	dijnbs520	archive_success	348
/work/work/shared/s-neomics/data/analyse/PED20453	dijnbs539	dispatch_ok	348
/work/work/shared/s-neomics/data/analyse/PED20453	PED20453	analysis_not_ended	28
/work/work/shared/s-neomics/data/analyse/PED20453	PED20453	no_archive_log	29
/work/work/shared/s-neomics/data/analyse/PED20451	dijnbs537	dispatch_ok	1682
/work/work/shared/s-neomics/data/analyse/PED20451	PED20451	analysis_not_ended	350
/work/work/shared/s-neomics/data/analyse/PED20451	PED20451	no_archive_log	357
/work/work/shared/s-neomics/data/analyse/PED20443	PED20443	archive_success	348
/work/work/shared/s-neomics/data/analyse/PED20443	dijnbs529	archive_success	348
/work/work/shared/s-neomics/data/analyse/PED20452	dijnbs538	dispatch_ok	348
/work/work/shared/s-neomics/data/analyse/PED20452	PED20452	analysis_not_ended	28
/work/work/shared/s-neomics/data/analyse/PED20452	PED20452	no_archive_log	29
/work/work/shared/s-neomics/data/analyse/PED20455	dijnbs541	dispatch_ok	1678
/work/work/shared/s-neomics/data/analyse/PED20455	PED20455	analysis_not_ended	347
/work/work/shared/s-neomics/data/analyse/PED20455	PED20455	no_archive_log	355
/work/work/shared/s-neomics/data/analyse/PED20454	dijnbs540	dispatch_ok	1678
/work/work/shared/s-neomics/data/analyse/PED20454	PED20454	analysis_not_ended	347
/work/work/shared/s-neomics/data/analyse/PED20454	PED20454	no_archive_log	355
/work/work/shared/s-neomics/data/analyse/PED20456	dijnbs542	dispatch_ok	1678
/work/work/shared/s-neomics/data/analyse/PED20456	PED20456	analysis_not_ended	348
/work/work/shared/s-neomics/data/analyse/PED20456	PED20456	no_archive_log	355
/work/work/shared/s-neomics/data/analyse/PED20457	dijnbs543	dispatch_ok	1674
/work/work/shared/s-neomics/data/analyse/PED20457	PED20457	analysis_not_ended	344
/work/work/shared/s-neomics/data/analyse/PED20457	PED20457	no_archive_log	352
/work/work/shared/s-neomics/data/analyse/PED20437	PED20437	analysis_ok	264
/work/work/shared/s-neomics/data/analyse/PED20437	PED20437	archive_in_progress	2
/work/work/shared/s-neomics/data/analyse/PED20439	PED20439	analysis_ok	336
/work/work/shared/s-neomics/data/analyse/PED20439	PED20439	archive_in_progress	2
/work/work/shared/s-neomics/data/analyse/PED20437	PED20437	archive_success	262
/work/work/shared/s-neomics/data/analyse/PED20437	dijnbs523	archive_success	262
/work/work/shared/s-neomics/data/analyse/PED20439	PED20439	archive_success	334
/work/work/shared/s-neomics/data/analyse/PED20439	dijnbs525	archive_success	334
/work/work/shared/s-neomics/data/analyse/PED20444	PED20444	analysis_ok	321
/work/work/shared/s-neomics/data/analyse/PED20444	PED20444	archive_in_progress	1
/work/work/shared/s-neomics/data/analyse/PED20446	PED20446	analysis_ok	321
/work/work/shared/s-neomics/data/analyse/PED20446	PED20446	archive_in_progress	2
/work/work/shared/s-neomics/data/analyse/PED20445	PED20445	analysis_ok	321
/work/work/shared/s-neomics/data/analyse/PED20445	PED20445	archive_in_progress	1
/work/work/shared/s-neomics/data/analyse/PED20444	PED20444	archive_success	320
/work/work/shared/s-neomics/data/analyse/PED20444	dijnbs530	archive_success	320
/work/work/shared/s-neomics/data/analyse/PED20450	PED20450	analysis_ok	320
/work/work/shared/s-neomics/data/analyse/PED20450	PED20450	archive_in_progress	1
/work/work/shared/s-neomics/data/analyse/PED20453	PED20453	analysis_ok	320
/work/work/shared/s-neomics/data/analyse/PED20445	PED20445	archive_success	320
/work/work/shared/s-neomics/data/analyse/PED20445	dijnbs531	archive_success	320
/work/work/shared/s-neomics/data/analyse/PED20447	PED20447	analysis_ok	320
/work/work/shared/s-neomics/data/analyse/PED20447	PED20447	archive_in_progress	1
/work/work/shared/s-neomics/data/analyse/PED20449	PED20449	analysis_ok	320
/work/work/shared/s-neomics/data/analyse/PED20449	PED20449	archive_in_progress	2
/work/work/shared/s-neomics/data/analyse/PED20452	PED20452	analysis_ok	320
/work/work/shared/s-neomics/data/analyse/PED20446	PED20446	archive_success	319
/work/work/shared/s-neomics/data/analyse/PED20446	dijnbs532	archive_success	319
/work/work/shared/s-neomics/data/analyse/PED20450	PED20450	archive_success	319
/work/work/shared/s-neomics/data/analyse/PED20450	dijnbs536	archive_success	319
/work/work/shared/s-neomics/data/analyse/PED20453	PED20453	archive_in_progress	1
/work/work/shared/s-neomics/data/analyse/PED20447	PED20447	archive_success	319
/work/work/shared/s-neomics/data/analyse/PED20447	dijnbs533	archive_success	319
/work/work/shared/s-neomics/data/analyse/PED20452	PED20452	archive_in_progress	1
/work/work/shared/s-neomics/data/analyse/PED20453	PED20453	archive_success	318
/work/work/shared/s-neomics/data/analyse/PED20453	dijnbs539	archive_success	318
/work/work/shared/s-neomics/data/analyse/PED20449	PED20449	archive_success	318
/work/work/shared/s-neomics/data/analyse/PED20449	dijnbs535	archive_success	318
/work/work/shared/s-neomics/data/analyse/PED20452	PED20452	archive_success	318
/work/work/shared/s-neomics/data/analyse/PED20452	dijnbs538	archive_success	318
/work/work/shared/s-neomics/data/analyse/PED20448	PED20448	analysis_ok	72
/work/work/shared/s-neomics/data/analyse/PED20448	PED20448	archive_in_progress	1
/work/work/shared/s-neomics/data/analyse/PED20448	PED20448	archive_success	71
/work/work/shared/s-neomics/data/analyse/PED20448	dijnbs534	archive_success	71
/work/work/shared/s-neomics/data/analyse/PED20435	PED20435	analysis_ok	36
/work/work/shared/s-neomics/data/analyse/PED20435	PED20435	archive_in_progress	1
/work/work/shared/s-neomics/data/analyse/PED20435	PED20435	archive_success	35
/work/work/shared/s-neomics/data/analyse/PED20435	dijnbs521	archive_success	35
/work/work/shared/s-neomics/data/analyse/PED20438	PED20438	analysis_ok	1332
/work/work/shared/s-neomics/data/analyse/PED20438	PED20438	archive_in_progress	2
/work/work/shared/s-neomics/data/analyse/PED20440	PED20440	analysis_ok	1332
/work/work/shared/s-neomics/data/analyse/PED20440	PED20440	archive_in_progress	2
/work/work/shared/s-neomics/data/analyse/PED20442	PED20442	analysis_ok	1332
/work/work/shared/s-neomics/data/analyse/PED20442	PED20442	archive_in_progress	2
/work/work/shared/s-neomics/data/analyse/PED20451	PED20451	analysis_ok	1332
/work/work/shared/s-neomics/data/analyse/PED20451	PED20451	archive_in_progress	3
/work/work/shared/s-neomics/data/analyse/PED20455	PED20455	analysis_ok	1331
/work/work/shared/s-neomics/data/analyse/PED20454	PED20454	analysis_ok	1331
/work/work/shared/s-neomics/data/analyse/PED20455	PED20455	archive_in_progress	2
/work/work/shared/s-neomics/data/analyse/PED20438	PED20438	archive_success	1330
/work/work/shared/s-neomics/data/analyse/PED20438	dijnbs524	archive_success	1330
/work/work/shared/s-neomics/data/analyse/PED20440	PED20440	archive_success	1330
/work/work/shared/s-neomics/data/analyse/PED20440	dijnbs526	archive_success	1330
/work/work/shared/s-neomics/data/analyse/PED20442	PED20442	archive_success	1330
/work/work/shared/s-neomics/data/analyse/PED20442	dijnbs528	archive_success	1330
/work/work/shared/s-neomics/data/analyse/PED20457	PED20457	analysis_ok	1330
/work/work/shared/s-neomics/data/analyse/PED20454	PED20454	archive_in_progress	2
/work/work/shared/s-neomics/data/analyse/PED20456	PED20456	analysis_ok	1330
/work/work/shared/s-neomics/data/analyse/PED20456	PED20456	archive_in_progress	2
/work/work/shared/s-neomics/data/analyse/PED20451	PED20451	archive_success	1329
/work/work/shared/s-neomics/data/analyse/PED20451	dijnbs537	archive_success	1329
/work/work/shared/s-neomics/data/analyse/PED20457	PED20457	archive_in_progress	1
/work/work/shared/s-neomics/data/analyse/PED20455	PED20455	archive_success	1328
/work/work/shared/s-neomics/data/analyse/PED20455	dijnbs541	archive_success	1328
/work/work/shared/s-neomics/data/analyse/PED20457	PED20457	archive_success	1328
/work/work/shared/s-neomics/data/analyse/PED20457	dijnbs543	archive_success	1328
/work/work/shared/s-neomics/data/analyse/PED20454	PED20454	archive_success	1328
/work/work/shared/s-neomics/data/analyse/PED20454	dijnbs540	archive_success	1328
/work/work/shared/s-neomics/data/analyse/PED20456	PED20456	archive_success	1328
/work/work/shared/s-neomics/data/analyse/PED20456	dijnbs542	archive_success	1328
/work/work/shared/s-neomics/data/analyse/PED20463	dijnbs549	dispatch_ok	1129
/work/work/shared/s-neomics/data/analyse/PED20463	PED20463	analysis_not_ended	35
/work/work/shared/s-neomics/data/analyse/PED20463	PED20463	no_archive_log	35
/work/work/shared/s-neomics/data/analyse/PED20465	dijnbs552,dijnbs553	dispatch_ok	1128
/work/work/shared/s-neomics/data/analyse/PED20465	PED20465	analysis_not_ended	12
/work/work/shared/s-neomics/data/analyse/PED20465	PED20465	no_archive_log	12
/work/work/shared/s-neomics/data/analyse/PED20458	dijnbs544	dispatch_ok	1125
/work/work/shared/s-neomics/data/analyse/PED20458	PED20458	analysis_not_ended	12
/work/work/shared/s-neomics/data/analyse/PED20458	PED20458	no_archive_log	12
/work/work/shared/s-neomics/data/analyse/PED20460	dijnbs546	dispatch_ok	1125
/work/work/shared/s-neomics/data/analyse/PED20460	PED20460	analysis_not_ended	15
/work/work/shared/s-neomics/data/analyse/PED20460	PED20460	no_archive_log	15
/work/work/shared/s-neomics/data/analyse/PED20461	dijnbs547	dispatch_ok	1125
/work/work/shared/s-neomics/data/analyse/PED20461	PED20461	analysis_not_ended	20
/work/work/shared/s-neomics/data/analyse/PED20461	PED20461	no_archive_log	20
/work/work/shared/s-neomics/data/analyse/PED20462	dijnbs548	dispatch_ok	1123
/work/work/shared/s-neomics/data/analyse/PED20462	PED20462	analysis_not_ended	19
/work/work/shared/s-neomics/data/analyse/PED20462	PED20462	no_archive_log	19
/work/work/shared/s-neomics/data/analyse/PED20466	dijnbs554	dispatch_ok	1121
/work/work/shared/s-neomics/data/analyse/PED20466	PED20466	analysis_not_ended	21
/work/work/shared/s-neomics/data/analyse/PED20466	PED20466	no_archive_log	21
/work/work/shared/s-neomics/data/analyse/PED20468	dijnbs556	dispatch_ok	1121
/work/work/shared/s-neomics/data/analyse/PED20468	PED20468	analysis_not_ended	23
/work/work/shared/s-neomics/data/analyse/PED20468	PED20468	no_archive_log	23
/work/work/shared/s-neomics/data/analyse/PED20469	dijnbs557	dispatch_ok	1119
/work/work/shared/s-neomics/data/analyse/PED20469	PED20469	analysis_not_ended	22
/work/work/shared/s-neomics/data/analyse/PED20469	PED20469	no_archive_log	22
/work/work/shared/s-neomics/data/analyse/PED20463	PED20463	analysis_ok	1398
/work/work/shared/s-neomics/data/analyse/PED20463	PED20463	archive_success	1392
/work/work/shared/s-neomics/data/analyse/PED20463	dijnbs549	archive_success	1116
/work/work/shared/s-neomics/data/analyse/PED20471	dijnbs559	dispatch_ok	1117
/work/work/shared/s-neomics/data/analyse/PED20471	PED20471	analysis_not_ended	21
/work/work/shared/s-neomics/data/analyse/PED20471	PED20471	no_archive_log	21
/work/work/shared/s-neomics/data/analyse/PED20472	dijnbs560	dispatch_ok	1117
/work/work/shared/s-neomics/data/analyse/PED20472	PED20472	analysis_not_ended	20
/work/work/shared/s-neomics/data/analyse/PED20472	PED20472	no_archive_log	20
/work/work/shared/s-neomics/data/analyse/PED20465	PED20465	analysis_ok	1116
/work/work/shared/s-neomics/data/analyse/PED20465	PED20465	archive_in_progress	3
/work/work/shared/s-neomics/data/analyse/PED20473	dijnbs561	dispatch_ok	1115
/work/work/shared/s-neomics/data/analyse/PED20473	PED20473	analysis_not_ended	19
/work/work/shared/s-neomics/data/analyse/PED20473	PED20473	no_archive_log	19
/work/work/shared/s-neomics/data/analyse/PED20465	PED20465	archive_success	1113
/work/work/shared/s-neomics/data/analyse/PED20465	dijnbs552	archive_success	1113
/work/work/shared/s-neomics/data/analyse/PED20465	dijnbs553	archive_success	1113
/work/work/shared/s-neomics/data/analyse/PED20458	PED20458	analysis_ok	1113
/work/work/shared/s-neomics/data/analyse/PED20458	PED20458	archive_in_progress	2
/work/work/shared/s-neomics/data/analyse/PED20474	dijnbs562	dispatch_ok	1113
/work/work/shared/s-neomics/data/analyse/PED20474	PED20474	analysis_not_ended	18
/work/work/shared/s-neomics/data/analyse/PED20474	PED20474	no_archive_log	18
/work/work/shared/s-neomics/data/analyse/PED20475	dijnbs563	dispatch_ok	1113
/work/work/shared/s-neomics/data/analyse/PED20475	PED20475	analysis_not_ended	18
/work/work/shared/s-neomics/data/analyse/PED20475	PED20475	no_archive_log	18
/work/work/shared/s-neomics/data/analyse/PED20458	PED20458	archive_success	1111
/work/work/shared/s-neomics/data/analyse/PED20458	dijnbs544	archive_success	1111
/work/work/shared/s-neomics/data/analyse/PED20477	dijnbs565	dispatch_ok	1111
/work/work/shared/s-neomics/data/analyse/PED20477	PED20477	analysis_not_ended	23
/work/work/shared/s-neomics/data/analyse/PED20477	PED20477	no_archive_log	23
/work/work/shared/s-neomics/data/analyse/PED20460	PED20460	analysis_ok	1110
/work/work/shared/s-neomics/data/analyse/PED20460	PED20460	archive_in_progress	2
/work/work/shared/s-neomics/data/analyse/PED20479	dijnbs567	dispatch_ok	1109
/work/work/shared/s-neomics/data/analyse/PED20479	PED20479	analysis_not_ended	16
/work/work/shared/s-neomics/data/analyse/PED20479	PED20479	no_archive_log	16
/work/work/shared/s-neomics/data/analyse/PED20460	PED20460	archive_success	1108
/work/work/shared/s-neomics/data/analyse/PED20460	dijnbs546	archive_success	1108
/work/work/shared/s-neomics/data/analyse/PED20461	PED20461	analysis_ok	1105
/work/work/shared/s-neomics/data/analyse/PED20461	PED20461	archive_in_progress	2
/work/work/shared/s-neomics/data/analyse/PED20462	PED20462	analysis_ok	1104
/work/work/shared/s-neomics/data/analyse/PED20462	PED20462	archive_in_progress	1
/work/work/shared/s-neomics/data/analyse/PED20461	PED20461	archive_success	1103
/work/work/shared/s-neomics/data/analyse/PED20461	dijnbs547	archive_success	1103
/work/work/shared/s-neomics/data/analyse/PED20462	PED20462	archive_success	1103
/work/work/shared/s-neomics/data/analyse/PED20462	dijnbs548	archive_success	1103
/work/work/shared/s-neomics/data/analyse/PED20466	PED20466	analysis_ok	1100
/work/work/shared/s-neomics/data/analyse/PED20466	PED20466	archive_in_progress	1
/work/work/shared/s-neomics/data/analyse/PED20466	PED20466	archive_success	1099
/work/work/shared/s-neomics/data/analyse/PED20466	dijnbs554	archive_success	1099
/work/work/shared/s-neomics/data/analyse/PED20468	PED20468	analysis_ok	1098
/work/work/shared/s-neomics/data/analyse/PED20468	PED20468	archive_in_progress	2
/work/work/shared/s-neomics/data/analyse/PED20469	PED20469	analysis_ok	1097
/work/work/shared/s-neomics/data/analyse/PED20469	PED20469	archive_in_progress	3
/work/work/shared/s-neomics/data/analyse/PED20472	PED20472	analysis_ok	1097
/work/work/shared/s-neomics/data/analyse/PED20472	PED20472	archive_in_progress	2
/work/work/shared/s-neomics/data/analyse/PED20468	PED20468	archive_success	1096
/work/work/shared/s-neomics/data/analyse/PED20468	dijnbs556	archive_success	1096
/work/work/shared/s-neomics/data/analyse/PED20471	PED20471	analysis_ok	1096
/work/work/shared/s-neomics/data/analyse/PED20471	PED20471	archive_in_progress	2
/work/work/shared/s-neomics/data/analyse/PED20473	PED20473	analysis_ok	1096
/work/work/shared/s-neomics/data/analyse/PED20473	PED20473	archive_in_progress	1
/work/work/shared/s-neomics/data/analyse/PED20472	PED20472	archive_success	1095
/work/work/shared/s-neomics/data/analyse/PED20472	dijnbs560	archive_success	1095
/work/work/shared/s-neomics/data/analyse/PED20473	PED20473	archive_success	1095
/work/work/shared/s-neomics/data/analyse/PED20473	dijnbs561	archive_success	1095
/work/work/shared/s-neomics/data/analyse/PED20474	PED20474	analysis_ok	1095
/work/work/shared/s-neomics/data/analyse/PED20474	PED20474	archive_in_progress	2
/work/work/shared/s-neomics/data/analyse/PED20475	PED20475	analysis_ok	1095
/work/work/shared/s-neomics/data/analyse/PED20475	PED20475	archive_in_progress	2
/work/work/shared/s-neomics/data/analyse/PED20469	PED20469	archive_success	1094
/work/work/shared/s-neomics/data/analyse/PED20469	dijnbs557	archive_success	1094
/work/work/shared/s-neomics/data/analyse/PED20471	PED20471	archive_success	1094
/work/work/shared/s-neomics/data/analyse/PED20471	dijnbs559	archive_success	1094
/work/work/shared/s-neomics/data/analyse/PED20474	PED20474	archive_success	1093
/work/work/shared/s-neomics/data/analyse/PED20474	dijnbs562	archive_success	1093
/work/work/shared/s-neomics/data/analyse/PED20475	PED20475	archive_success	1093
/work/work/shared/s-neomics/data/analyse/PED20475	dijnbs563	archive_success	1093
/work/work/shared/s-neomics/data/analyse/PED20479	PED20479	analysis_ok	1093
/work/work/shared/s-neomics/data/analyse/PED20479	PED20479	archive_in_progress	1
/work/work/shared/s-neomics/data/analyse/PED20479	PED20479	archive_success	1092
/work/work/shared/s-neomics/data/analyse/PED20479	dijnbs567	archive_success	1092
/work/work/shared/s-neomics/data/analyse/PED20477	PED20477	analysis_ok	1088
/work/work/shared/s-neomics/data/analyse/PED20477	PED20477	archive_in_progress	2
/work/work/shared/s-neomics/data/analyse/PED20477	PED20477	archive_success	1086
/work/work/shared/s-neomics/data/analyse/PED20477	dijnbs565	archive_success	1086
/work/work/shared/s-neomics/data/analyse/PED20482	dijnbs571,dijnbs572	dispatch_ok	960
/work/work/shared/s-neomics/data/analyse/PED20482	PED20482	analysis_not_ended	19
/work/work/shared/s-neomics/data/analyse/PED20482	PED20482	no_archive_log	19
/work/work/shared/s-neomics/data/analyse/PED20480	dijnbs569	dispatch_ok	960
/work/work/shared/s-neomics/data/analyse/PED20480	PED20480	analysis_not_ended	15
/work/work/shared/s-neomics/data/analyse/PED20480	PED20480	no_archive_log	15
/work/work/shared/s-neomics/data/analyse/PED20416	dijnbs568	dispatch_ok	954
/work/work/shared/s-neomics/data/analyse/PED20481	dijnbs570	dispatch_ok	954
/work/work/shared/s-neomics/data/analyse/PED20481	PED20481	analysis_not_ended	14
/work/work/shared/s-neomics/data/analyse/PED20481	PED20481	no_archive_log	14
/work/work/shared/s-neomics/data/analyse/PED20483	dijnbs573	dispatch_ok	954
/work/work/shared/s-neomics/data/analyse/PED20483	PED20483	analysis_not_ended	14
/work/work/shared/s-neomics/data/analyse/PED20483	PED20483	no_archive_log	14
/work/work/shared/s-neomics/data/analyse/PED20484	dijnbs574	dispatch_ok	952
/work/work/shared/s-neomics/data/analyse/PED20484	PED20484	analysis_not_ended	16
/work/work/shared/s-neomics/data/analyse/PED20484	PED20484	no_archive_log	16
/work/work/shared/s-neomics/data/analyse/PED20485	dijnbs575	dispatch_ok	951
/work/work/shared/s-neomics/data/analyse/PED20485	PED20485	analysis_not_ended	18
/work/work/shared/s-neomics/data/analyse/PED20485	PED20485	no_archive_log	18
/work/work/shared/s-neomics/data/analyse/PED20486	dijnbs576	dispatch_ok	951
/work/work/shared/s-neomics/data/analyse/PED20486	PED20486	analysis_not_ended	17
/work/work/shared/s-neomics/data/analyse/PED20486	PED20486	no_archive_log	17
/work/work/shared/s-neomics/data/analyse/PED20487	dijnbs577	dispatch_ok	948
/work/work/shared/s-neomics/data/analyse/PED20487	PED20487	analysis_not_ended	16
/work/work/shared/s-neomics/data/analyse/PED20487	PED20487	no_archive_log	16
/work/work/shared/s-neomics/data/analyse/PED20480	PED20480	analysis_ok	945
/work/work/shared/s-neomics/data/analyse/PED20480	PED20480	archive_success	945
/work/work/shared/s-neomics/data/analyse/PED20480	dijnbs569	archive_success	945
/work/work/shared/s-neomics/data/analyse/PED20482	PED20482	analysis_ok	941
/work/work/shared/s-neomics/data/analyse/PED20482	PED20482	archive_in_progress	3
/work/work/shared/s-neomics/data/analyse/PED20481	PED20481	analysis_ok	940
/work/work/shared/s-neomics/data/analyse/PED20481	PED20481	archive_in_progress	1
/work/work/shared/s-neomics/data/analyse/PED20483	PED20483	analysis_ok	940
/work/work/shared/s-neomics/data/analyse/PED20483	PED20483	archive_in_progress	1
/work/work/shared/s-neomics/data/analyse/PED20416	PED20416	archive_in_progress	2
/work/work/shared/s-neomics/data/analyse/PED20481	PED20481	archive_success	939
/work/work/shared/s-neomics/data/analyse/PED20481	dijnbs570	archive_success	939
/work/work/shared/s-neomics/data/analyse/PED20483	PED20483	archive_success	939
/work/work/shared/s-neomics/data/analyse/PED20483	dijnbs573	archive_success	939
/work/work/shared/s-neomics/data/analyse/PED20482	PED20482	archive_success	938
/work/work/shared/s-neomics/data/analyse/PED20482	dijnbs571	archive_success	938
/work/work/shared/s-neomics/data/analyse/PED20482	dijnbs572	archive_success	938
/work/work/shared/s-neomics/data/analyse/PED20416	dijnbs568	archive_success	937
/work/work/shared/s-neomics/data/analyse/PED20484	PED20484	analysis_ok	936
/work/work/shared/s-neomics/data/analyse/PED20484	PED20484	archive_success	936
/work/work/shared/s-neomics/data/analyse/PED20484	dijnbs574	archive_success	936
/work/work/shared/s-neomics/data/analyse/PED20486	PED20486	analysis_ok	934
/work/work/shared/s-neomics/data/analyse/PED20486	PED20486	archive_in_progress	1
/work/work/shared/s-neomics/data/analyse/PED20485	PED20485	analysis_ok	933
/work/work/shared/s-neomics/data/analyse/PED20485	PED20485	archive_success	933
/work/work/shared/s-neomics/data/analyse/PED20485	dijnbs575	archive_success	933
/work/work/shared/s-neomics/data/analyse/PED20486	PED20486	archive_success	933
/work/work/shared/s-neomics/data/analyse/PED20486	dijnbs576	archive_success	933
/work/work/shared/s-neomics/data/analyse/PED20487	PED20487	analysis_ok	932
/work/work/shared/s-neomics/data/analyse/PED20487	PED20487	archive_in_progress	1
/work/work/shared/s-neomics/data/analyse/PED20487	PED20487	archive_success	931
/work/work/shared/s-neomics/data/analyse/PED20487	dijnbs577	archive_success	931
/work/work/shared/s-neomics/data/analyse/PED20488	dijnbs578	dispatch_ok	553
/work/work/shared/s-neomics/data/analyse/PED20488	PED20488	analysis_not_ended	554
/work/work/shared/s-neomics/data/analyse/PED20488	PED20488	no_archive_log	564
/work/work/shared/s-neomics/data/analyse/PED20489	dijnbs579	dispatch_ok	553
/work/work/shared/s-neomics/data/analyse/PED20489	PED20489	analysis_not_ended	554
/work/work/shared/s-neomics/data/analyse/PED20489	PED20489	no_archive_log	564
/work/work/shared/s-neomics/data/analyse/PED20490	dijnbs580	dispatch_ok	553
/work/work/shared/s-neomics/data/analyse/PED20490	PED20490	analysis_not_ended	554
/work/work/shared/s-neomics/data/analyse/PED20490	PED20490	no_archive_log	564
/work/work/shared/s-neomics/data/analyse/PED20491	dijnbs581	dispatch_ok	549
/work/work/shared/s-neomics/data/analyse/PED20491	PED20491	analysis_not_ended	550
/work/work/shared/s-neomics/data/analyse/PED20491	PED20491	no_archive_log	560
/work/work/shared/s-neomics/data/analyse/PED20492	dijnbs582	dispatch_ok	549
/work/work/shared/s-neomics/data/analyse/PED20492	PED20492	analysis_not_ended	550
/work/work/shared/s-neomics/data/analyse/PED20492	PED20492	no_archive_log	560
/work/work/shared/s-neomics/data/analyse/PED20493	dijnbs583	dispatch_ok	549
/work/work/shared/s-neomics/data/analyse/PED20493	PED20493	analysis_not_ended	550
/work/work/shared/s-neomics/data/analyse/PED20493	PED20493	no_archive_log	560
/work/work/shared/s-neomics/data/analyse/PED20494	dijnbs584	dispatch_ok	545
/work/work/shared/s-neomics/data/analyse/PED20494	PED20494	analysis_not_ended	546
/work/work/shared/s-neomics/data/analyse/PED20494	PED20494	no_archive_log	556
/work/work/shared/s-neomics/data/analyse/PED20495	dijnbs585	dispatch_ok	545
/work/work/shared/s-neomics/data/analyse/PED20495	PED20495	analysis_not_ended	546
/work/work/shared/s-neomics/data/analyse/PED20495	PED20495	no_archive_log	556
/work/work/shared/s-neomics/data/analyse/PED20496	dijnbs586	dispatch_ok	545
/work/work/shared/s-neomics/data/analyse/PED20496	PED20496	analysis_not_ended	568
/work/work/shared/s-neomics/data/analyse/PED20496	PED20496	no_archive_log	578
/work/work/shared/s-neomics/data/analyse/PED20497	dijnbs587	dispatch_ok	542
/work/work/shared/s-neomics/data/analyse/PED20497	PED20497	analysis_not_ended	543
/work/work/shared/s-neomics/data/analyse/PED20497	PED20497	no_archive_log	553
/work/work/shared/s-neomics/data/analyse/PED20498	dijnbs588	dispatch_ok	542
/work/work/shared/s-neomics/data/analyse/PED20498	PED20498	analysis_not_ended	543
/work/work/shared/s-neomics/data/analyse/PED20498	PED20498	no_archive_log	553
/work/work/shared/s-neomics/data/analyse/PED20499	dijnbs589	dispatch_ok	541
/work/work/shared/s-neomics/data/analyse/PED20499	PED20499	analysis_not_ended	542
/work/work/shared/s-neomics/data/analyse/PED20499	PED20499	no_archive_log	552
/work/work/shared/s-neomics/data/analyse/PED20500	dijnbs590	dispatch_ok	539
/work/work/shared/s-neomics/data/analyse/PED20500	PED20500	analysis_not_ended	540
/work/work/shared/s-neomics/data/analyse/PED20500	PED20500	no_archive_log	549
/work/work/shared/s-neomics/data/analyse/PED20501	dijnbs591	dispatch_ok	538
/work/work/shared/s-neomics/data/analyse/PED20501	PED20501	analysis_not_ended	539
/work/work/shared/s-neomics/data/analyse/PED20501	PED20501	no_archive_log	548
/work/work/shared/s-neomics/data/analyse/PED20502	dijnbs592	dispatch_ok	538
/work/work/shared/s-neomics/data/analyse/PED20502	PED20502	analysis_not_ended	539
/work/work/shared/s-neomics/data/analyse/PED20502	PED20502	no_archive_log	548
/work/work/shared/s-neomics/data/analyse/PED20503	dijnbs593	dispatch_ok	535
/work/work/shared/s-neomics/data/analyse/PED20503	PED20503	analysis_not_ended	536
/work/work/shared/s-neomics/data/analyse/PED20503	PED20503	no_archive_log	545
/work/work/shared/s-neomics/data/analyse/PED20504	dijnbs594	dispatch_ok	535
/work/work/shared/s-neomics/data/analyse/PED20504	PED20504	analysis_not_ended	536
/work/work/shared/s-neomics/data/analyse/PED20504	PED20504	no_archive_log	545
/work/work/shared/s-neomics/data/analyse/PED20505	dijnbs595	dispatch_ok	534
/work/work/shared/s-neomics/data/analyse/PED20505	PED20505	analysis_not_ended	535
/work/work/shared/s-neomics/data/analyse/PED20505	PED20505	no_archive_log	544
/work/work/shared/s-neomics/data/analyse/PED20506	dijnbs596	dispatch_ok	531
/work/work/shared/s-neomics/data/analyse/PED20506	PED20506	analysis_not_ended	532
/work/work/shared/s-neomics/data/analyse/PED20506	PED20506	no_archive_log	541
/work/work/shared/s-neomics/data/analyse/PED20507	dijnbs597	dispatch_ok	531
/work/work/shared/s-neomics/data/analyse/PED20507	PED20507	analysis_not_ended	532
/work/work/shared/s-neomics/data/analyse/PED20507	PED20507	no_archive_log	541
/work/work/shared/s-neomics/data/analyse/PED20508	dijnbs598	dispatch_ok	531
/work/work/shared/s-neomics/data/analyse/PED20508	PED20508	analysis_not_ended	532
/work/work/shared/s-neomics/data/analyse/PED20508	PED20508	no_archive_log	541
/work/work/shared/s-neomics/data/analyse/PED20509	dijnbs599	dispatch_ok	530
/work/work/shared/s-neomics/data/analyse/PED20509	PED20509	analysis_not_ended	531
/work/work/shared/s-neomics/data/analyse/PED20509	PED20509	no_archive_log	540
/work/work/shared/s-neomics/data/analyse/PED20510	dijnbs600	dispatch_ok	530
/work/work/shared/s-neomics/data/analyse/PED20510	PED20510	analysis_not_ended	531
/work/work/shared/s-neomics/data/analyse/PED20510	PED20510	no_archive_log	540
/work/work/shared/s-neomics/data/analyse/PED20511	dijnbs601	dispatch_ok	525
/work/work/shared/s-neomics/data/analyse/PED20511	PED20511	analysis_not_ended	526
/work/work/shared/s-neomics/data/analyse/PED20511	PED20511	no_archive_log	535
/work/work/shared/s-neomics/data/analyse/emergency/analysis/PED20488	dijnbs578	dispatch_ok	224
/work/work/shared/s-neomics/data/analyse/emergency/analysis/PED20488	PED20488	analysis_not_ended	66
/work/work/shared/s-neomics/data/analyse/emergency/analysis/PED20488	PED20488	no_archive_log	194
/work/work/shared/s-neomics/data/analyse/emergency/analysis/PED20489	dijnbs579	dispatch_ok	224
/work/work/shared/s-neomics/data/analyse/emergency/analysis/PED20489	PED20489	analysis_not_ended	62
/work/work/shared/s-neomics/data/analyse/emergency/analysis/PED20489	PED20489	no_archive_log	195
/work/work/shared/s-neomics/data/analyse/emergency/analysis/PED20490	dijnbs580	dispatch_ok	222
/work/work/shared/s-neomics/data/analyse/emergency/analysis/PED20490	PED20490	analysis_not_ended	66
/work/work/shared/s-neomics/data/analyse/emergency/analysis/PED20490	PED20490	no_archive_log	67
/work/work/shared/s-neomics/data/analyse/emergency/analysis/PED20491	dijnbs581	dispatch_ok	218
/work/work/shared/s-neomics/data/analyse/emergency/analysis/PED20491	PED20491	analysis_not_ended	60
/work/work/shared/s-neomics/data/analyse/emergency/analysis/PED20491	PED20491	no_archive_log	189
/work/work/shared/s-neomics/data/analyse/emergency/analysis/PED20492	dijnbs582	dispatch_ok	218
/work/work/shared/s-neomics/data/analyse/emergency/analysis/PED20492	PED20492	analysis_not_ended	66
/work/work/shared/s-neomics/data/analyse/emergency/analysis/PED20492	PED20492	no_archive_log	67
/work/work/shared/s-neomics/data/analyse/emergency/analysis/PED20493	dijnbs583	dispatch_ok	216
/work/work/shared/s-neomics/data/analyse/emergency/analysis/PED20493	PED20493	analysis_not_ended	68
/work/work/shared/s-neomics/data/analyse/emergency/analysis/PED20493	PED20493	no_archive_log	69
/work/work/shared/s-neomics/data/analyse/emergency/analysis/PED20494	dijnbs584	dispatch_ok	214
/work/work/shared/s-neomics/data/analyse/emergency/analysis/PED20494	PED20494	analysis_not_ended	63
/work/work/shared/s-neomics/data/analyse/emergency/analysis/PED20494	PED20494	no_archive_log	64
/work/work/shared/s-neomics/data/analyse/emergency/analysis/PED20495	dijnbs585	dispatch_ok	214
/work/work/shared/s-neomics/data/analyse/emergency/analysis/PED20495	PED20495	analysis_not_ended	62
/work/work/shared/s-neomics/data/analyse/emergency/analysis/PED20495	PED20495	no_archive_log	186
/work/work/shared/s-neomics/data/analyse/emergency/analysis/PED20496	dijnbs586	dispatch_ok	212
/work/work/shared/s-neomics/data/analyse/emergency/analysis/PED20496	PED20496	analysis_not_ended	61
/work/work/shared/s-neomics/data/analyse/emergency/analysis/PED20496	PED20496	no_archive_log	184
/work/work/shared/s-neomics/data/analyse/emergency/analysis/PED20497	dijnbs587	dispatch_ok	210
/work/work/shared/s-neomics/data/analyse/emergency/analysis/PED20497	PED20497	analysis_not_ended	62
/work/work/shared/s-neomics/data/analyse/emergency/analysis/PED20497	PED20497	no_archive_log	178
/work/work/shared/s-neomics/data/analyse/emergency/analysis/PED20498	dijnbs588	dispatch_ok	210
/work/work/shared/s-neomics/data/analyse/emergency/analysis/PED20498	PED20498	analysis_not_ended	174
/work/work/shared/s-neomics/data/analyse/emergency/analysis/PED20498	PED20498	no_archive_log	183
/work/work/shared/s-neomics/data/analyse/emergency/analysis/PED20499	dijnbs589	dispatch_ok	208
/work/work/shared/s-neomics/data/analyse/emergency/analysis/PED20499	PED20499	analysis_not_ended	61
/work/work/shared/s-neomics/data/analyse/emergency/analysis/PED20499	PED20499	no_archive_log	181
/work/work/shared/s-neomics/data/analyse/emergency/analysis/PED20500	dijnbs590	dispatch_ok	206
/work/work/shared/s-neomics/data/analyse/emergency/analysis/PED20500	PED20500	analysis_not_ended	59
/work/work/shared/s-neomics/data/analyse/emergency/analysis/PED20500	PED20500	no_archive_log	179
/work/work/shared/s-neomics/data/analyse/emergency/analysis/PED20501	dijnbs591	dispatch_ok	206
/work/work/shared/s-neomics/data/analyse/emergency/analysis/PED20501	PED20501	analysis_not_ended	61
/work/work/shared/s-neomics/data/analyse/emergency/analysis/PED20501	PED20501	no_archive_log	62
/work/work/shared/s-neomics/data/analyse/emergency/analysis/PED20502	dijnbs592	dispatch_ok	204
/work/work/shared/s-neomics/data/analyse/emergency/analysis/PED20502	PED20502	analysis_not_ended	59
/work/work/shared/s-neomics/data/analyse/emergency/analysis/PED20502	PED20502	no_archive_log	178
/work/work/shared/s-neomics/data/analyse/emergency/analysis/PED20503	dijnbs593	dispatch_ok	202
/work/work/shared/s-neomics/data/analyse/emergency/analysis/PED20503	PED20503	analysis_not_ended	57
/work/work/shared/s-neomics/data/analyse/emergency/analysis/PED20503	PED20503	no_archive_log	176
/work/work/shared/s-neomics/data/analyse/emergency/analysis/PED20504	dijnbs594	dispatch_ok	202
/work/work/shared/s-neomics/data/analyse/emergency/analysis/PED20504	PED20504	analysis_not_ended	57
/work/work/shared/s-neomics/data/analyse/emergency/analysis/PED20504	PED20504	no_archive_log	176
/work/work/shared/s-neomics/data/analyse/emergency/analysis/PED20505	dijnbs595	dispatch_ok	200
/work/work/shared/s-neomics/data/analyse/emergency/analysis/PED20505	PED20505	analysis_not_ended	164
/work/work/shared/s-neomics/data/analyse/emergency/analysis/PED20505	PED20505	no_archive_log	174
/work/work/shared/s-neomics/data/analyse/emergency/analysis/PED20506	dijnbs596	dispatch_ok	198
/work/work/shared/s-neomics/data/analyse/emergency/analysis/PED20506	PED20506	analysis_not_ended	162
/work/work/shared/s-neomics/data/analyse/emergency/analysis/PED20506	PED20506	no_archive_log	166
/work/work/shared/s-neomics/data/analyse/emergency/analysis/PED20507	dijnbs597	dispatch_ok	198
/work/work/shared/s-neomics/data/analyse/emergency/analysis/PED20507	PED20507	analysis_not_ended	162
/work/work/shared/s-neomics/data/analyse/emergency/analysis/PED20507	PED20507	no_archive_log	173
/work/work/shared/s-neomics/data/analyse/emergency/analysis/PED20508	dijnbs598	dispatch_ok	196
/work/work/shared/s-neomics/data/analyse/emergency/analysis/PED20508	PED20508	analysis_not_ended	149
/work/work/shared/s-neomics/data/analyse/emergency/analysis/PED20508	PED20508	no_archive_log	164
/work/work/shared/s-neomics/data/analyse/emergency/analysis/PED20509	dijnbs599	dispatch_ok	194
/work/work/shared/s-neomics/data/analyse/emergency/analysis/PED20509	PED20509	analysis_not_ended	147
/work/work/shared/s-neomics/data/analyse/emergency/analysis/PED20509	PED20509	no_archive_log	162
/work/work/shared/s-neomics/data/analyse/emergency/analysis/PED20510	dijnbs600	dispatch_ok	192
/work/work/shared/s-neomics/data/analyse/emergency/analysis/PED20510	PED20510	analysis_not_ended	156
/work/work/shared/s-neomics/data/analyse/emergency/analysis/PED20510	PED20510	no_archive_log	167
/work/work/shared/s-neomics/data/analyse/emergency/analysis/PED20511	dijnbs601	dispatch_ok	192
/work/work/shared/s-neomics/data/analyse/emergency/analysis/PED20511	PED20511	analysis_not_ended	156
/work/work/shared/s-neomics/data/analyse/emergency/analysis/PED20511	PED20511	no_archive_log	168
/work/work/shared/s-neomics/data/analyse/emergency/analysis/PED20464	dijnbs550,dijnbs551	dispatch_ok	184
/work/work/shared/s-neomics/data/analyse/emergency/analysis/PED20464	PED20464	analysis_not_ended	20
/work/work/shared/s-neomics/data/analyse/emergency/analysis/PED20464	PED20464	no_archive_log	153
/work/work/shared/s-neomics/data/analyse/emergency/analysis/PED20459	dijnbs545	dispatch_ok	184
/work/work/shared/s-neomics/data/analyse/emergency/analysis/PED20459	PED20459	analysis_not_ended	19
/work/work/shared/s-neomics/data/analyse/emergency/analysis/PED20459	PED20459	no_archive_log	153
/work/work/shared/s-neomics/data/analyse/emergency/analysis/PED20467	dijnbs555	dispatch_ok	178
/work/work/shared/s-neomics/data/analyse/emergency/analysis/PED20467	PED20467	analysis_not_ended	16
/work/work/shared/s-neomics/data/analyse/emergency/analysis/PED20467	PED20467	no_archive_log	146
/work/work/shared/s-neomics/data/analyse/emergency/analysis/PED20470	dijnbs558	dispatch_ok	178
/work/work/shared/s-neomics/data/analyse/emergency/analysis/PED20470	PED20470	analysis_not_ended	16
/work/work/shared/s-neomics/data/analyse/emergency/analysis/PED20470	PED20470	no_archive_log	146
/work/work/shared/s-neomics/data/analyse/emergency/analysis/PED20476	dijnbs564	dispatch_ok	178
/work/work/shared/s-neomics/data/analyse/emergency/analysis/PED20476	PED20476	analysis_not_ended	19
/work/work/shared/s-neomics/data/analyse/emergency/analysis/PED20476	PED20476	no_archive_log	147
/work/work/shared/s-neomics/data/analyse/emergency/analysis/PED20478	dijnbs566	dispatch_ok	172
/work/work/shared/s-neomics/data/analyse/emergency/analysis/PED20478	PED20478	analysis_not_ended	14
/work/work/shared/s-neomics/data/analyse/emergency/analysis/PED20478	PED20478	no_archive_log	14
/work/work/shared/s-neomics/data/analyse/emergency/analysis/PED20459	PED20459	analysis_failed	129
/work/work/shared/s-neomics/data/analyse/emergency/analysis/PED20464	PED20464	analysis_failed	128
/work/work/shared/s-neomics/data/analyse/emergency/analysis/PED20467	PED20467	analysis_failed	126
/work/work/shared/s-neomics/data/analyse/emergency/analysis/PED20470	PED20470	analysis_failed	126
/work/work/shared/s-neomics/data/analyse/emergency/analysis/PED20489	PED20489	analysis_failed	126
/work/work/shared/s-neomics/data/analyse/emergency/analysis/PED20476	PED20476	analysis_failed	123
/work/work/shared/s-neomics/data/analyse/emergency/analysis/PED20478	PED20478	analysis_ok	158
/work/work/shared/s-neomics/data/analyse/emergency/analysis/PED20478	PED20478	archive_fail	128
/work/work/shared/s-neomics/data/analyse/emergency/analysis/PED20488	PED20488	analysis_failed	122
/work/work/shared/s-neomics/data/analyse/emergency/analysis/PED20491	PED20491	analysis_failed	122
/work/work/shared/s-neomics/data/analyse/emergency/analysis/PED20490	PED20490	analysis_ok	156
/work/work/shared/s-neomics/data/analyse/emergency/analysis/PED20490	PED20490	archive_fail	127
/work/work/shared/s-neomics/data/analyse/emergency/analysis/PED20492	PED20492	analysis_ok	152
/work/work/shared/s-neomics/data/analyse/emergency/analysis/PED20492	PED20492	archive_fail	123
/work/work/shared/s-neomics/data/analyse/emergency/analysis/PED20495	PED20495	analysis_failed	116
/work/work/shared/s-neomics/data/analyse/emergency/analysis/PED20494	PED20494	analysis_ok	151
/work/work/shared/s-neomics/data/analyse/emergency/analysis/PED20494	PED20494	archive_fail	123
/work/work/shared/s-neomics/data/analyse/emergency/analysis/PED20496	PED20496	analysis_failed	115
/work/work/shared/s-neomics/data/analyse/emergency/analysis/PED20493	PED20493	analysis_ok	148
/work/work/shared/s-neomics/data/analyse/emergency/analysis/PED20493	PED20493	archive_fail	120
/work/work/shared/s-neomics/data/analyse/emergency/analysis/PED20497	PED20497	analysis_failed	112
/work/work/shared/s-neomics/data/analyse/emergency/analysis/PED20499	PED20499	analysis_failed	111
/work/work/shared/s-neomics/data/analyse/emergency/analysis/PED20500	PED20500	analysis_failed	111
/work/work/shared/s-neomics/data/analyse/emergency/analysis/PED20501	PED20501	analysis_ok	145
/work/work/shared/s-neomics/data/analyse/emergency/analysis/PED20501	PED20501	archive_fail	119
/work/work/shared/s-neomics/data/analyse/emergency/analysis/PED20502	PED20502	analysis_failed	109
/work/work/shared/s-neomics/data/analyse/emergency/analysis/PED20503	PED20503	analysis_failed	109
/work/work/shared/s-neomics/data/analyse/emergency/analysis/PED20504	PED20504	analysis_failed	109
/work/work/shared/s-neomics/data/analyse/emergency/analysis/PED20508	PED20508	analysis_failed	9
/work/work/shared/s-neomics/data/analyse/emergency/analysis/PED20509	PED20509	analysis_failed	9
/work/work/shared/s-neomics/data/analyse/emergency/analysis/PED20464	PED20464	analysis_ok	38
/work/work/shared/s-neomics/data/analyse/emergency/analysis/PED20459	PED20459	analysis_ok	38
/work/work/shared/s-neomics/data/analyse/emergency/analysis/PED20467	PED20467	analysis_ok	38
/work/work/shared/s-neomics/data/analyse/emergency/analysis/PED20470	PED20470	analysis_ok	38
/work/work/shared/s-neomics/data/analyse/emergency/analysis/PED20476	PED20476	analysis_ok	38
/work/work/shared/s-neomics/data/analyse/emergency/analysis/PED20488	PED20488	analysis_ok	38
/work/work/shared/s-neomics/data/analyse/emergency/analysis/PED20489	PED20489	analysis_ok	38
/work/work/shared/s-neomics/data/analyse/emergency/analysis/PED20491	PED20491	analysis_ok	38
/work/work/shared/s-neomics/data/analyse/emergency/analysis/PED20495	PED20495	analysis_ok	38
/work/work/shared/s-neomics/data/analyse/emergency/analysis/PED20496	PED20496	analysis_ok	38
/work/work/shared/s-neomics/data/analyse/emergency/analysis/PED20497	PED20497	analysis_ok	38
/work/work/shared/s-neomics/data/analyse/emergency/analysis/PED20499	PED20499	analysis_ok	38
/work/work/shared/s-neomics/data/analyse/emergency/analysis/PED20500	PED20500	analysis_ok	38
/work/work/shared/s-neomics/data/analyse/emergency/analysis/PED20502	PED20502	analysis_ok	38
/work/work/shared/s-neomics/data/analyse/emergency/analysis/PED20503	PED20503	analysis_ok	38
/work/work/shared/s-neomics/data/analyse/emergency/analysis/PED20504	PED20504	analysis_ok	38
/work/work/shared/s-neomics/data/analyse/emergency/analysis/PED20508	PED20508	analysis_ok	38
/work/work/shared/s-neomics/data/analyse/emergency/analysis/PED20509	PED20509	analysis_ok	38
/work/work/shared/s-neomics/data/analyse/emergency/analysis/PED20498	PED20498	analysis_failed	1
/work/work/shared/s-neomics/data/analyse/emergency/analysis/PED20505	PED20505	analysis_failed	1
/work/work/shared/s-neomics/data/analyse/emergency/analysis/PED20506	PED20506	analysis_failed	1
/work/work/shared/s-neomics/data/analyse/emergency/analysis/PED20507	PED20507	analysis_failed	1
/work/work/shared/s-neomics/data/analyse/emergency/analysis/PED20510	PED20510	analysis_failed	1
/work/work/shared/s-neomics/data/analyse/emergency/analysis/PED20511	PED20511	analysis_failed	1
/work/work/shared/s-neomics/data/analyse/PED13721	dijex10370,dijex10371	dispatch_ok	4
/work/work/shared/s-neomics/data/analyse/PED13721	PED13721	analysis_not_ended	4
/work/work/shared/s-neomics/data/analyse/PED13721	PED13721	no_archive_log	4
/work/work/shared/s-neomics/data/analyse/PED14149	dijex10373	dispatch_ok	5
/work/work/shared/s-neomics/data/analyse/PED14149	PED14149	analysis_not_ended	5
/work/work/shared/s-neomics/data/analyse/PED14149	PED14149	no_archive_log	5
/work/work/shared/s-neomics/data/analyse/PED14148	dijex10372	dispatch_ok	5
/work/work/shared/s-neomics/data/analyse/PED14148	PED14148	analysis_not_ended	5
/work/work/shared/s-neomics/data/analyse/PED14148	PED14148	no_archive_log	5
/work/work/shared/s-neomics/data/analyse/emergency/analysis/PED20497	PED20497	archive_in_progress	6
/work/work/shared/s-neomics/data/analyse/emergency/analysis/PED20498	PED20498	analysis_ok	35
/work/work/shared/s-neomics/data/analyse/emergency/analysis/PED20505	PED20505	analysis_ok	35
/work/work/shared/s-neomics/data/analyse/emergency/analysis/PED20506	PED20506	analysis_ok	35
/work/work/shared/s-neomics/data/analyse/emergency/analysis/PED20506	PED20506	archive_in_progress	7
/work/work/shared/s-neomics/data/analyse/emergency/analysis/PED20507	PED20507	analysis_ok	35
/work/work/shared/s-neomics/data/analyse/emergency/analysis/PED20508	PED20508	archive_in_progress	8
/work/work/shared/s-neomics/data/analyse/emergency/analysis/PED20509	PED20509	archive_in_progress	8
/work/work/shared/s-neomics/data/analyse/emergency/analysis/PED20510	PED20510	analysis_ok	35
/work/work/shared/s-neomics/data/analyse/emergency/analysis/PED20511	PED20511	analysis_ok	35
/work/work/shared/s-neomics/data/analyse/emergency/analysis/PED20464	PED20464	archive_in_progress	2
/work/work/shared/s-neomics/data/analyse/emergency/analysis/PED20459	PED20459	archive_in_progress	1
/work/work/shared/s-neomics/data/analyse/emergency/analysis/PED20467	PED20467	archive_in_progress	1
/work/work/shared/s-neomics/data/analyse/emergency/analysis/PED20470	PED20470	archive_in_progress	1
/work/work/shared/s-neomics/data/analyse/emergency/analysis/PED20459	PED20459	archive_success	33
/work/work/shared/s-neomics/data/analyse/emergency/analysis/PED20459	dijnbs545	archive_success	33
/work/work/shared/s-neomics/data/analyse/emergency/analysis/PED20467	PED20467	archive_success	33
/work/work/shared/s-neomics/data/analyse/emergency/analysis/PED20467	dijnbs555	archive_success	33
/work/work/shared/s-neomics/data/analyse/emergency/analysis/PED20470	PED20470	archive_success	33
/work/work/shared/s-neomics/data/analyse/emergency/analysis/PED20470	dijnbs558	archive_success	33
/work/work/shared/s-neomics/data/analyse/emergency/analysis/PED20476	PED20476	archive_in_progress	1
/work/work/shared/s-neomics/data/analyse/emergency/analysis/PED20488	PED20488	archive_in_progress	1
/work/work/shared/s-neomics/data/analyse/emergency/analysis/PED20464	PED20464	archive_success	32
/work/work/shared/s-neomics/data/analyse/emergency/analysis/PED20464	dijnbs550	archive_success	32
/work/work/shared/s-neomics/data/analyse/emergency/analysis/PED20464	dijnbs551	archive_success	32
/work/work/shared/s-neomics/data/analyse/emergency/analysis/PED20476	PED20476	archive_success	32
/work/work/shared/s-neomics/data/analyse/emergency/analysis/PED20476	dijnbs564	archive_success	32
/work/work/shared/s-neomics/data/analyse/emergency/analysis/PED20478	PED20478	archive_success	32
/work/work/shared/s-neomics/data/analyse/emergency/analysis/PED20478	dijnbs566	archive_success	32
/work/work/shared/s-neomics/data/analyse/emergency/analysis/PED20488	PED20488	archive_success	32
/work/work/shared/s-neomics/data/analyse/emergency/analysis/PED20488	dijnbs578	archive_success	32
/work/work/shared/s-neomics/data/analyse/emergency/analysis/PED20489	PED20489	archive_in_progress	1
/work/work/shared/s-neomics/data/analyse/emergency/analysis/PED20491	PED20491	archive_in_progress	1
/work/work/shared/s-neomics/data/analyse/emergency/analysis/PED20489	PED20489	archive_success	31
/work/work/shared/s-neomics/data/analyse/emergency/analysis/PED20489	dijnbs579	archive_success	31
/work/work/shared/s-neomics/data/analyse/emergency/analysis/PED20490	PED20490	archive_success	31
/work/work/shared/s-neomics/data/analyse/emergency/analysis/PED20490	dijnbs580	archive_success	31
/work/work/shared/s-neomics/data/analyse/emergency/analysis/PED20491	PED20491	archive_success	31
/work/work/shared/s-neomics/data/analyse/emergency/analysis/PED20491	dijnbs581	archive_success	31
/work/work/shared/s-neomics/data/analyse/emergency/analysis/PED20492	PED20492	archive_success	31
/work/work/shared/s-neomics/data/analyse/emergency/analysis/PED20492	dijnbs582	archive_success	31
/work/work/shared/s-neomics/data/analyse/emergency/analysis/PED20495	PED20495	archive_in_progress	1
/work/work/shared/s-neomics/data/analyse/emergency/analysis/PED20496	PED20496	archive_in_progress	1
/work/work/shared/s-neomics/data/analyse/emergency/analysis/PED20493	PED20493	archive_success	30
/work/work/shared/s-neomics/data/analyse/emergency/analysis/PED20493	dijnbs583	archive_success	30
/work/work/shared/s-neomics/data/analyse/emergency/analysis/PED20494	PED20494	archive_success	30
/work/work/shared/s-neomics/data/analyse/emergency/analysis/PED20494	dijnbs584	archive_success	30
/work/work/shared/s-neomics/data/analyse/emergency/analysis/PED20495	PED20495	archive_success	30
/work/work/shared/s-neomics/data/analyse/emergency/analysis/PED20495	dijnbs585	archive_success	30
/work/work/shared/s-neomics/data/analyse/emergency/analysis/PED20496	PED20496	archive_success	30
/work/work/shared/s-neomics/data/analyse/emergency/analysis/PED20496	dijnbs586	archive_success	30
/work/work/shared/s-neomics/data/analyse/emergency/analysis/PED20498	PED20498	archive_in_progress	1
/work/work/shared/s-neomics/data/analyse/emergency/analysis/PED20499	PED20499	archive_in_progress	1
/work/work/shared/s-neomics/data/analyse/emergency/analysis/PED20500	PED20500	archive_in_progress	1
/work/work/shared/s-neomics/data/analyse/emergency/analysis/PED20497	PED20497	archive_success	29
/work/work/shared/s-neomics/data/analyse/emergency/analysis/PED20497	dijnbs587	archive_success	29
/work/work/shared/s-neomics/data/analyse/emergency/analysis/PED20498	PED20498	archive_success	29
/work/work/shared/s-neomics/data/analyse/emergency/analysis/PED20498	dijnbs588	archive_success	29
/work/work/shared/s-neomics/data/analyse/emergency/analysis/PED20499	PED20499	archive_success	29
/work/work/shared/s-neomics/data/analyse/emergency/analysis/PED20499	dijnbs589	archive_success	29
/work/work/shared/s-neomics/data/analyse/emergency/analysis/PED20500	PED20500	archive_success	29
/work/work/shared/s-neomics/data/analyse/emergency/analysis/PED20500	dijnbs590	archive_success	29
/work/work/shared/s-neomics/data/analyse/emergency/analysis/PED20502	PED20502	archive_success	29
/work/work/shared/s-neomics/data/analyse/emergency/analysis/PED20502	dijnbs592	archive_success	29
/work/work/shared/s-neomics/data/analyse/emergency/analysis/PED20503	PED20503	archive_in_progress	1
/work/work/shared/s-neomics/data/analyse/emergency/analysis/PED20504	PED20504	archive_in_progress	1
/work/work/shared/s-neomics/data/analyse/emergency/analysis/PED20505	PED20505	archive_in_progress	1
/work/work/shared/s-neomics/data/analyse/emergency/analysis/PED20501	PED20501	archive_success	28
/work/work/shared/s-neomics/data/analyse/emergency/analysis/PED20501	dijnbs591	archive_success	28
/work/work/shared/s-neomics/data/analyse/emergency/analysis/PED20503	PED20503	archive_success	28
/work/work/shared/s-neomics/data/analyse/emergency/analysis/PED20503	dijnbs593	archive_success	28
/work/work/shared/s-neomics/data/analyse/emergency/analysis/PED20504	PED20504	archive_success	28
/work/work/shared/s-neomics/data/analyse/emergency/analysis/PED20504	dijnbs594	archive_success	28
/work/work/shared/s-neomics/data/analyse/emergency/analysis/PED20505	PED20505	archive_success	28
/work/work/shared/s-neomics/data/analyse/emergency/analysis/PED20505	dijnbs595	archive_success	28
/work/work/shared/s-neomics/data/analyse/emergency/analysis/PED20506	PED20506	archive_success	28
/work/work/shared/s-neomics/data/analyse/emergency/analysis/PED20506	dijnbs596	archive_success	28
/work/work/shared/s-neomics/data/analyse/emergency/analysis/PED20507	PED20507	archive_in_progress	1
/work/work/shared/s-neomics/data/analyse/emergency/analysis/PED20510	PED20510	archive_in_progress	1
/work/work/shared/s-neomics/data/analyse/emergency/analysis/PED20507	PED20507	archive_success	27
/work/work/shared/s-neomics/data/analyse/emergency/analysis/PED20507	dijnbs597	archive_success	27
/work/work/shared/s-neomics/data/analyse/emergency/analysis/PED20508	PED20508	archive_success	27
/work/work/shared/s-neomics/data/analyse/emergency/analysis/PED20508	dijnbs598	archive_success	27
/work/work/shared/s-neomics/data/analyse/emergency/analysis/PED20509	PED20509	archive_success	27
/work/work/shared/s-neomics/data/analyse/emergency/analysis/PED20509	dijnbs599	archive_success	27
/work/work/shared/s-neomics/data/analyse/emergency/analysis/PED20510	PED20510	archive_success	27
/work/work/shared/s-neomics/data/analyse/emergency/analysis/PED20510	dijnbs600	archive_success	27
/work/work/shared/s-neomics/data/analyse/emergency/analysis/PED20511	PED20511	archive_in_progress	1
/work/work/shared/s-neomics/data/analyse/emergency/analysis/PED20511	PED20511	archive_success	26
/work/work/shared/s-neomics/data/analyse/emergency/analysis/PED20511	dijnbs601	archive_success	26
/work/work/shared/s-neomics/data/analyse/dijnbs549_redo	dijnbs549_redo	no_dispatch	5
/work/work/shared/s-neomics/data/analyse/PED20463	dijnbs602	dispatch_ok	304
/work/work/shared/s-neomics/data/analyse/PED20463	PED20463	archive_in_progress	6
/work/work/shared/s-neomics/data/analyse/PED20463	dijnbs602	archive_success	276
/work/work/shared/s-neomics/data/analyse/PED20532	dijnbs623	dispatch_ok	94
/work/work/shared/s-neomics/data/analyse/PED20532	PED20532	analysis_not_ended	38
/work/work/shared/s-neomics/data/analyse/PED20532	PED20532	no_archive_log	38
/work/work/shared/s-neomics/data/analyse/PED20527	dijnbs619	dispatch_ok	93
/work/work/shared/s-neomics/data/analyse/PED20527	PED20527	analysis_not_ended	44
/work/work/shared/s-neomics/data/analyse/PED20527	PED20527	no_archive_log	44
/work/work/shared/s-neomics/data/analyse/PED20512	dijnbs603	dispatch_ok	84
/work/work/shared/s-neomics/data/analyse/PED20512	PED20512	analysis_not_ended	65
/work/work/shared/s-neomics/data/analyse/PED20512	PED20512	no_archive_log	66
/work/work/shared/s-neomics/data/analyse/PED20513	dijnbs604	dispatch_ok	89
/work/work/shared/s-neomics/data/analyse/PED20513	PED20513	analysis_not_ended	8
/work/work/shared/s-neomics/data/analyse/PED20513	PED20513	no_archive_log	8
/work/work/shared/s-neomics/data/analyse/PED20514	dijnbs605	dispatch_ok	89
/work/work/shared/s-neomics/data/analyse/PED20514	PED20514	analysis_not_ended	21
/work/work/shared/s-neomics/data/analyse/PED20514	PED20514	no_archive_log	21
/work/work/shared/s-neomics/data/analyse/PED20515	dijnbs606	dispatch_ok	89
/work/work/shared/s-neomics/data/analyse/PED20515	PED20515	analysis_not_ended	16
/work/work/shared/s-neomics/data/analyse/PED20515	PED20515	no_archive_log	16
/work/work/shared/s-neomics/data/analyse/PED20516	dijnbs607	dispatch_ok	86
/work/work/shared/s-neomics/data/analyse/PED20516	PED20516	analysis_not_ended	15
/work/work/shared/s-neomics/data/analyse/PED20516	PED20516	no_archive_log	15
/work/work/shared/s-neomics/data/analyse/PED20517	dijnbs608	dispatch_ok	86
/work/work/shared/s-neomics/data/analyse/PED20517	PED20517	analysis_not_ended	18
/work/work/shared/s-neomics/data/analyse/PED20517	PED20517	no_archive_log	18
/work/work/shared/s-neomics/data/analyse/PED20518	dijnbs609	dispatch_ok	86
/work/work/shared/s-neomics/data/analyse/PED20518	PED20518	analysis_not_ended	24
/work/work/shared/s-neomics/data/analyse/PED20518	PED20518	no_archive_log	24
/work/work/shared/s-neomics/data/analyse/PED20532	PED20532	analysis_ok	1159
/work/work/shared/s-neomics/data/analyse/PED20532	PED20532	archive_success	1158
/work/work/shared/s-neomics/data/analyse/PED20532	dijnbs623	archive_success	85
/work/work/shared/s-neomics/data/analyse/PED20519	dijnbs610	dispatch_ok	83
/work/work/shared/s-neomics/data/analyse/PED20519	PED20519	analysis_not_ended	26
/work/work/shared/s-neomics/data/analyse/PED20519	PED20519	no_archive_log	26
/work/work/shared/s-neomics/data/analyse/PED20520	dijnbs611	dispatch_ok	82
/work/work/shared/s-neomics/data/analyse/PED20520	PED20520	analysis_not_ended	16
/work/work/shared/s-neomics/data/analyse/PED20520	PED20520	no_archive_log	16
/work/work/shared/s-neomics/data/analyse/PED20521	dijnbs612	dispatch_ok	82
/work/work/shared/s-neomics/data/analyse/PED20521	PED20521	analysis_not_ended	18
/work/work/shared/s-neomics/data/analyse/PED20521	PED20521	no_archive_log	18
/work/work/shared/s-neomics/data/analyse/PED20513	PED20513	analysis_ok	81
/work/work/shared/s-neomics/data/analyse/PED20513	PED20513	archive_success	81
/work/work/shared/s-neomics/data/analyse/PED20513	dijnbs604	archive_success	81
/work/work/shared/s-neomics/data/analyse/PED20522	dijnbs613	dispatch_ok	80
/work/work/shared/s-neomics/data/analyse/PED20522	PED20522	analysis_not_ended	30
/work/work/shared/s-neomics/data/analyse/PED20522	PED20522	no_archive_log	30
/work/work/shared/s-neomics/data/analyse/PED20523	dijnbs614	dispatch_ok	80
/work/work/shared/s-neomics/data/analyse/PED20523	PED20523	analysis_not_ended	34
/work/work/shared/s-neomics/data/analyse/PED20523	PED20523	no_archive_log	34
/work/work/shared/s-neomics/data/analyse/PED20524	dijnbs615	dispatch_ok	79
/work/work/shared/s-neomics/data/analyse/PED20524	PED20524	analysis_not_ended	26
/work/work/shared/s-neomics/data/analyse/PED20524	PED20524	no_archive_log	26
/work/work/shared/s-neomics/data/analyse/PED20527	PED20527	analysis_ok	1154
/work/work/shared/s-neomics/data/analyse/PED20527	PED20527	archive_in_progress	3
/work/work/shared/s-neomics/data/analyse/PED20527	PED20527	archive_success	1151
/work/work/shared/s-neomics/data/analyse/PED20527	dijnbs619	archive_success	77
/work/work/shared/s-neomics/data/analyse/PED20525	dijnbs616	dispatch_ok	77
/work/work/shared/s-neomics/data/analyse/PED20525	PED20525	analysis_not_ended	38
/work/work/shared/s-neomics/data/analyse/PED20525	PED20525	no_archive_log	38
/work/work/shared/s-neomics/data/analyse/PED20526	dijnbs617	dispatch_ok	77
/work/work/shared/s-neomics/data/analyse/PED20526	PED20526	analysis_not_ended	33
/work/work/shared/s-neomics/data/analyse/PED20526	PED20526	no_archive_log	33
/work/work/shared/s-neomics/data/analyse/PED20528	dijnbs618	dispatch_ok	76
/work/work/shared/s-neomics/data/analyse/PED20528	PED20528	analysis_not_ended	30
/work/work/shared/s-neomics/data/analyse/PED20528	PED20528	no_archive_log	30
/work/work/shared/s-neomics/data/analyse/PED20529	dijnbs620	dispatch_ok	74
/work/work/shared/s-neomics/data/analyse/PED20529	PED20529	analysis_not_ended	38
/work/work/shared/s-neomics/data/analyse/PED20529	PED20529	no_archive_log	38
/work/work/shared/s-neomics/data/analyse/PED20515	PED20515	analysis_ok	73
/work/work/shared/s-neomics/data/analyse/PED20515	PED20515	archive_in_progress	2
/work/work/shared/s-neomics/data/analyse/PED20530	dijnbs621	dispatch_ok	73
/work/work/shared/s-neomics/data/analyse/PED20530	PED20530	analysis_not_ended	55
/work/work/shared/s-neomics/data/analyse/PED20530	PED20530	no_archive_log	65
/work/work/shared/s-neomics/data/analyse/PED20531	dijnbs622	dispatch_ok	73
/work/work/shared/s-neomics/data/analyse/PED20531	PED20531	analysis_not_ended	37
/work/work/shared/s-neomics/data/analyse/PED20531	PED20531	no_archive_log	37
/work/work/shared/s-neomics/data/analyse/PED20515	PED20515	archive_success	71
/work/work/shared/s-neomics/data/analyse/PED20515	dijnbs606	archive_success	71
/work/work/shared/s-neomics/data/analyse/PED20516	PED20516	analysis_ok	71
/work/work/shared/s-neomics/data/analyse/PED20516	PED20516	archive_in_progress	1
/work/work/shared/s-neomics/data/analyse/PED20516	PED20516	archive_success	70
/work/work/shared/s-neomics/data/analyse/PED20516	dijnbs607	archive_success	70
/work/work/shared/s-neomics/data/analyse/PED20533	dijnbs624	dispatch_ok	69
/work/work/shared/s-neomics/data/analyse/PED20533	PED20533	analysis_not_ended	33
/work/work/shared/s-neomics/data/analyse/PED20533	PED20533	no_archive_log	33
/work/work/shared/s-neomics/data/analyse/PED20514	PED20514	analysis_ok	68
/work/work/shared/s-neomics/data/analyse/PED20514	PED20514	archive_in_progress	1
/work/work/shared/s-neomics/data/analyse/PED20517	PED20517	analysis_ok	68
/work/work/shared/s-neomics/data/analyse/PED20517	PED20517	archive_in_progress	2
/work/work/shared/s-neomics/data/analyse/PED20534	dijnbs625	dispatch_ok	68
/work/work/shared/s-neomics/data/analyse/PED20534	PED20534	analysis_not_ended	33
/work/work/shared/s-neomics/data/analyse/PED20534	PED20534	no_archive_log	33
/work/work/shared/s-neomics/data/analyse/PED20514	PED20514	archive_success	67
/work/work/shared/s-neomics/data/analyse/PED20514	dijnbs605	archive_success	67
/work/work/shared/s-neomics/data/analyse/PED20517	PED20517	archive_success	66
/work/work/shared/s-neomics/data/analyse/PED20517	dijnbs608	archive_success	66
/work/work/shared/s-neomics/data/analyse/PED20520	PED20520	analysis_ok	66
/work/work/shared/s-neomics/data/analyse/PED20520	PED20520	archive_in_progress	1
/work/work/shared/s-neomics/data/analyse/PED20520	PED20520	archive_success	65
/work/work/shared/s-neomics/data/analyse/PED20520	dijnbs611	archive_success	65
/work/work/shared/s-neomics/data/analyse/PED20535	dijnbs626	dispatch_ok	65
/work/work/shared/s-neomics/data/analyse/PED20535	PED20535	analysis_not_ended	40
/work/work/shared/s-neomics/data/analyse/PED20535	PED20535	no_archive_log	40
/work/work/shared/s-neomics/data/analyse/PED20536	dijnbs627	dispatch_ok	65
/work/work/shared/s-neomics/data/analyse/PED20536	PED20536	analysis_not_ended	30
/work/work/shared/s-neomics/data/analyse/PED20536	PED20536	no_archive_log	31
/work/work/shared/s-neomics/data/analyse/PED20521	PED20521	analysis_ok	64
/work/work/shared/s-neomics/data/analyse/PED20521	PED20521	archive_in_progress	1
/work/work/shared/s-neomics/data/analyse/PED20537	dijnbs628	dispatch_ok	64
/work/work/shared/s-neomics/data/analyse/PED20537	PED20537	analysis_not_ended	30
/work/work/shared/s-neomics/data/analyse/PED20537	PED20537	no_archive_log	32
/work/work/shared/s-neomics/data/analyse/PED20521	PED20521	archive_success	63
/work/work/shared/s-neomics/data/analyse/PED20521	dijnbs612	archive_success	63
/work/work/shared/s-neomics/data/analyse/PED20518	PED20518	analysis_ok	62
/work/work/shared/s-neomics/data/analyse/PED20518	PED20518	archive_in_progress	2
/work/work/shared/s-neomics/data/analyse/PED20538	dijnbs629	dispatch_ok	61
/work/work/shared/s-neomics/data/analyse/PED20538	PED20538	analysis_not_ended	26
/work/work/shared/s-neomics/data/analyse/PED20538	PED20538	no_archive_log	28
/work/work/shared/s-neomics/data/analyse/PED20539	dijnbs630	dispatch_ok	61
/work/work/shared/s-neomics/data/analyse/PED20539	PED20539	analysis_not_ended	91
/work/work/shared/s-neomics/data/analyse/PED20539	PED20539	no_archive_log	93
/work/work/shared/s-neomics/data/analyse/PED20518	PED20518	archive_success	60
/work/work/shared/s-neomics/data/analyse/PED20518	dijnbs609	archive_success	60
/work/work/shared/s-neomics/data/analyse/PED20540	dijnbs631	dispatch_ok	58
/work/work/shared/s-neomics/data/analyse/PED20540	PED20540	analysis_not_ended	27
/work/work/shared/s-neomics/data/analyse/PED20540	PED20540	no_archive_log	27
/work/work/shared/s-neomics/data/analyse/PED20541	dijnbs632	dispatch_ok	58
/work/work/shared/s-neomics/data/analyse/PED20541	PED20541	analysis_not_ended	26
/work/work/shared/s-neomics/data/analyse/PED20541	PED20541	no_archive_log	26
/work/work/shared/s-neomics/data/analyse/PED20519	PED20519	analysis_ok	57
/work/work/shared/s-neomics/data/analyse/PED20519	PED20519	archive_in_progress	1
/work/work/shared/s-neomics/data/analyse/PED20519	PED20519	archive_success	56
/work/work/shared/s-neomics/data/analyse/PED20519	dijnbs610	archive_success	56
/work/work/shared/s-neomics/data/analyse/PED20524	PED20524	analysis_ok	53
/work/work/shared/s-neomics/data/analyse/PED20524	PED20524	archive_in_progress	1
/work/work/shared/s-neomics/data/analyse/PED20524	PED20524	archive_success	52
/work/work/shared/s-neomics/data/analyse/PED20524	dijnbs615	archive_success	52
/work/work/shared/s-neomics/data/analyse/PED20522	PED20522	analysis_ok	50
/work/work/shared/s-neomics/data/analyse/PED20522	PED20522	archive_in_progress	1
/work/work/shared/s-neomics/data/analyse/PED20522	PED20522	archive_success	49
/work/work/shared/s-neomics/data/analyse/PED20522	dijnbs613	archive_success	49
/work/work/shared/s-neomics/data/analyse/PED20523	PED20523	analysis_ok	46
/work/work/shared/s-neomics/data/analyse/PED20523	PED20523	archive_in_progress	2
/work/work/shared/s-neomics/data/analyse/PED20528	PED20528	analysis_ok	46
/work/work/shared/s-neomics/data/analyse/PED20528	PED20528	archive_in_progress	2
/work/work/shared/s-neomics/data/analyse/PED20523	PED20523	archive_success	44
/work/work/shared/s-neomics/data/analyse/PED20523	dijnbs614	archive_success	44
/work/work/shared/s-neomics/data/analyse/PED20526	PED20526	analysis_ok	44
/work/work/shared/s-neomics/data/analyse/PED20526	PED20526	archive_in_progress	1
/work/work/shared/s-neomics/data/analyse/PED20528	PED20528	archive_success	44
/work/work/shared/s-neomics/data/analyse/PED20528	dijnbs618	archive_success	44
/work/work/shared/s-neomics/data/analyse/PED20526	PED20526	archive_success	43
/work/work/shared/s-neomics/data/analyse/PED20526	dijnbs617	archive_success	43
/work/work/shared/s-neomics/data/analyse/PED20525	PED20525	analysis_ok	39
/work/work/shared/s-neomics/data/analyse/PED20525	PED20525	archive_in_progress	1
/work/work/shared/s-neomics/data/analyse/PED20525	PED20525	archive_success	38
/work/work/shared/s-neomics/data/analyse/PED20525	dijnbs616	archive_success	38
/work/work/shared/s-neomics/data/analyse/PED20529	PED20529	analysis_ok	36
/work/work/shared/s-neomics/data/analyse/PED20529	PED20529	archive_in_progress	3
/work/work/shared/s-neomics/data/analyse/PED20531	PED20531	analysis_ok	36
/work/work/shared/s-neomics/data/analyse/PED20531	PED20531	archive_in_progress	4
/work/work/shared/s-neomics/data/analyse/PED20533	PED20533	analysis_ok	36
/work/work/shared/s-neomics/data/analyse/PED20533	PED20533	archive_in_progress	2
/work/work/shared/s-neomics/data/analyse/PED20534	PED20534	analysis_ok	35
/work/work/shared/s-neomics/data/analyse/PED20534	PED20534	archive_in_progress	2
/work/work/shared/s-neomics/data/analyse/PED20536	PED20536	analysis_ok	35
/work/work/shared/s-neomics/data/analyse/PED20538	PED20538	analysis_ok	35
/work/work/shared/s-neomics/data/analyse/PED20533	PED20533	archive_success	34
/work/work/shared/s-neomics/data/analyse/PED20533	dijnbs624	archive_success	34
/work/work/shared/s-neomics/data/analyse/PED20536	PED20536	archive_in_progress	2
/work/work/shared/s-neomics/data/analyse/PED20537	PED20537	analysis_ok	34
/work/work/shared/s-neomics/data/analyse/PED20539	PED20539	analysis_ok	1071
/work/work/shared/s-neomics/data/analyse/PED20529	PED20529	archive_success	33
/work/work/shared/s-neomics/data/analyse/PED20529	dijnbs620	archive_success	33
/work/work/shared/s-neomics/data/analyse/PED20534	PED20534	archive_success	33
/work/work/shared/s-neomics/data/analyse/PED20534	dijnbs625	archive_success	33
/work/work/shared/s-neomics/data/analyse/PED20538	PED20538	archive_in_progress	1
/work/work/shared/s-neomics/data/analyse/PED20539	PED20539	archive_in_progress	4
/work/work/shared/s-neomics/data/analyse/PED20531	PED20531	archive_success	32
/work/work/shared/s-neomics/data/analyse/PED20531	dijnbs622	archive_success	32
/work/work/shared/s-neomics/data/analyse/PED20536	PED20536	archive_success	32
/work/work/shared/s-neomics/data/analyse/PED20536	dijnbs627	archive_success	32
/work/work/shared/s-neomics/data/analyse/PED20537	PED20537	archive_in_progress	2
/work/work/shared/s-neomics/data/analyse/PED20538	PED20538	archive_success	32
/work/work/shared/s-neomics/data/analyse/PED20538	dijnbs629	archive_success	32
/work/work/shared/s-neomics/data/analyse/PED20539	PED20539	archive_success	1066
/work/work/shared/s-neomics/data/analyse/PED20539	dijnbs630	archive_success	32
/work/work/shared/s-neomics/data/analyse/PED20541	PED20541	analysis_ok	32
/work/work/shared/s-neomics/data/analyse/PED20541	PED20541	archive_in_progress	2
/work/work/shared/s-neomics/data/analyse/PED20540	PED20540	analysis_ok	31
/work/work/shared/s-neomics/data/analyse/PED20540	PED20540	archive_in_progress	1
/work/work/shared/s-neomics/data/analyse/PED20537	PED20537	archive_success	30
/work/work/shared/s-neomics/data/analyse/PED20537	dijnbs628	archive_success	30
/work/work/shared/s-neomics/data/analyse/PED20540	PED20540	archive_success	30
/work/work/shared/s-neomics/data/analyse/PED20540	dijnbs631	archive_success	30
/work/work/shared/s-neomics/data/analyse/PED20541	PED20541	archive_success	30
/work/work/shared/s-neomics/data/analyse/PED20541	dijnbs632	archive_success	30
/work/work/shared/s-neomics/data/analyse/PED20512	PED20512	analysis_ok	19
/work/work/shared/s-neomics/data/analyse/PED20512	PED20512	archive_in_progress	1
/work/work/shared/s-neomics/data/analyse/PED20512	PED20512	archive_success	18
/work/work/shared/s-neomics/data/analyse/PED20512	dijnbs603	archive_success	18
/work/work/shared/s-neomics/data/analyse/PED20535	PED20535	analysis_ok	25
/work/work/shared/s-neomics/data/analyse/PED20535	PED20535	archive_in_progress	5
/work/work/shared/s-neomics/data/analyse/PED20535	PED20535	archive_success	20
/work/work/shared/s-neomics/data/analyse/PED20535	dijnbs626	archive_success	20
/work/work/shared/s-neomics/data/analyse/PED20530	PED20530	analysis_failed	9
/work/work/shared/s-neomics/data/analyse/PED20530	PED20530	analysis_ok	9
/work/work/shared/s-neomics/data/analyse/PED20530	PED20530	archive_in_progress	9
/work/work/shared/s-neomics/data/analyse/PED20550	dijnbs641	dispatch_ok	1138
/work/work/shared/s-neomics/data/analyse/PED20550	PED20550	analysis_not_ended	107
/work/work/shared/s-neomics/data/analyse/PED20550	PED20550	no_archive_log	109
/work/work/shared/s-neomics/data/analyse/PED20559	dijnbs650	dispatch_ok	1138
/work/work/shared/s-neomics/data/analyse/PED20559	PED20559	analysis_not_ended	103
/work/work/shared/s-neomics/data/analyse/PED20559	PED20559	no_archive_log	105
/work/work/shared/s-neomics/data/analyse/PED20551	dijnbs642	dispatch_ok	1138
/work/work/shared/s-neomics/data/analyse/PED20551	PED20551	analysis_not_ended	104
/work/work/shared/s-neomics/data/analyse/PED20551	PED20551	no_archive_log	116
/work/work/shared/s-neomics/data/analyse/PED20550	PED20550	analysis_ok	1134
/work/work/shared/s-neomics/data/analyse/PED20550	PED20550	archive_success	1132
/work/work/shared/s-neomics/data/analyse/PED20550	dijnbs641	archive_success	1128
/work/work/shared/s-neomics/data/analyse/PED20559	PED20559	analysis_ok	1146
/work/work/shared/s-neomics/data/analyse/PED20559	PED20559	archive_in_progress	3
/work/work/shared/s-neomics/data/analyse/PED20542	dijnbs633	dispatch_ok	1128
/work/work/shared/s-neomics/data/analyse/PED20542	PED20542	analysis_not_ended	16
/work/work/shared/s-neomics/data/analyse/PED20542	PED20542	no_archive_log	16
/work/work/shared/s-neomics/data/analyse/PED20543	dijnbs634	dispatch_ok	1128
/work/work/shared/s-neomics/data/analyse/PED20543	PED20543	analysis_not_ended	16
/work/work/shared/s-neomics/data/analyse/PED20543	PED20543	no_archive_log	16
/work/work/shared/s-neomics/data/analyse/PED20544	dijnbs635	dispatch_ok	1128
/work/work/shared/s-neomics/data/analyse/PED20544	PED20544	analysis_not_ended	24
/work/work/shared/s-neomics/data/analyse/PED20544	PED20544	no_archive_log	24
/work/work/shared/s-neomics/data/analyse/PED20559	PED20559	archive_success	1143
/work/work/shared/s-neomics/data/analyse/PED20559	dijnbs650	archive_success	1127
/work/work/shared/s-neomics/data/analyse/PED20496	dijnbs586,dijnbs653	dispatch_ok	1124
/work/work/shared/s-neomics/data/analyse/PED20545	dijnbs636	dispatch_ok	1125
/work/work/shared/s-neomics/data/analyse/PED20545	PED20545	analysis_not_ended	33
/work/work/shared/s-neomics/data/analyse/PED20545	PED20545	no_archive_log	33
/work/work/shared/s-neomics/data/analyse/PED20546	dijnbs637	dispatch_ok	1122
/work/work/shared/s-neomics/data/analyse/PED20546	PED20546	analysis_not_ended	32
/work/work/shared/s-neomics/data/analyse/PED20546	PED20546	no_archive_log	32
/work/work/shared/s-neomics/data/analyse/PED20547	dijnbs638	dispatch_ok	1122
/work/work/shared/s-neomics/data/analyse/PED20547	PED20547	analysis_not_ended	31
/work/work/shared/s-neomics/data/analyse/PED20547	PED20547	no_archive_log	31
/work/work/shared/s-neomics/data/analyse/PED20551	PED20551	analysis_ok	1129
/work/work/shared/s-neomics/data/analyse/PED20551	PED20551	archive_success	1126
/work/work/shared/s-neomics/data/analyse/PED20551	dijnbs642	archive_success	1121
/work/work/shared/s-neomics/data/analyse/PED20548	dijnbs639	dispatch_ok	1120
/work/work/shared/s-neomics/data/analyse/PED20548	PED20548	analysis_not_ended	30
/work/work/shared/s-neomics/data/analyse/PED20548	PED20548	no_archive_log	30
/work/work/shared/s-neomics/data/analyse/PED20549	dijnbs640	dispatch_ok	1118
/work/work/shared/s-neomics/data/analyse/PED20549	PED20549	analysis_not_ended	33
/work/work/shared/s-neomics/data/analyse/PED20549	PED20549	no_archive_log	33
/work/work/shared/s-neomics/data/analyse/PED20552	dijnbs643	dispatch_ok	1118
/work/work/shared/s-neomics/data/analyse/PED20552	PED20552	analysis_not_ended	35
/work/work/shared/s-neomics/data/analyse/PED20552	PED20552	no_archive_log	35
/work/work/shared/s-neomics/data/analyse/PED20553	dijnbs644	dispatch_ok	1117
/work/work/shared/s-neomics/data/analyse/PED20553	PED20553	analysis_not_ended	35
/work/work/shared/s-neomics/data/analyse/PED20553	PED20553	no_archive_log	35
/work/work/shared/s-neomics/data/analyse/PED20554	dijnbs645	dispatch_ok	1114
/work/work/shared/s-neomics/data/analyse/PED20554	PED20554	analysis_not_ended	32
/work/work/shared/s-neomics/data/analyse/PED20554	PED20554	no_archive_log	32
/work/work/shared/s-neomics/data/analyse/PED20555	dijnbs646	dispatch_ok	1114
/work/work/shared/s-neomics/data/analyse/PED20555	PED20555	analysis_not_ended	32
/work/work/shared/s-neomics/data/analyse/PED20555	PED20555	no_archive_log	32
/work/work/shared/s-neomics/data/analyse/PED20556	dijnbs647	dispatch_ok	1113
/work/work/shared/s-neomics/data/analyse/PED20556	PED20556	analysis_not_ended	32
/work/work/shared/s-neomics/data/analyse/PED20556	PED20556	no_archive_log	33
/work/work/shared/s-neomics/data/analyse/PED20542	PED20542	analysis_ok	1112
/work/work/shared/s-neomics/data/analyse/PED20542	PED20542	archive_in_progress	2
/work/work/shared/s-neomics/data/analyse/PED20543	PED20543	analysis_ok	1112
/work/work/shared/s-neomics/data/analyse/PED20543	PED20543	archive_in_progress	2
/work/work/shared/s-neomics/data/analyse/PED20542	PED20542	archive_success	1110
/work/work/shared/s-neomics/data/analyse/PED20542	dijnbs633	archive_success	1110
/work/work/shared/s-neomics/data/analyse/PED20543	PED20543	archive_success	1110
/work/work/shared/s-neomics/data/analyse/PED20543	dijnbs634	archive_success	1110
/work/work/shared/s-neomics/data/analyse/PED20557	dijnbs648	dispatch_ok	1110
/work/work/shared/s-neomics/data/analyse/PED20557	PED20557	analysis_not_ended	29
/work/work/shared/s-neomics/data/analyse/PED20557	PED20557	no_archive_log	29
/work/work/shared/s-neomics/data/analyse/PED20558	dijnbs649	dispatch_ok	1110
/work/work/shared/s-neomics/data/analyse/PED20558	PED20558	analysis_not_ended	29
/work/work/shared/s-neomics/data/analyse/PED20558	PED20558	no_archive_log	30
/work/work/shared/s-neomics/data/analyse/PED20560	dijnbs651	dispatch_ok	1109
/work/work/shared/s-neomics/data/analyse/PED20560	PED20560	analysis_not_ended	28
/work/work/shared/s-neomics/data/analyse/PED20560	PED20560	no_archive_log	29
/work/work/shared/s-neomics/data/analyse/PED20561	dijnbs652	dispatch_ok	1106
/work/work/shared/s-neomics/data/analyse/PED20561	PED20561	analysis_not_ended	26
/work/work/shared/s-neomics/data/analyse/PED20561	PED20561	no_archive_log	27
/work/work/shared/s-neomics/data/analyse/PED20562	dijnbs654	dispatch_ok	1106
/work/work/shared/s-neomics/data/analyse/PED20562	PED20562	analysis_not_ended	27
/work/work/shared/s-neomics/data/analyse/PED20562	PED20562	no_archive_log	28
/work/work/shared/s-neomics/data/analyse/PED20527	dijnbs655	dispatch_ok	1105
/work/work/shared/s-neomics/data/analyse/PED20544	PED20544	analysis_ok	1104
/work/work/shared/s-neomics/data/analyse/PED20544	PED20544	archive_in_progress	2
/work/work/shared/s-neomics/data/analyse/PED20496	PED20496	analysis_ok	1102
/work/work/shared/s-neomics/data/analyse/PED20496	PED20496	archive_in_progress	6
/work/work/shared/s-neomics/data/analyse/PED20532	dijnbs656	dispatch_ok	1103
/work/work/shared/s-neomics/data/analyse/PED20544	PED20544	archive_success	1102
/work/work/shared/s-neomics/data/analyse/PED20544	dijnbs635	archive_success	1102
/work/work/shared/s-neomics/data/analyse/PED20539	dijnbs657	dispatch_ok	1101
/work/work/shared/s-neomics/data/analyse/PED20496	PED20496	archive_fail	1118
/work/work/shared/s-neomics/data/analyse/PED20545	PED20545	analysis_ok	1092
/work/work/shared/s-neomics/data/analyse/PED20545	PED20545	archive_in_progress	4
/work/work/shared/s-neomics/data/analyse/PED20547	PED20547	analysis_ok	1091
/work/work/shared/s-neomics/data/analyse/PED20547	PED20547	archive_in_progress	3
/work/work/shared/s-neomics/data/analyse/PED20546	PED20546	analysis_ok	1090
/work/work/shared/s-neomics/data/analyse/PED20546	PED20546	archive_in_progress	2
/work/work/shared/s-neomics/data/analyse/PED20548	PED20548	analysis_ok	1090
/work/work/shared/s-neomics/data/analyse/PED20548	PED20548	archive_in_progress	2
/work/work/shared/s-neomics/data/analyse/PED20545	PED20545	archive_success	1088
/work/work/shared/s-neomics/data/analyse/PED20545	dijnbs636	archive_success	1088
/work/work/shared/s-neomics/data/analyse/PED20546	PED20546	archive_success	1088
/work/work/shared/s-neomics/data/analyse/PED20546	dijnbs637	archive_success	1088
/work/work/shared/s-neomics/data/analyse/PED20547	PED20547	archive_success	1088
/work/work/shared/s-neomics/data/analyse/PED20547	dijnbs638	archive_success	1088
/work/work/shared/s-neomics/data/analyse/PED20548	PED20548	archive_success	1088
/work/work/shared/s-neomics/data/analyse/PED20548	dijnbs639	archive_success	1088
/work/work/shared/s-neomics/data/analyse/PED20549	PED20549	analysis_ok	1085
/work/work/shared/s-neomics/data/analyse/PED20549	PED20549	archive_in_progress	1
/work/work/shared/s-neomics/data/analyse/PED20549	PED20549	archive_success	1084
/work/work/shared/s-neomics/data/analyse/PED20549	dijnbs640	archive_success	1084
/work/work/shared/s-neomics/data/analyse/PED20552	PED20552	analysis_ok	1083
/work/work/shared/s-neomics/data/analyse/PED20552	PED20552	archive_in_progress	2
/work/work/shared/s-neomics/data/analyse/PED20553	PED20553	analysis_ok	1082
/work/work/shared/s-neomics/data/analyse/PED20553	PED20553	archive_in_progress	2
/work/work/shared/s-neomics/data/analyse/PED20554	PED20554	analysis_ok	1082
/work/work/shared/s-neomics/data/analyse/PED20554	PED20554	archive_in_progress	2
/work/work/shared/s-neomics/data/analyse/PED20555	PED20555	analysis_ok	1082
/work/work/shared/s-neomics/data/analyse/PED20555	PED20555	archive_in_progress	2
/work/work/shared/s-neomics/data/analyse/PED20552	PED20552	archive_success	1081
/work/work/shared/s-neomics/data/analyse/PED20552	dijnbs643	archive_success	1081
/work/work/shared/s-neomics/data/analyse/PED20556	PED20556	analysis_ok	1081
/work/work/shared/s-neomics/data/analyse/PED20557	PED20557	analysis_ok	1081
/work/work/shared/s-neomics/data/analyse/PED20557	PED20557	archive_in_progress	2
/work/work/shared/s-neomics/data/analyse/PED20558	PED20558	analysis_ok	1081
/work/work/shared/s-neomics/data/analyse/PED20560	PED20560	analysis_ok	1081
/work/work/shared/s-neomics/data/analyse/PED20553	PED20553	archive_success	1080
/work/work/shared/s-neomics/data/analyse/PED20553	dijnbs644	archive_success	1080
/work/work/shared/s-neomics/data/analyse/PED20554	PED20554	archive_success	1080
/work/work/shared/s-neomics/data/analyse/PED20554	dijnbs645	archive_success	1080
/work/work/shared/s-neomics/data/analyse/PED20555	PED20555	archive_success	1080
/work/work/shared/s-neomics/data/analyse/PED20555	dijnbs646	archive_success	1080
/work/work/shared/s-neomics/data/analyse/PED20556	PED20556	archive_in_progress	2
/work/work/shared/s-neomics/data/analyse/PED20558	PED20558	archive_in_progress	3
/work/work/shared/s-neomics/data/analyse/PED20560	PED20560	archive_in_progress	2
/work/work/shared/s-neomics/data/analyse/PED20561	PED20561	analysis_ok	1080
/work/work/shared/s-neomics/data/analyse/PED20557	PED20557	archive_success	1079
/work/work/shared/s-neomics/data/analyse/PED20557	dijnbs648	archive_success	1079
/work/work/shared/s-neomics/data/analyse/PED20561	PED20561	archive_in_progress	2
/work/work/shared/s-neomics/data/analyse/PED20562	PED20562	analysis_ok	1079
/work/work/shared/s-neomics/data/analyse/PED20556	PED20556	archive_success	1078
/work/work/shared/s-neomics/data/analyse/PED20556	dijnbs647	archive_success	1078
/work/work/shared/s-neomics/data/analyse/PED20560	PED20560	archive_success	1078
/work/work/shared/s-neomics/data/analyse/PED20560	dijnbs651	archive_success	1078
/work/work/shared/s-neomics/data/analyse/PED20562	PED20562	archive_in_progress	2
/work/work/shared/s-neomics/data/analyse/PED20558	PED20558	archive_success	1077
/work/work/shared/s-neomics/data/analyse/PED20558	dijnbs649	archive_success	1077
/work/work/shared/s-neomics/data/analyse/PED20561	PED20561	archive_success	1077
/work/work/shared/s-neomics/data/analyse/PED20561	dijnbs652	archive_success	1077
/work/work/shared/s-neomics/data/analyse/PED20562	PED20562	archive_success	1076
/work/work/shared/s-neomics/data/analyse/PED20562	dijnbs654	archive_success	1076
/work/work/shared/s-neomics/data/analyse/PED20527	dijnbs655	archive_success	1074
/work/work/shared/s-neomics/data/analyse/PED20532	PED20532	archive_in_progress	1
/work/work/shared/s-neomics/data/analyse/PED20532	dijnbs656	archive_success	1073
/work/work/shared/s-neomics/data/analyse/PED20539	dijnbs657	archive_success	1034
/work/work/shared/s-neomics/data/analyse/PED20563	dijnbs658	dispatch_ok	1051
/work/work/shared/s-neomics/data/analyse/PED20563	PED20563	analysis_not_ended	19
/work/work/shared/s-neomics/data/analyse/PED20563	PED20563	no_archive_log	19
/work/work/shared/s-neomics/data/analyse/PED20564	dijnbs659	dispatch_ok	1051
/work/work/shared/s-neomics/data/analyse/PED20564	PED20564	analysis_not_ended	16
/work/work/shared/s-neomics/data/analyse/PED20564	PED20564	no_archive_log	16
/work/work/shared/s-neomics/data/analyse/PED20565	dijnbs660	dispatch_ok	1051
/work/work/shared/s-neomics/data/analyse/PED20565	PED20565	analysis_not_ended	115
/work/work/shared/s-neomics/data/analyse/PED20565	PED20565	no_archive_log	124
/work/work/shared/s-neomics/data/analyse/PED20566	dijnbs661	dispatch_ok	1045
/work/work/shared/s-neomics/data/analyse/PED20566	PED20566	analysis_not_ended	18
/work/work/shared/s-neomics/data/analyse/PED20566	PED20566	no_archive_log	18
/work/work/shared/s-neomics/data/analyse/PED20567	dijnbs662	dispatch_ok	1045
/work/work/shared/s-neomics/data/analyse/PED20567	PED20567	analysis_not_ended	14
/work/work/shared/s-neomics/data/analyse/PED20567	PED20567	no_archive_log	14
/work/work/shared/s-neomics/data/analyse/PED20568	dijnbs663	dispatch_ok	1045
/work/work/shared/s-neomics/data/analyse/PED20568	PED20568	analysis_not_ended	15
/work/work/shared/s-neomics/data/analyse/PED20568	PED20568	no_archive_log	15
/work/work/shared/s-neomics/data/analyse/PED20569	dijnbs664	dispatch_ok	1041
/work/work/shared/s-neomics/data/analyse/PED20569	PED20569	analysis_not_ended	13
/work/work/shared/s-neomics/data/analyse/PED20569	PED20569	no_archive_log	13
/work/work/shared/s-neomics/data/analyse/PED20570	dijnbs665	dispatch_ok	1041
/work/work/shared/s-neomics/data/analyse/PED20570	PED20570	analysis_not_ended	11
/work/work/shared/s-neomics/data/analyse/PED20570	PED20570	no_archive_log	11
/work/work/shared/s-neomics/data/analyse/PED20571	dijnbs666	dispatch_ok	1041
/work/work/shared/s-neomics/data/analyse/PED20571	PED20571	analysis_not_ended	15
/work/work/shared/s-neomics/data/analyse/PED20571	PED20571	no_archive_log	15
/work/work/shared/s-neomics/data/analyse/PED20572	dijnbs667	dispatch_ok	1038
/work/work/shared/s-neomics/data/analyse/PED20572	PED20572	analysis_not_ended	25
/work/work/shared/s-neomics/data/analyse/PED20572	PED20572	no_archive_log	25
/work/work/shared/s-neomics/data/analyse/PED20564	PED20564	analysis_ok	1035
/work/work/shared/s-neomics/data/analyse/PED20564	PED20564	archive_in_progress	1
/work/work/shared/s-neomics/data/analyse/PED20565	PED20565	analysis_ok	1045
/work/work/shared/s-neomics/data/analyse/PED20565	PED20565	archive_in_progress	3
/work/work/shared/s-neomics/data/analyse/PED20564	PED20564	archive_success	1034
/work/work/shared/s-neomics/data/analyse/PED20564	dijnbs659	archive_success	1034
/work/work/shared/s-neomics/data/analyse/PED20565	PED20565	archive_success	1042
/work/work/shared/s-neomics/data/analyse/PED20565	dijnbs660	archive_success	1034
/work/work/shared/s-neomics/data/analyse/PED20563	PED20563	analysis_ok	1032
/work/work/shared/s-neomics/data/analyse/PED20563	PED20563	archive_in_progress	1
/work/work/shared/s-neomics/data/analyse/PED20563	PED20563	archive_success	1031
/work/work/shared/s-neomics/data/analyse/PED20563	dijnbs658	archive_success	1031
/work/work/shared/s-neomics/data/analyse/PED20567	PED20567	analysis_ok	1031
/work/work/shared/s-neomics/data/analyse/PED20567	PED20567	archive_in_progress	1
/work/work/shared/s-neomics/data/analyse/PED20567	PED20567	archive_success	1030
/work/work/shared/s-neomics/data/analyse/PED20567	dijnbs662	archive_success	1030
/work/work/shared/s-neomics/data/analyse/PED20568	PED20568	analysis_ok	1030
/work/work/shared/s-neomics/data/analyse/PED20568	PED20568	archive_in_progress	1
/work/work/shared/s-neomics/data/analyse/PED20570	PED20570	analysis_ok	1030
/work/work/shared/s-neomics/data/analyse/PED20570	PED20570	archive_in_progress	1
/work/work/shared/s-neomics/data/analyse/PED20568	PED20568	archive_success	1029
/work/work/shared/s-neomics/data/analyse/PED20568	dijnbs663	archive_success	1029
/work/work/shared/s-neomics/data/analyse/PED20570	PED20570	archive_success	1029
/work/work/shared/s-neomics/data/analyse/PED20570	dijnbs665	archive_success	1029
/work/work/shared/s-neomics/data/analyse/PED20569	PED20569	analysis_ok	1028
/work/work/shared/s-neomics/data/analyse/PED20569	PED20569	archive_in_progress	2
/work/work/shared/s-neomics/data/analyse/PED20566	PED20566	analysis_ok	1027
/work/work/shared/s-neomics/data/analyse/PED20566	PED20566	archive_in_progress	1
/work/work/shared/s-neomics/data/analyse/PED20566	PED20566	archive_success	1026
/work/work/shared/s-neomics/data/analyse/PED20566	dijnbs661	archive_success	1026
/work/work/shared/s-neomics/data/analyse/PED20569	PED20569	archive_success	1026
/work/work/shared/s-neomics/data/analyse/PED20569	dijnbs664	archive_success	1026
/work/work/shared/s-neomics/data/analyse/PED20571	PED20571	analysis_ok	1026
/work/work/shared/s-neomics/data/analyse/PED20571	PED20571	archive_in_progress	1
/work/work/shared/s-neomics/data/analyse/PED20571	PED20571	archive_success	1025
/work/work/shared/s-neomics/data/analyse/PED20571	dijnbs666	archive_success	1025
/work/work/shared/s-neomics/data/analyse/PED20572	PED20572	analysis_ok	1013
/work/work/shared/s-neomics/data/analyse/PED20572	PED20572	archive_in_progress	1
/work/work/shared/s-neomics/data/analyse/PED20572	PED20572	archive_success	1012
/work/work/shared/s-neomics/data/analyse/PED20572	dijnbs667	archive_success	1012
/work/work/shared/s-neomics/data/analyse/PED20573	dijnbs668	dispatch_ok	570
/work/work/shared/s-neomics/data/analyse/PED20573	PED20573	analysis_not_ended	18
/work/work/shared/s-neomics/data/analyse/PED20573	PED20573	no_archive_log	18
/work/work/shared/s-neomics/data/analyse/PED20574	dijnbs669	dispatch_ok	570
/work/work/shared/s-neomics/data/analyse/PED20574	PED20574	analysis_not_ended	16
/work/work/shared/s-neomics/data/analyse/PED20574	PED20574	no_archive_log	16
/work/work/shared/s-neomics/data/analyse/PED20575	dijnbs670	dispatch_ok	570
/work/work/shared/s-neomics/data/analyse/PED20575	PED20575	analysis_not_ended	16
/work/work/shared/s-neomics/data/analyse/PED20575	PED20575	no_archive_log	16
/work/work/shared/s-neomics/data/analyse/PED20576	dijnbs671	dispatch_ok	564
/work/work/shared/s-neomics/data/analyse/PED20576	PED20576	analysis_not_ended	14
/work/work/shared/s-neomics/data/analyse/PED20576	PED20576	no_archive_log	14
/work/work/shared/s-neomics/data/analyse/PED20577	dijnbs672	dispatch_ok	564
/work/work/shared/s-neomics/data/analyse/PED20577	PED20577	analysis_not_ended	13
/work/work/shared/s-neomics/data/analyse/PED20577	PED20577	no_archive_log	13
/work/work/shared/s-neomics/data/analyse/PED20578	dijnbs673	dispatch_ok	564
/work/work/shared/s-neomics/data/analyse/PED20578	PED20578	analysis_not_ended	13
/work/work/shared/s-neomics/data/analyse/PED20578	PED20578	no_archive_log	13
/work/work/shared/s-neomics/data/analyse/PED20579	dijnbs674	dispatch_ok	561
/work/work/shared/s-neomics/data/analyse/PED20579	PED20579	analysis_not_ended	15
/work/work/shared/s-neomics/data/analyse/PED20579	PED20579	no_archive_log	15
/work/work/shared/s-neomics/data/analyse/PED20580	dijnbs675	dispatch_ok	561
/work/work/shared/s-neomics/data/analyse/PED20580	PED20580	analysis_not_ended	12
/work/work/shared/s-neomics/data/analyse/PED20580	PED20580	no_archive_log	12
/work/work/shared/s-neomics/data/analyse/PED20581	dijnbs676	dispatch_ok	561
/work/work/shared/s-neomics/data/analyse/PED20581	PED20581	analysis_not_ended	16
/work/work/shared/s-neomics/data/analyse/PED20581	PED20581	no_archive_log	16
/work/work/shared/s-neomics/data/analyse/PED20582	dijnbs677	dispatch_ok	557
/work/work/shared/s-neomics/data/analyse/PED20582	PED20582	analysis_not_ended	16
/work/work/shared/s-neomics/data/analyse/PED20582	PED20582	no_archive_log	16
/work/work/shared/s-neomics/data/analyse/PED20574	PED20574	analysis_ok	554
/work/work/shared/s-neomics/data/analyse/PED20574	PED20574	archive_in_progress	1
/work/work/shared/s-neomics/data/analyse/PED20575	PED20575	analysis_ok	554
/work/work/shared/s-neomics/data/analyse/PED20575	PED20575	archive_in_progress	1
/work/work/shared/s-neomics/data/analyse/PED20574	PED20574	archive_success	553
/work/work/shared/s-neomics/data/analyse/PED20574	dijnbs669	archive_success	553
/work/work/shared/s-neomics/data/analyse/PED20575	PED20575	archive_success	553
/work/work/shared/s-neomics/data/analyse/PED20575	dijnbs670	archive_success	553
/work/work/shared/s-neomics/data/analyse/PED20573	PED20573	analysis_ok	552
/work/work/shared/s-neomics/data/analyse/PED20573	PED20573	archive_in_progress	1
/work/work/shared/s-neomics/data/analyse/PED20573	PED20573	archive_success	551
/work/work/shared/s-neomics/data/analyse/PED20573	dijnbs668	archive_success	551
/work/work/shared/s-neomics/data/analyse/PED20577	PED20577	analysis_ok	551
/work/work/shared/s-neomics/data/analyse/PED20577	PED20577	archive_in_progress	2
/work/work/shared/s-neomics/data/analyse/PED20578	PED20578	analysis_ok	551
/work/work/shared/s-neomics/data/analyse/PED20578	PED20578	archive_in_progress	1
/work/work/shared/s-neomics/data/analyse/PED20576	PED20576	analysis_ok	550
/work/work/shared/s-neomics/data/analyse/PED20576	PED20576	archive_in_progress	1
/work/work/shared/s-neomics/data/analyse/PED20578	PED20578	archive_success	550
/work/work/shared/s-neomics/data/analyse/PED20578	dijnbs673	archive_success	550
/work/work/shared/s-neomics/data/analyse/PED20576	PED20576	archive_success	549
/work/work/shared/s-neomics/data/analyse/PED20576	dijnbs671	archive_success	549
/work/work/shared/s-neomics/data/analyse/PED20577	PED20577	archive_success	549
/work/work/shared/s-neomics/data/analyse/PED20577	dijnbs672	archive_success	549
/work/work/shared/s-neomics/data/analyse/PED20580	PED20580	analysis_ok	549
/work/work/shared/s-neomics/data/analyse/PED20580	PED20580	archive_in_progress	1
/work/work/shared/s-neomics/data/analyse/PED20580	PED20580	archive_success	548
/work/work/shared/s-neomics/data/analyse/PED20580	dijnbs675	archive_success	548
/work/work/shared/s-neomics/data/analyse/PED20579	PED20579	analysis_ok	546
/work/work/shared/s-neomics/data/analyse/PED20579	PED20579	archive_in_progress	1
/work/work/shared/s-neomics/data/analyse/PED20579	PED20579	archive_success	545
/work/work/shared/s-neomics/data/analyse/PED20579	dijnbs674	archive_success	545
/work/work/shared/s-neomics/data/analyse/PED20581	PED20581	analysis_ok	545
/work/work/shared/s-neomics/data/analyse/PED20581	PED20581	archive_in_progress	1
/work/work/shared/s-neomics/data/analyse/PED20581	PED20581	archive_success	544
/work/work/shared/s-neomics/data/analyse/PED20581	dijnbs676	archive_success	544
/work/work/shared/s-neomics/data/analyse/PED20582	PED20582	analysis_ok	541
/work/work/shared/s-neomics/data/analyse/PED20582	PED20582	archive_in_progress	2
/work/work/shared/s-neomics/data/analyse/PED20582	PED20582	archive_success	539
/work/work/shared/s-neomics/data/analyse/PED20582	dijnbs677	archive_success	539
/work/work/shared/s-neomics/data/analyse/PED20559	dijnbs680	dispatch_ok	111
/work/work/shared/s-neomics/data/analyse/PED20583	dijnbs682	dispatch_ok	128
/work/work/shared/s-neomics/data/analyse/PED20583	PED20583	analysis_not_ended	94
/work/work/shared/s-neomics/data/analyse/PED20583	PED20583	no_archive_log	125
/work/work/shared/s-neomics/data/analyse/PED20585	dijnbs684	dispatch_ok	128
/work/work/shared/s-neomics/data/analyse/PED20585	PED20585	analysis_not_ended	126
/work/work/shared/s-neomics/data/analyse/PED20585	PED20585	no_archive_log	131
/work/work/shared/s-neomics/data/analyse/PED20550	dijnbs678	dispatch_ok	103
/work/work/shared/s-neomics/data/analyse/PED20551	dijnbs679	dispatch_ok	105
/work/work/shared/s-neomics/data/analyse/PED20565	dijnbs681	dispatch_ok	116
/work/work/shared/s-neomics/data/analyse/PED20584	dijnbs683	dispatch_ok	110
/work/work/shared/s-neomics/data/analyse/PED20584	PED20584	analysis_not_ended	93
/work/work/shared/s-neomics/data/analyse/PED20584	PED20584	no_archive_log	102
/work/work/shared/s-neomics/data/analyse/PED20586	dijnbs685	dispatch_ok	174
/work/work/shared/s-neomics/data/analyse/PED20586	PED20586	analysis_not_ended	100
/work/work/shared/s-neomics/data/analyse/PED20586	PED20586	no_archive_log	134
/work/work/shared/s-neomics/data/analyse/PED20587	dijnbs686	dispatch_ok	110
/work/work/shared/s-neomics/data/analyse/PED20587	PED20587	analysis_not_ended	100
/work/work/shared/s-neomics/data/analyse/PED20587	PED20587	no_archive_log	103
/work/work/shared/s-neomics/data/analyse/PED20588	dijnbs687	dispatch_ok	105
/work/work/shared/s-neomics/data/analyse/PED20588	PED20588	analysis_not_ended	96
/work/work/shared/s-neomics/data/analyse/PED20588	PED20588	no_archive_log	97
/work/work/shared/s-neomics/data/analyse/PED20589	dijnbs688	dispatch_ok	96
/work/work/shared/s-neomics/data/analyse/PED20589	PED20589	analysis_not_ended	78
/work/work/shared/s-neomics/data/analyse/PED20589	PED20589	no_archive_log	79
/work/work/shared/s-neomics/data/analyse/PED20590	dijnbs689	dispatch_ok	169
/work/work/shared/s-neomics/data/analyse/PED20590	PED20590	analysis_not_ended	79
/work/work/shared/s-neomics/data/analyse/PED20590	PED20590	no_archive_log	130
/work/work/shared/s-neomics/data/analyse/PED20591	dijnbs690	dispatch_ok	125
/work/work/shared/s-neomics/data/analyse/PED20591	PED20591	analysis_not_ended	94
/work/work/shared/s-neomics/data/analyse/PED20591	PED20591	no_archive_log	95
/work/work/shared/s-neomics/data/analyse/PED20592	dijnbs691	dispatch_ok	165
/work/work/shared/s-neomics/data/analyse/PED20592	PED20592	analysis_not_ended	93
/work/work/shared/s-neomics/data/analyse/PED20592	PED20592	no_archive_log	127
/work/work/shared/s-neomics/data/analyse/PED20593	dijnbs692	dispatch_ok	104
/work/work/shared/s-neomics/data/analyse/PED20593	PED20593	analysis_not_ended	93
/work/work/shared/s-neomics/data/analyse/PED20593	PED20593	no_archive_log	94
/work/work/shared/s-neomics/data/analyse/PED20594	dijnbs693	dispatch_ok	93
/work/work/shared/s-neomics/data/analyse/PED20594	PED20594	analysis_not_ended	76
/work/work/shared/s-neomics/data/analyse/PED20594	PED20594	no_archive_log	78
/work/work/shared/s-neomics/data/analyse/PED20595	dijnbs694	dispatch_ok	164
/work/work/shared/s-neomics/data/analyse/PED20595	PED20595	analysis_not_ended	76
/work/work/shared/s-neomics/data/analyse/PED20595	PED20595	no_archive_log	126
/work/work/shared/s-neomics/data/analyse/PED20596	dijnbs695	dispatch_ok	124
/work/work/shared/s-neomics/data/analyse/PED20596	PED20596	analysis_not_ended	76
/work/work/shared/s-neomics/data/analyse/PED20596	PED20596	no_archive_log	114
/work/work/shared/s-neomics/data/analyse/PED20597	dijnbs696	dispatch_ok	163
/work/work/shared/s-neomics/data/analyse/PED20597	PED20597	analysis_not_ended	76
/work/work/shared/s-neomics/data/analyse/PED20597	PED20597	no_archive_log	126
/work/work/shared/s-neomics/data/analyse/PED10043	dijen2244,dijen2245,dijen2246	dispatch_ok	649
/work/work/shared/s-neomics/data/analyse/PED10043	PED10043	analysis_not_ended	650
/work/work/shared/s-neomics/data/analyse/PED10043	PED10043	no_archive_log	662
/work/work/shared/s-neomics/data/analyse/PED20551	PED20551	analysis_failed	10
/work/work/shared/s-neomics/data/analyse/PED20583	PED20583	analysis_failed	29
/work/work/shared/s-neomics/data/analyse/PED20559	dijnbs680	archive_success	16
/work/work/shared/s-neomics/data/analyse/PED20589	PED20589	analysis_ok	18
/work/work/shared/s-neomics/data/analyse/PED20589	PED20589	archive_in_progress	3
/work/work/shared/s-neomics/data/analyse/PED20590	PED20590	analysis_failed	49
/work/work/shared/s-neomics/data/analyse/PED20594	PED20594	analysis_ok	17
/work/work/shared/s-neomics/data/analyse/PED20589	PED20589	archive_success	15
/work/work/shared/s-neomics/data/analyse/PED20589	dijnbs688	archive_success	15
/work/work/shared/s-neomics/data/analyse/PED20594	PED20594	archive_in_progress	1
/work/work/shared/s-neomics/data/analyse/PED20595	PED20595	analysis_failed	47
/work/work/shared/s-neomics/data/analyse/PED20596	PED20596	analysis_failed	36
/work/work/shared/s-neomics/data/analyse/PED20594	PED20594	archive_success	15
/work/work/shared/s-neomics/data/analyse/PED20594	dijnbs693	archive_success	15
/work/work/shared/s-neomics/data/analyse/PED20597	PED20597	analysis_failed	48
/work/work/shared/s-neomics/data/analyse/PED20550	PED20550	archive_in_progress	2
/work/work/shared/s-neomics/data/analyse/PED20551	PED20551	archive_in_progress	3
/work/work/shared/s-neomics/data/analyse/PED20550	dijnbs678	archive_success	4
/work/work/shared/s-neomics/data/analyse/PED20565	PED20565	analysis_failed	7
/work/work/shared/s-neomics/data/analyse/PED20551	dijnbs679	archive_success	5
/work/work/shared/s-neomics/data/analyse/PED20584	PED20584	analysis_failed	7
/work/work/shared/s-neomics/data/analyse/PED20585	PED20585	analysis_failed	3
/work/work/shared/s-neomics/data/analyse/PED20585	PED20585	analysis_ok	218
/work/work/shared/s-neomics/data/analyse/PED20585	PED20585	archive_in_progress	2
/work/work/shared/s-neomics/data/analyse/PED20584	PED20584	analysis_ok	10
/work/work/shared/s-neomics/data/analyse/PED20584	PED20584	archive_in_progress	1
/work/work/shared/s-neomics/data/analyse/PED20586	PED20586	analysis_failed	32
/work/work/shared/s-neomics/data/analyse/PED20587	PED20587	analysis_failed	1
/work/work/shared/s-neomics/data/analyse/PED20585	PED20585	archive_success	216
/work/work/shared/s-neomics/data/analyse/PED20585	dijnbs684	archive_success	14
/work/work/shared/s-neomics/data/analyse/PED20565	dijnbs681	archive_success	8
/work/work/shared/s-neomics/data/analyse/PED20584	PED20584	archive_success	9
/work/work/shared/s-neomics/data/analyse/PED20584	dijnbs683	archive_success	9
/work/work/shared/s-neomics/data/analyse/PED20587	PED20587	analysis_ok	9
/work/work/shared/s-neomics/data/analyse/PED20587	PED20587	archive_in_progress	2
/work/work/shared/s-neomics/data/analyse/PED20588	PED20588	analysis_ok	9
/work/work/shared/s-neomics/data/analyse/PED20588	PED20588	archive_in_progress	2
/work/work/shared/s-neomics/data/analyse/PED20591	PED20591	analysis_ok	31
/work/work/shared/s-neomics/data/analyse/PED20591	PED20591	archive_in_progress	4
/work/work/shared/s-neomics/data/analyse/PED20592	PED20592	analysis_failed	32
/work/work/shared/s-neomics/data/analyse/PED20593	PED20593	analysis_ok	11
/work/work/shared/s-neomics/data/analyse/PED20593	PED20593	archive_in_progress	4
/work/work/shared/s-neomics/data/analyse/PED20587	PED20587	archive_success	7
/work/work/shared/s-neomics/data/analyse/PED20587	dijnbs686	archive_success	7
/work/work/shared/s-neomics/data/analyse/PED20588	PED20588	archive_success	7
/work/work/shared/s-neomics/data/analyse/PED20588	dijnbs687	archive_success	7
/work/work/shared/s-neomics/data/analyse/PED20591	PED20591	archive_success	27
/work/work/shared/s-neomics/data/analyse/PED20591	dijnbs690	archive_success	27
/work/work/shared/s-neomics/data/analyse/PED20593	PED20593	archive_success	7
/work/work/shared/s-neomics/data/analyse/PED20593	dijnbs692	archive_success	7
/work/work/shared/s-neomics/data/analyse/PED20583	PED20583	analysis_ok	5
/work/work/shared/s-neomics/data/analyse/PED20583	PED20583	archive_in_progress	1
/work/work/shared/s-neomics/data/analyse/PED20583	PED20583	archive_success	4
/work/work/shared/s-neomics/data/analyse/PED20583	dijnbs682	archive_success	4
/work/work/shared/s-neomics/data/analyse/PED20596	PED20596	analysis_ok	12
/work/work/shared/s-neomics/data/analyse/PED20596	PED20596	archive_in_progress	2
/work/work/shared/s-neomics/data/analyse/PED20596	PED20596	archive_success	10
/work/work/shared/s-neomics/data/analyse/PED20596	dijnbs695	archive_success	10
/work/work/shared/s-neomics/data/analyse/PED20586	PED20586	analysis_ok	42
/work/work/shared/s-neomics/data/analyse/PED20586	PED20586	archive_in_progress	1
/work/work/shared/s-neomics/data/analyse/PED20586	PED20586	archive_success	41
/work/work/shared/s-neomics/data/analyse/PED20586	dijnbs685	archive_success	41
/work/work/shared/s-neomics/data/analyse/PED20590	PED20590	analysis_ok	41
/work/work/shared/s-neomics/data/analyse/PED20590	PED20590	archive_in_progress	4
/work/work/shared/s-neomics/data/analyse/PED20595	PED20595	analysis_ok	41
/work/work/shared/s-neomics/data/analyse/PED20592	PED20592	analysis_ok	40
/work/work/shared/s-neomics/data/analyse/PED20592	PED20592	archive_in_progress	4
/work/work/shared/s-neomics/data/analyse/PED20595	PED20595	archive_in_progress	3
/work/work/shared/s-neomics/data/analyse/PED20597	PED20597	analysis_ok	39
/work/work/shared/s-neomics/data/analyse/PED20597	PED20597	archive_in_progress	3
/work/work/shared/s-neomics/data/analyse/PED20590	PED20590	archive_success	37
/work/work/shared/s-neomics/data/analyse/PED20590	dijnbs689	archive_success	37
/work/work/shared/s-neomics/data/analyse/PED20595	PED20595	archive_success	37
/work/work/shared/s-neomics/data/analyse/PED20595	dijnbs694	archive_success	37
/work/work/shared/s-neomics/data/analyse/PED20592	PED20592	archive_success	36
/work/work/shared/s-neomics/data/analyse/PED20592	dijnbs691	archive_success	36
/work/work/shared/s-neomics/data/analyse/PED20597	PED20597	archive_success	36
/work/work/shared/s-neomics/data/analyse/PED20597	dijnbs696	archive_success	36
/work/work/shared/s-neomics/data/analyse/PED14176	dijex10410,dijex10411,dijex10412	dispatch_ok	395
/work/work/shared/s-neomics/data/analyse/PED14176	PED14176	analysis_not_ended	395
/work/work/shared/s-neomics/data/analyse/PED14176	PED14176	no_archive_log	403
/work/work/shared/s-neomics/data/analyse/PED14191	dijex10413,dijex10414,dijex10415	dispatch_ok	395
/work/work/shared/s-neomics/data/analyse/PED14191	PED14191	analysis_not_ended	395
/work/work/shared/s-neomics/data/analyse/PED14191	PED14191	no_archive_log	403
/work/work/shared/s-neomics/data/analyse/PED20598	dijnbs697	dispatch_ok	395
/work/work/shared/s-neomics/data/analyse/PED20598	PED20598	analysis_not_ended	13
/work/work/shared/s-neomics/data/analyse/PED20598	PED20598	no_archive_log	13
/work/work/shared/s-neomics/data/analyse/PED14193	dijex10416,dijex10417,dijex10418	dispatch_ok	395
/work/work/shared/s-neomics/data/analyse/PED14193	PED14193	analysis_not_ended	395
/work/work/shared/s-neomics/data/analyse/PED14193	PED14193	no_archive_log	403
/work/work/shared/s-neomics/data/analyse/PED14194	dijex10419,dijex10420,dijex10421	dispatch_ok	394
/work/work/shared/s-neomics/data/analyse/PED14194	PED14194	analysis_not_ended	394
/work/work/shared/s-neomics/data/analyse/PED14194	PED14194	no_archive_log	402
/work/work/shared/s-neomics/data/analyse/PED14174	dijex10422,dijex10423,dijex10424	dispatch_ok	394
/work/work/shared/s-neomics/data/analyse/PED14174	PED14174	analysis_not_ended	394
/work/work/shared/s-neomics/data/analyse/PED14174	PED14174	no_archive_log	402
/work/work/shared/s-neomics/data/analyse/PED13430	dijex10426,dijex10427,dijex10428	dispatch_ok	393
/work/work/shared/s-neomics/data/analyse/PED13430	PED13430	analysis_not_ended	393
/work/work/shared/s-neomics/data/analyse/PED13430	PED13430	no_archive_log	401
/work/work/shared/s-neomics/data/analyse/PED14111	dijex10429,dijex10430,dijex10431	dispatch_ok	392
/work/work/shared/s-neomics/data/analyse/PED14111	PED14111	analysis_not_ended	392
/work/work/shared/s-neomics/data/analyse/PED14111	PED14111	no_archive_log	399
/work/work/shared/s-neomics/data/analyse/PED14154	dijex10432,dijex10433,dijex10434	dispatch_ok	392
/work/work/shared/s-neomics/data/analyse/PED14154	PED14154	analysis_not_ended	392
/work/work/shared/s-neomics/data/analyse/PED14154	PED14154	no_archive_log	399
/work/work/shared/s-neomics/data/analyse/PED14161	dijex10436,dijex10437,dijex10438	dispatch_ok	391
/work/work/shared/s-neomics/data/analyse/PED14161	PED14161	analysis_not_ended	391
/work/work/shared/s-neomics/data/analyse/PED14161	PED14161	no_archive_log	398
/work/work/shared/s-neomics/data/analyse/PED14062	dijex10448,dijex10449	dispatch_ok	391
/work/work/shared/s-neomics/data/analyse/PED14062	PED14062	analysis_not_ended	391
/work/work/shared/s-neomics/data/analyse/PED14062	PED14062	no_archive_log	398
/work/work/shared/s-neomics/data/analyse/PED11000	dijex10425	dispatch_ok	391
/work/work/shared/s-neomics/data/analyse/PED11000	PED11000	analysis_not_ended	391
/work/work/shared/s-neomics/data/analyse/PED11000	PED11000	no_archive_log	398
/work/work/shared/s-neomics/data/analyse/PED14157	dijex10435	dispatch_ok	391
/work/work/shared/s-neomics/data/analyse/PED14157	PED14157	analysis_not_ended	391
/work/work/shared/s-neomics/data/analyse/PED14157	PED14157	no_archive_log	398
/work/work/shared/s-neomics/data/analyse/PED14166	dijex10439	dispatch_ok	391
/work/work/shared/s-neomics/data/analyse/PED14166	PED14166	analysis_not_ended	391
/work/work/shared/s-neomics/data/analyse/PED14166	PED14166	no_archive_log	398
/work/work/shared/s-neomics/data/analyse/PED14167	dijex10440	dispatch_ok	391
/work/work/shared/s-neomics/data/analyse/PED14167	PED14167	analysis_not_ended	391
/work/work/shared/s-neomics/data/analyse/PED14167	PED14167	no_archive_log	398
/work/work/shared/s-neomics/data/analyse/PED14168	dijex10441	dispatch_ok	391
/work/work/shared/s-neomics/data/analyse/PED14168	PED14168	analysis_not_ended	391
/work/work/shared/s-neomics/data/analyse/PED14168	PED14168	no_archive_log	398
/work/work/shared/s-neomics/data/analyse/PED14169	dijex10442	dispatch_ok	391
/work/work/shared/s-neomics/data/analyse/PED14169	PED14169	analysis_not_ended	391
/work/work/shared/s-neomics/data/analyse/PED14169	PED14169	no_archive_log	398
/work/work/shared/s-neomics/data/analyse/PED14170	dijex10443	dispatch_ok	391
/work/work/shared/s-neomics/data/analyse/PED14170	PED14170	analysis_not_ended	391
/work/work/shared/s-neomics/data/analyse/PED14170	PED14170	no_archive_log	398
/work/work/shared/s-neomics/data/analyse/PED14175	dijex10444	dispatch_ok	390
/work/work/shared/s-neomics/data/analyse/PED14175	PED14175	analysis_not_ended	390
/work/work/shared/s-neomics/data/analyse/PED14175	PED14175	no_archive_log	397
/work/work/shared/s-neomics/data/analyse/PED14181	dijex10445	dispatch_ok	390
/work/work/shared/s-neomics/data/analyse/PED14181	PED14181	analysis_not_ended	390
/work/work/shared/s-neomics/data/analyse/PED14181	PED14181	no_archive_log	397
/work/work/shared/s-neomics/data/analyse/PED14184	dijex10446	dispatch_ok	390
/work/work/shared/s-neomics/data/analyse/PED14184	PED14184	analysis_not_ended	390
/work/work/shared/s-neomics/data/analyse/PED14184	PED14184	no_archive_log	397
/work/work/shared/s-neomics/data/analyse/PED14185	dijex10447	dispatch_ok	390
/work/work/shared/s-neomics/data/analyse/PED14185	PED14185	analysis_not_ended	390
/work/work/shared/s-neomics/data/analyse/PED14185	PED14185	no_archive_log	397
/work/work/shared/s-neomics/data/analyse/PED20598	PED20598	analysis_ok	382
/work/work/shared/s-neomics/data/analyse/PED20598	PED20598	archive_in_progress	1
/work/work/shared/s-neomics/data/analyse/PED20598	PED20598	archive_success	381
/work/work/shared/s-neomics/data/analyse/PED20598	dijnbs697	archive_success	381
/work/work/shared/s-neomics/data/analyse/PED20585	dijnbs698	dispatch_ok	219
/work/work/shared/s-neomics/data/analyse/PED14068	dijen2250,dijen2251,dijen2252	dispatch_ok	1001
/work/work/shared/s-neomics/data/analyse/PED14068	PED14068	analysis_not_ended	1003
/work/work/shared/s-neomics/data/analyse/PED14068	PED14068	no_archive_log	1021
/work/work/shared/s-neomics/data/analyse/PED20585	dijnbs698	archive_success	202
/work/work/shared/s-neomics/data/analyse/PED12833	dijex9138	dispatch_ok	6
/work/work/shared/s-neomics/data/analyse/PED12833	PED12833	analysis_not_ended	13
/work/work/shared/s-neomics/data/analyse/PED12833	PED12833	no_archive_log	92
/work/work/shared/s-neomics/data/analyse/PED11314	dijex8423,dijex8424,dijex8425	dispatch_ok	87
/work/work/shared/s-neomics/data/analyse/PED11314	PED11314	analysis_not_ended	14
/work/work/shared/s-neomics/data/analyse/PED11314	PED11314	no_archive_log	88
/work/work/shared/s-neomics/data/analyse/PED11314	PED11314	analysis_ok	73
/work/work/shared/s-neomics/data/analyse/PED13032	PED13032	no_dispatch	2
/work/work/shared/s-neomics/data/analyse/PED13207	dijex9690	dispatch_ok	2
/work/work/shared/s-neomics/data/analyse/PED13207	PED13207	analysis_not_ended	11
/work/work/shared/s-neomics/data/analyse/PED13207	PED13207	no_archive_log	81
/work/work/shared/s-neomics/data/analyse/PED13785	dijex9944	dispatch_ok	76
/work/work/shared/s-neomics/data/analyse/PED13785	PED13785	analysis_not_ended	7
/work/work/shared/s-neomics/data/analyse/PED13785	PED13785	no_archive_log	77
/work/work/shared/s-neomics/data/analyse/PED3448	dijex1262	dispatch_ok	78
/work/work/shared/s-neomics/data/analyse/PED3448	PED3448	analysis_not_ended	7
/work/work/shared/s-neomics/data/analyse/PED3448	PED3448	no_archive_log	79
/work/work/shared/s-neomics/data/analyse/PED3814	dijex1545	dispatch_ok	78
/work/work/shared/s-neomics/data/analyse/PED3814	PED3814	analysis_not_ended	7
/work/work/shared/s-neomics/data/analyse/PED3814	PED3814	no_archive_log	79
/work/work/shared/s-neomics/data/analyse/PED10256	dijex7633	dispatch_ok	77
/work/work/shared/s-neomics/data/analyse/PED10256	PED10256	analysis_not_ended	5
/work/work/shared/s-neomics/data/analyse/PED10256	PED10256	no_archive_log	78
/work/work/shared/s-neomics/data/analyse/PED10504	dijex7756	dispatch_ok	77
/work/work/shared/s-neomics/data/analyse/PED10504	PED10504	analysis_not_ended	6
/work/work/shared/s-neomics/data/analyse/PED10504	PED10504	no_archive_log	78
/work/work/shared/s-neomics/data/analyse/PED10575	dijex7821	dispatch_ok	77
/work/work/shared/s-neomics/data/analyse/PED10575	PED10575	analysis_not_ended	6
/work/work/shared/s-neomics/data/analyse/PED10575	PED10575	no_archive_log	78
/work/work/shared/s-neomics/data/analyse/PED12833	PED12833	no_dispatch	1
/work/work/shared/s-neomics/data/analyse/PED12833	dijex9139,dijex9140,dijex9138	dispatch_ok	85
/work/work/shared/s-neomics/data/analyse/PED12833	PED12833	analysis_failed	71
/work/work/shared/s-neomics/data/analyse/PED13032	dijex9516,dijex9517,dijex9518	dispatch_ok	79
/work/work/shared/s-neomics/data/analyse/PED13032	PED13032	analysis_not_ended	13
/work/work/shared/s-neomics/data/analyse/PED13032	PED13032	no_archive_log	80
/work/work/shared/s-neomics/data/analyse/PED13207	dijex9690,dijex9691,dijex9692	dispatch_ok	78
/work/work/shared/s-neomics/data/analyse/PED10686	dijex7918	dispatch_ok	76
/work/work/shared/s-neomics/data/analyse/PED10686	PED10686	analysis_not_ended	10
/work/work/shared/s-neomics/data/analyse/PED10686	PED10686	no_archive_log	77
/work/work/shared/s-neomics/data/analyse/PED11053	dijex8199	dispatch_ok	74
/work/work/shared/s-neomics/data/analyse/PED11053	PED11053	analysis_not_ended	12
/work/work/shared/s-neomics/data/analyse/PED11053	PED11053	no_archive_log	75
/work/work/shared/s-neomics/data/analyse/PED3448	PED3448	analysis_failed	66
/work/work/shared/s-neomics/data/analyse/PED3814	PED3814	analysis_failed	66
/work/work/shared/s-neomics/data/analyse/PED10256	PED10256	analysis_ok	72
/work/work/shared/s-neomics/data/analyse/PED10504	PED10504	analysis_failed	66
/work/work/shared/s-neomics/data/analyse/PED10575	PED10575	analysis_failed	66
/work/work/shared/s-neomics/data/analyse/PED13207	PED13207	analysis_failed	65
/work/work/shared/s-neomics/data/analyse/PED13785	PED13785	analysis_failed	65
/work/work/shared/s-neomics/data/analyse/PED13032	PED13032	analysis_failed	63
/work/work/shared/s-neomics/data/analyse/PED10686	PED10686	analysis_failed	63
/work/work/shared/s-neomics/data/analyse/PED11053	PED11053	analysis_failed	63
/work/work/shared/s-neomics/data/analyse/PED12833	PED12833	analysis_ok	8
/work/work/shared/s-neomics/data/analyse/PED3448	PED3448	analysis_ok	6
/work/work/shared/s-neomics/data/analyse/PED3814	PED3814	analysis_ok	6
/work/work/shared/s-neomics/data/analyse/PED10504	PED10504	analysis_ok	6
/work/work/shared/s-neomics/data/analyse/PED10575	PED10575	analysis_ok	6
/work/work/shared/s-neomics/data/analyse/PED13207	PED13207	analysis_ok	5
/work/work/shared/s-neomics/data/analyse/PED13785	PED13785	analysis_ok	5
/work/work/shared/s-neomics/data/analyse/PED13032	PED13032	analysis_ok	4
/work/work/shared/s-neomics/data/analyse/PED10686	PED10686	analysis_ok	4
/work/work/shared/s-neomics/data/analyse/PED14605	dijex10450,dijex10451,dijex10452	dispatch_ok	485
/work/work/shared/s-neomics/data/analyse/PED14605	PED14605	analysis_not_ended	3
/work/work/shared/s-neomics/data/analyse/PED14605	PED14605	no_archive_log	14
/work/work/shared/s-neomics/data/analyse/PED14641	dijen2253	dispatch_ok	484
/work/work/shared/s-neomics/data/analyse/PED14641	PED14641	analysis_not_ended	484
/work/work/shared/s-neomics/data/analyse/PED14641	PED14641	no_archive_log	493
/work/work/shared/s-neomics/data/analyse/PED14605	PED14605	analysis_ok	482
/work/work/shared/s-neomics/data/analyse/PED13841	PED13841	no_dispatch	491
/work/work/shared/s-neomics/data/analyse/PED13861	PED13861	no_dispatch	490
/work/work/shared/s-neomics/data/analyse/PED13865	PED13865	no_dispatch	489
/work/work/shared/s-neomics/data/analyse/PED13856	PED13856	no_dispatch	489
/work/work/shared/s-neomics/data/analyse/PED14158	PED14158	no_dispatch	488
/work/work/shared/s-neomics/data/analyse/PED14172	PED14172	no_dispatch	488
/work/work/shared/s-neomics/data/analyse/PED14195	PED14195	no_dispatch	487
/work/work/shared/s-neomics/data/analyse/PED14117	PED14117	no_dispatch	486
/work/work/shared/s-neomics/data/analyse/PED14180	PED14180	no_dispatch	486
/work/work/shared/s-neomics/data/analyse/PED14182	PED14182	no_dispatch	486
/work/work/shared/s-neomics/data/analyse/PED14188	PED14188	no_dispatch	485
/work/work/shared/s-neomics/data/analyse/PED14190	PED14190	no_dispatch	485
/work/work/shared/s-neomics/data/analyse/PED14614	PED14614	no_dispatch	485
/work/work/shared/s-neomics/data/analyse/PED14615	PED14615	no_dispatch	485
/work/work/shared/s-neomics/data/analyse/PED14605	PED14605	archive_fail	1
/work/work/shared/s-neomics/data/analyse/PED14605	PED14605	archive_success	470
/work/work/shared/s-neomics/data/analyse/PED14605	dijex10450	archive_success	470
/work/work/shared/s-neomics/data/analyse/PED14605	dijex10451	archive_success	470
/work/work/shared/s-neomics/data/analyse/PED14605	dijex10452	archive_success	470
/work/work/shared/s-neomics/data/analyse/PED13065	PED13065	no_dispatch	23
/work/work/shared/s-neomics/data/analyse/PED13256	PED13256	no_dispatch	31
/work/work/shared/s-neomics/data/analyse/PED13463	PED13463	no_dispatch	38
/work/work/shared/s-neomics/data/analyse/PED5111	PED5111	no_dispatch	11
/work/work/shared/s-neomics/data/analyse/PED7223	PED7223	no_dispatch	10
/work/work/shared/s-neomics/data/analyse/PED8578	PED8578	no_dispatch	10
/work/work/shared/s-neomics/data/analyse/PED13151	PED13151	no_dispatch	9
/work/work/shared/s-neomics/data/analyse/PED4438	PED4438	no_dispatch	9
/work/work/shared/s-neomics/data/analyse/PED1313	PED1313	no_dispatch	8
/work/work/shared/s-neomics/data/analyse/PED9040	PED9040	no_dispatch	8
/work/work/shared/s-neomics/data/analyse/PED13065	dijen1854,dijen1855,dijen1856	dispatch_ok	1184
/work/work/shared/s-neomics/data/analyse/PED13065	PED13065	analysis_not_ended	1186
/work/work/shared/s-neomics/data/analyse/PED13065	PED13065	no_archive_log	1208
/work/work/shared/s-neomics/data/analyse/PED13256	dijen1998,dijen1999,dijen2000	dispatch_ok	380
/work/work/shared/s-neomics/data/analyse/PED13256	PED13256	analysis_not_ended	380
/work/work/shared/s-neomics/data/analyse/PED13256	PED13256	no_archive_log	387
/work/work/shared/s-neomics/data/analyse/PED13463	dijen2113,dijen2114,dijen2115	dispatch_ok	364
/work/work/shared/s-neomics/data/analyse/PED13463	PED13463	analysis_not_ended	364
/work/work/shared/s-neomics/data/analyse/PED13463	PED13463	no_archive_log	371
/work/work/shared/s-neomics/data/analyse/PED7223	dijen528,dijen529,dijen530	dispatch_ok	346
/work/work/shared/s-neomics/data/analyse/PED7223	PED7223	analysis_not_ended	346
/work/work/shared/s-neomics/data/analyse/PED7223	PED7223	no_archive_log	353
/work/work/shared/s-neomics/data/analyse/PED8578	dijen723,dijen724,dijen725	dispatch_ok	334
/work/work/shared/s-neomics/data/analyse/PED8578	PED8578	analysis_not_ended	334
/work/work/shared/s-neomics/data/analyse/PED8578	PED8578	no_archive_log	340
/work/work/shared/s-neomics/data/analyse/PED4438	dijen155,dijen166,dijen167	dispatch_ok	635
/work/work/shared/s-neomics/data/analyse/PED4438	PED4438	analysis_not_ended	543
/work/work/shared/s-neomics/data/analyse/PED4438	PED4438	no_archive_log	647
/work/work/shared/s-neomics/data/analyse/PED5111	dijen232,dijen233,dijen234	dispatch_ok	32
/work/work/shared/s-neomics/data/analyse/PED5111	PED5111	analysis_not_ended	32
/work/work/shared/s-neomics/data/analyse/PED5111	PED5111	no_archive_log	32
/work/work/shared/s-neomics/data/analyse/PED1313	dijen088	dispatch_ok	121
/work/work/shared/s-neomics/data/analyse/PED1313	PED1313	analysis_not_ended	116
/work/work/shared/s-neomics/data/analyse/PED1313	PED1313	no_archive_log	123
/work/work/shared/s-neomics/data/analyse/PED9040	dijen1014	dispatch_ok	1266
/work/work/shared/s-neomics/data/analyse/PED9040	PED9040	analysis_not_ended	577
/work/work/shared/s-neomics/data/analyse/PED9040	PED9040	no_archive_log	1291
/work/work/shared/s-neomics/data/analyse/PED13151	dijen1950	dispatch_ok	619
/work/work/shared/s-neomics/data/analyse/PED13151	PED13151	analysis_not_ended	620
/work/work/shared/s-neomics/data/analyse/PED13151	PED13151	no_archive_log	631
/work/work/shared/s-neomics/data/analyse/PED14164	dijex10479,dijex10480,dijex10481	dispatch_ok	189
/work/work/shared/s-neomics/data/analyse/PED14164	PED14164	analysis_not_ended	189
/work/work/shared/s-neomics/data/analyse/PED14164	PED14164	no_archive_log	192
/work/work/shared/s-neomics/data/analyse/PED14631	dijex10482,dijex10483,dijex10484	dispatch_ok	189
/work/work/shared/s-neomics/data/analyse/PED14631	PED14631	analysis_not_ended	189
/work/work/shared/s-neomics/data/analyse/PED14631	PED14631	no_archive_log	192
/work/work/shared/s-neomics/data/analyse/PED14638	dijex10485,dijex10486,dijex10487	dispatch_ok	188
/work/work/shared/s-neomics/data/analyse/PED14638	PED14638	analysis_not_ended	188
/work/work/shared/s-neomics/data/analyse/PED14638	PED14638	no_archive_log	191
/work/work/shared/s-neomics/data/analyse/PED14646	dijex10488,dijex10489,dijex10490	dispatch_ok	188
/work/work/shared/s-neomics/data/analyse/PED14646	PED14646	analysis_not_ended	188
/work/work/shared/s-neomics/data/analyse/PED14646	PED14646	no_archive_log	191
/work/work/shared/s-neomics/data/analyse/PED20599	dijnbs699	dispatch_ok	572
/work/work/shared/s-neomics/data/analyse/PED20599	PED20599	analysis_not_ended	14
/work/work/shared/s-neomics/data/analyse/PED20599	PED20599	no_archive_log	14
/work/work/shared/s-neomics/data/analyse/PED20600	dijnbs700	dispatch_ok	572
/work/work/shared/s-neomics/data/analyse/PED20600	PED20600	analysis_not_ended	13
/work/work/shared/s-neomics/data/analyse/PED20600	PED20600	no_archive_log	13
/work/work/shared/s-neomics/data/analyse/PED14660	dijex10500,dijex10501,dijex10502	dispatch_ok	181
/work/work/shared/s-neomics/data/analyse/PED14660	PED14660	analysis_not_ended	181
/work/work/shared/s-neomics/data/analyse/PED14660	PED14660	no_archive_log	184
/work/work/shared/s-neomics/data/analyse/PED14620	dijex10495,dijex10496,dijex10497	dispatch_ok	181
/work/work/shared/s-neomics/data/analyse/PED14620	PED14620	analysis_not_ended	181
/work/work/shared/s-neomics/data/analyse/PED14620	PED14620	no_archive_log	184
/work/work/shared/s-neomics/data/analyse/PED14197	dijex10491	dispatch_ok	180
/work/work/shared/s-neomics/data/analyse/PED14197	PED14197	analysis_not_ended	180
/work/work/shared/s-neomics/data/analyse/PED14197	PED14197	no_archive_log	183
/work/work/shared/s-neomics/data/analyse/PED14607	dijex10492	dispatch_ok	180
/work/work/shared/s-neomics/data/analyse/PED14607	PED14607	analysis_not_ended	180
/work/work/shared/s-neomics/data/analyse/PED14607	PED14607	no_archive_log	183
/work/work/shared/s-neomics/data/analyse/PED14616	dijex10493	dispatch_ok	180
/work/work/shared/s-neomics/data/analyse/PED14616	PED14616	analysis_not_ended	180
/work/work/shared/s-neomics/data/analyse/PED14616	PED14616	no_archive_log	183
/work/work/shared/s-neomics/data/analyse/PED14618	dijex10494	dispatch_ok	565
/work/work/shared/s-neomics/data/analyse/PED14618	PED14618	analysis_not_ended	566
/work/work/shared/s-neomics/data/analyse/PED14618	PED14618	no_archive_log	576
/work/work/shared/s-neomics/data/analyse/PED14621	dijex10498	dispatch_ok	180
/work/work/shared/s-neomics/data/analyse/PED14621	PED14621	analysis_not_ended	180
/work/work/shared/s-neomics/data/analyse/PED14621	PED14621	no_archive_log	183
/work/work/shared/s-neomics/data/analyse/PED14637	dijex10499	dispatch_ok	180
/work/work/shared/s-neomics/data/analyse/PED14637	PED14637	analysis_not_ended	180
/work/work/shared/s-neomics/data/analyse/PED14637	PED14637	no_archive_log	183
/work/work/shared/s-neomics/data/analyse/PED20600	PED20600	analysis_ok	559
/work/work/shared/s-neomics/data/analyse/PED20600	PED20600	archive_in_progress	1
/work/work/shared/s-neomics/data/analyse/PED20599	PED20599	analysis_ok	558
/work/work/shared/s-neomics/data/analyse/PED20599	PED20599	archive_in_progress	1
/work/work/shared/s-neomics/data/analyse/PED20600	PED20600	archive_success	558
/work/work/shared/s-neomics/data/analyse/PED20600	dijnbs700	archive_success	558
/work/work/shared/s-neomics/data/analyse/PED20599	PED20599	archive_success	557
/work/work/shared/s-neomics/data/analyse/PED20599	dijnbs699	archive_success	557
/work/work/shared/s-neomics/data/analyse/PED20601	dijnbs701	dispatch_ok	386
/work/work/shared/s-neomics/data/analyse/PED20601	PED20601	analysis_not_ended	29
/work/work/shared/s-neomics/data/analyse/PED20601	PED20601	no_archive_log	29
/work/work/shared/s-neomics/data/analyse/PED14614	dijen2254	dispatch_ok	1172
/work/work/shared/s-neomics/data/analyse/PED14614	PED14614	analysis_not_ended	1174
/work/work/shared/s-neomics/data/analyse/PED14614	PED14614	no_archive_log	1195
/work/work/shared/s-neomics/data/analyse/PED14615	dijen2255	dispatch_ok	1174
/work/work/shared/s-neomics/data/analyse/PED14615	PED14615	analysis_not_ended	1176
/work/work/shared/s-neomics/data/analyse/PED14615	PED14615	no_archive_log	1197
/work/work/shared/s-neomics/data/analyse/PED14642	dijen2256	dispatch_ok	386
/work/work/shared/s-neomics/data/analyse/PED14642	PED14642	analysis_not_ended	386
/work/work/shared/s-neomics/data/analyse/PED14642	PED14642	no_archive_log	393
/work/work/shared/s-neomics/data/analyse/PED14643	dijen2257	dispatch_ok	1173
/work/work/shared/s-neomics/data/analyse/PED14643	PED14643	analysis_not_ended	1175
/work/work/shared/s-neomics/data/analyse/PED14643	PED14643	no_archive_log	1196
/work/work/shared/s-neomics/data/analyse/PED20601	PED20601	analysis_ok	379
/work/work/shared/s-neomics/data/analyse/PED20601	PED20601	archive_in_progress	2
/work/work/shared/s-neomics/data/analyse/PED20601	PED20601	archive_success	377
/work/work/shared/s-neomics/data/analyse/PED20601	dijnbs701	archive_success	372
/work/work/shared/s-neomics/data/analyse/PED20602	dijnbs702	dispatch_ok	22
/work/work/shared/s-neomics/data/analyse/PED20602	PED20602	analysis_not_ended	12
/work/work/shared/s-neomics/data/analyse/PED20602	PED20602	no_archive_log	12
/work/work/shared/s-neomics/data/analyse/PED20601	dijnbs703	dispatch_ok	22
/work/work/shared/s-neomics/data/analyse/PED20602	PED20602	analysis_ok	10
/work/work/shared/s-neomics/data/analyse/PED20602	PED20602	archive_in_progress	1
/work/work/shared/s-neomics/data/analyse/PED20602	PED20602	archive_success	9
/work/work/shared/s-neomics/data/analyse/PED20602	dijnbs702	archive_success	9
/work/work/shared/s-neomics/data/analyse/PED20601	dijnbs703	archive_success	5
/work/work/shared/s-neomics/data/analyse/PED9040	PED9040	analysis_failed	704
/work/work/shared/s-neomics/data/analyse/PED4438	PED4438	analysis_failed	94
/work/work/shared/s-neomics/data/analyse/PED1313	PED1313	analysis_failed	5